User,FitnessLevel,RecoveryRate,WorkoutGoal,Age,Gender,Set,Rep,RepSpeed,ForceOutput,HeartRate,GripStrength,FatigueLevel,VelocityLoss,WorkCapacity,RelativeIntensity,Density
28,Beginner,0.9584665966346795,Strength,24,Male,0,2,1.0658775162820988,55.93262693988427,79.88781974009713,50.0,Low,3.8613823764753334,59.61732948181706,1.1186525164246353,62.20067291908695
42,Advanced,0.9641477125393119,Hypertrophy,21,Female,3,0,1.0095224396103544,55.827531314299364,85.6929558149821,24.775199988253515,Low,0.0,56.35914560983495,2.2533634072542323,58.454826394363906
47,Beginner,1.0237145374607064,Strength,32,Female,0,6,0.6775378516222048,49.95615255796249,88.55817375181444,43.45431208133288,Low,14.802356010880882,33.847184279433016,1.149624721128607,33.06307566981925
14,Beginner,0.8551502794715188,Strength,43,Male,2,0,0.5478880516673297,46.61004230028675,85.0103113550766,38.916735195406545,Low,0.0,25.53708526403593,1.1976863133190565,29.862652231331257
41,Advanced,0.7129989497915796,Endurance,22,Male,1,0,1.368464011539013,82.52509798059924,92.58088040765011,45.55944187757166,Low,0.0,112.93262663518094,1.8113719740244083,158.39079184815202
37,Beginner,0.9734386164236759,Hypertrophy,31,Male,4,0,0.3390519063450126,29.612938685011873,103.27751822790157,20.311391474351836,Low,0.0,10.040323313631246,1.4579472442574057,10.31427439795232
24,Intermediate,1.0168633682422321,Strength,27,Female,0,3,0.9367086368994165,61.69737643084855,74.72571598727212,45.014875226211664,Low,14.600636737096389,57.792465376810334,1.3705997128772034,56.83399594059069
26,Intermediate,0.9581492079931055,Strength,30,Female,0,1,1.1103012129731054,93.66455474643767,72.74592996378966,50.0,Low,4.308682141114692,103.99586874755558,1.8732910574629325,108.53816852514203
12,Advanced,0.9620004503267581,Hypertrophy,31,Female,1,1,1.3253428475790254,77.72297275246255,79.79701765766903,43.59563577572709,Low,4.473596743201098,103.00958603005573,1.782815403117054,107.07841032367153
48,Advanced,0.9665210570610695,Hypertrophy,26,Male,4,0,0.6372357434171099,43.221649332768,101.87939713429135,19.853933067316174,Low,0.0,27.54237984428005,2.176981609096813,28.496380028852034
4,Intermediate,0.8685521998038728,Strength,30,Male,4,0,0.35658339072976386,30.412747520650395,100.97705142498316,20.337865048746025,Low,0.0,10.844680632321737,1.4953755446985824,12.48591408651832
8,Intermediate,0.9755399554084354,Endurance,24,Male,4,0,0.5154448415955224,24.665964245952434,101.53192666523107,20.62254380103657,Low,0.0,12.713944033555771,1.196067919062667,13.032711710430188
0,Intermediate,0.833217982292962,Strength,32,Male,3,1,0.83129419317549,64.28975833165806,93.09560932988242,28.535789400232634,Low,0.5212728832279054,53.44370278176293,2.252951729388016,64.14124487981478
21,Intermediate,0.7976572398541362,Endurance,27,Male,3,0,0.6500703101445747,50.004363519899435,98.05925809477094,28.092183311416356,Low,0.0,32.50635210196308,1.7800098050609119,40.752230062723804
22,Beginner,1.0206059258197335,Endurance,23,Female,0,2,0.9709938511711245,41.417949861497746,85.41615151804841,48.562593852820214,Low,-4.038823011271752,40.216574643628235,0.8528776105771138,39.404567641285595
32,Advanced,0.7947734188111895,Strength,27,Male,4,0,0.44551820267221154,39.7633374141437,97.56666168173585,19.863892682379625,Low,0.0,17.715290616998004,2.0017896818193295,22.289709127146097
24,Intermediate,1.0168633682422321,Strength,27,Female,1,1,0.9932178835759932,69.21674184646776,81.72571598727212,38.73440600391088,Low,-3.46033212139146,68.74730584477459,1.7869575708098278,67.60715390550293
46,Beginner,0.9303397327885133,Strength,41,Female,1,2,0.8035791598822288,60.10434047827623,84.60632072590371,41.896725684345995,Low,0.12318225971531555,48.29859542680865,1.4345832057742403,51.91495301086422
27,Intermediate,0.849802801870305,Hypertrophy,22,Male,4,0,0.5590832901339845,26.97164546614202,102.46905469457332,20.726641729805735,Low,0.0,15.079396287538048,1.3013031496584695,17.74456204402746
38,Intermediate,0.9337588884799567,Strength,31,Male,2,1,0.8576531474800411,78.43716932422053,82.50529364365697,34.756265781815486,Low,2.496885306897527,67.27188515034267,2.256777743611375,72.04409396922458
21,Intermediate,0.7976572398541362,Endurance,27,Male,0,3,0.9269792425345442,90.19711851755413,79.05925809477094,50.0,Low,1.9514992393085775,83.61085660220084,1.803942334272236,104.82040104981596
27,Intermediate,0.849802801870305,Hypertrophy,22,Male,0,6,1.002337131410145,59.90548052640939,77.46905469457332,43.93504919120818,Low,13.104334829093553,60.04548750658749,1.3635009011187393,70.65805939492783
43,Intermediate,0.9951094359398727,Hypertrophy,21,Male,2,1,0.8261664940208624,66.42624941177107,83.90419751209178,33.66809176351444,Low,4.463303163000513,54.87914158747827,1.9729733394270588,55.14879515422369
40,Intermediate,1.057182432191474,Endurance,35,Male,1,4,1.1366659605529044,55.53805060342134,110.0,42.69460501326803,Low,10.972844014448551,63.12821163637373,1.3008212462755133,59.71358395724474
42,Advanced,0.9641477125393119,Hypertrophy,21,Female,0,3,1.3844225497936293,82.34740379009452,70.6929558149821,47.418105173274945,Low,1.4457034027561968,114.00360272396823,1.7366236325251194,118.24275782489299
36,Advanced,1.110462061680402,Endurance,24,Female,0,7,1.210180832140984,83.33038109986569,88.30555371460706,43.432602495479465,Low,13.86014314350421,100.84482994206078,1.9186135389866477,90.81331331224824
3,Beginner,1.0293767882646523,Strength,22,Male,0,5,0.7208215188790132,68.85742387365923,80.28014867156938,50.0,Low,14.934099288712115,49.63391286270707,1.3771484499302156,48.21739251473554
20,Intermediate,1.2198364576547065,Hypertrophy,26,Female,1,0,0.9381858513310003,91.01220042116276,87.79882480975886,41.70912428632483,Low,0.0,85.38635873363621,2.182069266530577,69.99814458706852
43,Intermediate,0.9951094359398727,Hypertrophy,21,Male,1,0,0.9566293775990763,84.71761306825715,80.90419751209178,48.80825386572305,Low,0.0,81.04335746116621,1.7357230513839257,81.44157124090604
10,Intermediate,0.965530055413721,Endurance,23,Male,0,2,1.0914060890546144,83.51127311490069,92.60900750988625,50.0,Low,5.615588735586556,91.14471198230554,1.6702254288935052,94.3985296705458
9,Beginner,0.8121409833380322,Strength,32,Female,0,5,0.7483368584565449,25.072134742749792,85.18369275866755,40.2157743879148,Low,10.804924902726459,18.76240254818857,0.6234402917986307,23.102367483912264
34,Intermediate,1.0856711863057111,Strength,24,Female,2,1,0.7421948980053267,69.96064446729666,83.06238518786503,33.022803678568714,Low,13.610918611710785,51.92443338479217,2.11855549969988,47.82699054074406
27,Intermediate,0.849802801870305,Hypertrophy,22,Male,0,1,1.1774024791100561,83.61098930028757,67.46905469457332,50.0,Low,-2.072614482719422,98.44378608300296,1.6722197525613565,115.84295794669464
35,Intermediate,0.8947243672464342,Strength,19,Male,0,2,0.8251192982248307,134.68559899874052,70.70290958591977,50.0,Low,2.544435333257205,111.13168692683173,2.6937119261005718,124.20759597869178
10,Intermediate,0.965530055413721,Endurance,23,Male,0,5,0.9909088259570549,69.7049512685943,95.60900750988625,46.80100427279456,Low,14.306556383901894,69.0712514249565,1.489390043275712,71.53705832419871
36,Advanced,1.110462061680402,Endurance,24,Female,2,1,1.1157617310029564,80.33456878231082,95.30555371460706,26.63396256024989,Low,5.423285146748893,89.63423752392718,3.0162453515633287,80.7178920371189
33,Intermediate,1.1584151877504985,Hypertrophy,36,Female,4,1,0.44736281508259845,34.55933006444499,118.07936245061157,17.181280392730734,Low,3.4631269009825396,15.460559184998791,2.011452421649224,13.346290692830609
22,Beginner,1.0206059258197335,Endurance,23,Female,1,3,0.758619072802542,24.82850701889802,102.41615151804841,34.5851110814816,Low,9.793715048913217,18.835378973747822,0.7178958090522513,18.455076579673
43,Intermediate,0.9951094359398727,Hypertrophy,21,Male,0,4,1.0138932387532793,87.9888522950632,74.90419751209178,50.0,Low,6.326291436255286,89.21130242762554,1.7597770107057238,89.64965013492828
40,Intermediate,1.057182432191474,Endurance,35,Male,0,3,1.356631227344465,74.7071356569447,102.0,50.0,Low,7.433507986294294,101.35003313767032,1.4941426832560405,95.86797338242253
0,Intermediate,0.833217982292962,Strength,32,Male,0,7,0.9623685601529388,74.43166358281705,81.09560932988242,49.516372313440215,Low,12.955202056346868,71.63069291198357,1.5031727608898628,85.96862821687137
6,Intermediate,0.8393118775460912,Strength,30,Female,0,0,1.1079230338519612,75.87789462655417,71.96955986618076,49.36029660582367,Low,0.0,84.06686721695132,1.537225225676149,100.16153625896769
45,Beginner,1.18560546903454,Endurance,27,Female,2,2,0.9284033928469466,29.354678586540025,114.47666083122172,29.049114823964683,Low,2.5574956924581236,27.25298319567537,1.0105188317753637,22.986533818314903
26,Intermediate,0.9581492079931055,Strength,30,Female,0,0,1.1602946200515825,101.43966903294985,66.74592996378966,48.39599875332992,Low,0.0,117.69990223874483,2.0960341670794853,122.840762603677
18,Beginner,0.8990066322300064,Hypertrophy,24,Male,1,3,0.8868823559449256,51.71731591519158,91.12693282271981,41.40687367148002,Low,12.001499778667716,45.867174982013104,1.2490031263048482,51.019783745593635
9,Beginner,0.8121409833380322,Strength,32,Female,3,3,0.42496840842049843,20.0,110.18369275866755,22.373621591020854,Low,8.22548578538578,8.49936816840997,0.8939097778482482,10.46537224128744
32,Advanced,0.7947734188111895,Strength,27,Male,0,0,1.0286742987624014,131.75145375766303,70.56666168173585,50.0,Low,0.0,135.52933430509097,2.6350290224526804,170.52553667720397
16,Beginner,1.0207447175199866,Strength,25,Male,3,0,0.5856247092797848,28.682618381112775,92.15987783353704,29.73647708038909,Low,0.0,16.797250050822182,0.9645600364499344,16.45586139869677
33,Intermediate,1.1584151877504985,Hypertrophy,36,Female,1,1,0.9347238320618706,92.76260603538454,96.07936245061157,41.239922229012386,Low,0.6201438865344543,86.70741858544024,2.2493399301511268,74.84997145440049
44,Beginner,1.0076257789914758,Strength,31,Female,0,6,0.899517310746815,45.566469883011216,88.55672301694133,43.85086269444855,Low,14.163332554112303,40.987828449391984,1.0391236578717573,40.6775894646392
18,Beginner,0.8990066322300064,Hypertrophy,24,Male,2,1,0.7686724185409879,42.85362318769965,95.12693282271981,38.44629498248788,Low,1.3773811430754503,32.94039817893324,1.1146359380685018,36.64084374592452
9,Beginner,0.8121409833380322,Strength,32,Female,1,0,0.8223615875882961,25.75177990219425,87.18369275866755,42.92295258430247,Low,0.0,21.177274603592842,0.5999535854776787,26.075827919338547
47,Beginner,1.0237145374607064,Strength,32,Female,2,2,0.5607838496796206,36.06871837526863,93.55817375181444,32.18444784633866,Low,4.151316561332689,20.226754743493213,1.1206877752505573,19.75817891136539
37,Beginner,0.9734386164236759,Hypertrophy,31,Male,2,1,0.6219399890182077,56.875939612405396,87.27751822790157,37.73434637795415,Low,6.381560692925069,35.373421257939654,1.507272380855711,36.33858809640214
9,Beginner,0.8121409833380322,Strength,32,Female,2,2,0.6002214612376666,20.0,101.18369275866755,33.88862878323083,Low,10.748662184899638,12.004429224753332,0.5901684467011599,14.781195247921092
23,Intermediate,1.20864585370021,Strength,19,Male,1,1,0.795897571554701,118.16176381057264,71.40666640189394,42.37833901158119,Low,12.283691649428741,94.04466086745491,2.7882584305633795,77.80987521668719
41,Advanced,0.7129989497915796,Endurance,22,Male,2,1,1.210935147071664,68.57586109831972,99.58088040765011,36.19111892309231,Low,2.1545193659511614,83.04092044465979,1.89482561589822,116.46693729632642
10,Intermediate,0.965530055413721,Endurance,23,Male,0,3,1.1254747819938438,89.03861870870709,91.60900750988625,49.55877620589958,Low,2.669340260463443,100.21071998021509,1.7966266265768105,103.7881893268319
0,Intermediate,0.833217982292962,Strength,32,Male,1,1,0.9101418735637635,72.23748920833805,77.09560932988242,47.01181210751812,Low,3.5949429594663354,65.74636376961894,1.5365816468964446,78.90646416706616
43,Intermediate,0.9951094359398727,Hypertrophy,21,Male,1,2,0.968141963686608,82.92242173913672,82.90419751209178,41.402174990981486,Low,-1.2034531195796732,80.2806762161769,2.002851776611922,80.67514249345857
7,Beginner,1.157516589416337,Strength,23,Female,0,2,0.9632019667886811,67.50539154004369,83.51234611250892,47.33834823741896,Low,-0.9733955984468573,65.02132590021007,1.4260191288352644,56.1730780549056
16,Beginner,1.0207447175199866,Strength,25,Male,0,3,0.9177109752482447,56.71236323760509,72.15987783353704,47.0059239142263,Low,1.1093629447149869,52.045558175415266,1.2064939332879958,50.98778009264212
25,Intermediate,0.7294894398659109,Endurance,38,Male,4,1,0.4380649745478426,20.0,116.06375317010524,19.17512699084276,Low,14.84087146389209,8.761299490956851,1.0430178098185923,12.01016355000798
36,Advanced,1.110462061680402,Endurance,24,Female,0,2,1.409338439948699,109.36729113898303,77.30555371460706,49.50681259829188,Low,-0.3157612939246314,154.1355274752295,2.209136140863578,138.80293077194733
34,Intermediate,1.0856711863057111,Strength,24,Female,1,1,0.8375107525666953,74.43763768271708,77.06238518786503,43.67087833920108,Low,-3.494866848942641,62.34232195493938,1.7045142852412931,57.422786308154166
31,Advanced,0.905313829563895,Strength,34,Female,1,0,1.1968731098168017,125.84291988845958,82.64909681133815,44.97215300008121,Low,0.0,150.61800687532727,2.7982408823075797,166.3708601215363
0,Intermediate,0.833217982292962,Strength,32,Male,3,0,0.8356502111247199,63.653497155247855,90.09560932988242,26.831160483444343,Low,0.0,53.19205833660963,2.3723720344541936,63.83923010278606
26,Intermediate,0.9581492079931055,Strength,30,Female,1,3,0.961085052139061,71.68203050729868,78.74592996378966,37.23169170483609,Low,12.975589156041112,68.89252802754092,1.9252960394676812,71.90159481553506
17,Intermediate,1.073947968777169,Endurance,29,Female,2,6,0.716268808578634,37.41383450621781,117.16924012894799,25.75949115173938,Low,14.73580947010173,26.798362666126813,1.4524290419169419,24.953106195204274
16,Beginner,1.0207447175199866,Strength,25,Male,0,7,0.8727545485505489,49.308147438437395,79.15987783353704,43.87394894840014,Low,5.953774525018649,43.033909957497336,1.1238593173495521,42.15928533313168
40,Intermediate,1.057182432191474,Endurance,35,Male,0,4,1.395680853613087,71.88032064736414,98.0,49.80541266157549,Low,4.769049992644723,100.32198727909558,1.4432230426954427,94.89553489419947
8,Intermediate,0.9755399554084354,Endurance,24,Male,4,2,0.4746640556329483,22.792861153768555,112.53192666523107,16.772106494429217,Low,7.911765269847329,10.818951914726464,1.3589741874322654,11.090207801882423
27,Intermediate,0.849802801870305,Hypertrophy,22,Male,1,4,1.047684419474146,62.62052220521627,86.46905469457332,41.904138693290406,Low,9.592011064758637,65.60654545373987,1.4943755596357686,77.20199098821233
38,Intermediate,0.9337588884799567,Strength,31,Male,0,1,1.104293086661022,114.3022168852391,64.50529364365697,50.0,Low,-0.6190551478084452,126.22314789639829,2.2860442919838966,135.17730784289057
40,Intermediate,1.057182432191474,Endurance,35,Male,0,2,1.389551282597127,81.01526426791457,100.0,50.0,Low,5.18728663283097,112.5748643734259,1.6203052529521864,106.48564945826418
13,Beginner,1.0978969610765617,Endurance,20,Male,0,3,0.7205571010287338,66.31945905648234,84.14999772290562,50.0,Low,8.360725051265126,47.786957159532726,1.3263891546018638,43.52586383590189
44,Beginner,1.0076257789914758,Strength,31,Female,2,3,0.852213053758024,38.079327324748846,99.55672301694133,28.76337335726038,Low,1.8364392882951468,32.45169982447558,1.323882478174434,32.20607123696751
14,Beginner,0.8551502794715188,Strength,43,Male,3,1,0.39169636292046095,28.78436949065303,98.0103113550766,28.01539257688401,Low,6.33585479413217,11.274732838447473,1.0274483352039543,13.184489234951771
15,Advanced,1.1536748423298229,Strength,27,Male,2,2,1.0018104147645535,107.26007212286996,71.30419132231759,35.506210709164264,Low,6.98845438407156,107.45425734108827,3.020881895299064,93.1407709154131
46,Beginner,0.9303397327885133,Strength,41,Female,3,2,0.4683347319930235,28.23689437762127,95.60632072590371,23.501935736068408,Low,11.333552358635487,13.22431836065857,1.2014709551271203,14.214489266767108
23,Intermediate,1.20864585370021,Strength,19,Male,2,3,0.6554525514402121,85.07354344280428,84.40666640189394,32.54619099789669,Low,11.841316246255392,55.76167110964579,2.6139323288052316,46.13561929932992
7,Beginner,1.157516589416337,Strength,23,Female,2,0,0.8225520264714198,53.08163010652105,97.51234611250892,32.69323326608093,Low,0.0,43.66240241252521,1.623627374229933,37.72072477493962
21,Intermediate,0.7976572398541362,Endurance,27,Male,0,4,0.8433984581146209,77.73959611540717,86.05925809477094,47.00253460434811,Low,10.792010686328007,65.56545549818777,1.6539447311905369,82.19742769807958
32,Advanced,0.7947734188111895,Strength,27,Male,0,5,0.9116423535859747,97.35201275651421,73.56666168173585,48.45118153729312,Low,11.376967939923052,88.75021803568045,2.0092804273988953,111.66717993821639
34,Intermediate,1.0856711863057111,Strength,24,Female,1,3,0.7235661685321791,63.15115818842719,77.06238518786503,37.057035122785386,Low,10.585763777792256,45.69404156876981,1.7041610661786635,42.08824923870986
17,Intermediate,1.073947968777169,Endurance,29,Female,1,0,0.8902989372784191,52.012137728751874,93.16924012894799,43.909312338568995,Low,0.0,46.306350945486564,1.1845354384775937,43.11783175155184
29,Beginner,0.9068899380096165,Hypertrophy,24,Male,3,2,0.569079952831401,32.776732787262226,97.32556653643316,25.304906292710285,Low,14.553154338096979,18.65258154854262,1.295271798790758,20.567612671794976
3,Beginner,1.0293767882646523,Strength,22,Male,4,2,0.3175567428168113,26.672299330376223,106.28014867156938,16.963172566857356,Low,11.991333758636868,8.46996849878929,1.5723649366229768,8.228240977559999
19,Intermediate,0.8216554870697557,Endurance,29,Male,1,2,1.141301436243981,56.617617857436656,95.04559104152717,39.65761332360185,Low,8.397359374643194,64.61776857740533,1.4276607108900452,78.64328900736776
26,Intermediate,0.9581492079931055,Strength,30,Female,1,0,1.1043855888462797,81.66779492157806,77.74592996378966,39.83930283965585,Low,0.0,90.1927357842442,2.04993027112804,94.13214653802298
13,Beginner,1.0978969610765617,Endurance,20,Male,2,2,0.5959673005359839,52.50029138892956,96.14999772290562,35.20318435267246,Low,8.979748683418062,31.28845693641291,1.4913505940718512,28.498510832220244
23,Intermediate,1.20864585370021,Strength,19,Male,3,3,0.5872704883342527,75.99669641351349,93.40666640189394,26.633654383584656,Low,6.35512933093017,44.63061701455401,2.853408415742781,36.92610201062426
45,Beginner,1.18560546903454,Endurance,27,Female,1,0,1.129415980497191,44.64173121218346,96.47666083122172,40.34474814866598,Low,0.0,50.41908462810024,1.106506600095184,42.525986442328865
47,Beginner,1.0237145374607064,Strength,32,Female,0,0,0.7952542111478288,67.18634890993361,77.55817375181444,50.0,Low,0.0,53.43022690227204,1.3437269513241332,52.19245478563705
49,Beginner,1.1383189852792346,Endurance,18,Female,0,2,1.082404104668488,63.13523147223509,108.05413208918489,49.691460608750695,Low,-3.61778974408793,68.33783369474237,1.2705448668291324,60.03393999796887
38,Intermediate,0.9337588884799567,Strength,31,Male,4,0,0.5055414009268784,37.87958966792308,98.50529364365697,21.091913061902517,Low,0.0,19.149700827257142,1.7959294522417701,20.508163890430588
27,Intermediate,0.849802801870305,Hypertrophy,22,Male,0,4,1.1039072916604002,71.44348346504356,79.46905469457332,50.0,Low,4.298907633111539,78.86698233868081,1.4288696407234784,92.80610673323076
11,Beginner,0.8656665859680498,Hypertrophy,37,Female,3,0,0.5900135646375727,24.20710140372609,107.96248279515736,25.746893515048313,Low,0.0,14.28251818875562,0.9401949967044662,16.498848311137714
47,Beginner,1.0237145374607064,Strength,32,Female,3,2,0.4796619128331371,30.906485020189596,105.55817375181444,22.414423051378364,Low,9.148484605578489,14.824663723732838,1.3788659012315339,14.48123348846003
23,Intermediate,1.20864585370021,Strength,19,Male,3,1,0.66265495848856,89.13539598731309,86.40666640189394,28.478432784061013,Low,-5.66551379397778,59.06601212783432,3.1299261983010083,48.86953699255227
48,Advanced,0.9665210570610695,Hypertrophy,26,Male,1,5,1.0940336191012163,82.10268020247999,85.87939713429135,39.55001802826545,Low,10.819627046378443,89.82309235982896,2.075920118870314,92.93434299156766
33,Intermediate,1.1584151877504985,Hypertrophy,36,Female,0,4,0.9204020216207879,92.41691920290978,89.07936245061157,43.95545161407421,Low,7.898391504760796,85.06071926632318,2.1025131970389173,73.42846221054681
35,Intermediate,0.8947243672464342,Strength,19,Male,3,3,0.5756175483475632,66.47083291548131,97.70290958591977,24.4963841011695,Low,13.814623708731464,38.26177787942986,2.7134955888780454,42.76371195016248
19,Intermediate,0.8216554870697557,Endurance,29,Male,0,1,1.3430780055570533,78.50205505720072,78.04559104152717,50.0,Low,3.183236905861822,105.43438353835514,1.570041069743193,128.31929790314445
7,Beginner,1.157516589416337,Strength,23,Female,1,4,0.775596396314585,51.897752084072835,93.51234611250892,36.3015064438688,Low,11.070287222235367,40.251709493234635,1.4296307712377985,34.774166596924914
37,Beginner,0.9734386164236759,Hypertrophy,31,Male,1,1,0.6818826959383165,70.98703984293974,80.27751822790157,43.17500401581944,Low,9.498378362160407,48.404834104784435,1.6441698111425789,49.72556416248926
9,Beginner,0.8121409833380322,Strength,32,Female,0,2,0.7802483308084559,26.720265114720803,82.18369275866755,45.16479468306246,Low,7.00136218798339,20.84844225452032,0.5916170927070382,25.67093277068367
8,Intermediate,0.9755399554084354,Endurance,24,Male,1,4,0.9573823935053867,54.07012358865501,87.53192666523107,40.912822648350534,Low,14.498090060773105,51.7657843384386,1.321593543711201,53.06367103446264
12,Advanced,0.9620004503267581,Hypertrophy,31,Female,3,2,0.8126170182105493,37.277418187766415,94.79701765766903,22.417383917666466,Low,14.063104989263547,30.292264414330443,1.6628798731286984,31.488792874523448
1,Intermediate,0.9333251883671226,Strength,18,Male,0,3,1.1464604895085275,85.74527945292297,71.32876454424816,45.69663770170252,Low,2.4390212322397145,98.30357505464356,1.8764023326233918,105.32606529195125
1,Intermediate,0.9333251883671226,Strength,18,Male,2,2,0.8492231914562085,55.81899567465528,81.32876454424816,34.91446128465698,Low,14.244892838760098,47.40278565071105,1.5987356534253347,50.78908771824286
41,Advanced,0.7129989497915796,Endurance,22,Male,0,2,1.4794765342348375,89.38761412210478,87.58088040765011,50.0,Low,3.242208169504034,132.24687754489258,1.7877522466870508,185.47950470901196
43,Intermediate,0.9951094359398727,Hypertrophy,21,Male,1,4,0.833420455417483,66.3772686236113,86.90419751209178,38.778015804880624,Low,12.879483430753494,55.32017344565873,1.7117241698460717,55.591994061854386
21,Intermediate,0.7976572398541362,Endurance,27,Male,2,1,0.7303020151354298,61.89858064025852,94.05925809477094,32.23092094164748,Low,5.034424726446753,45.204658175603704,1.9204719229664884,56.67171216568897
28,Beginner,0.9584665966346795,Strength,24,Male,0,0,1.1086882073299997,61.74020321929342,70.88781974009713,50.0,Low,0.0,68.4506352273883,1.2348040396897877,71.41674425690398
39,Intermediate,0.8988570935172121,Strength,18,Male,0,2,0.9104214712455027,110.32764741188613,64.0594535110225,49.00091753088585,Low,2.9660972566430694,100.44465907578444,2.2515424347065114,111.74695961488946
32,Advanced,0.7947734188111895,Strength,27,Male,1,1,0.9402885427877781,101.78607819192679,77.56666168173585,43.26726627292991,Low,-1.8068978210850954,95.70828313916968,2.35249611559381,120.42194725181085
11,Beginner,0.8656665859680498,Hypertrophy,37,Female,1,4,0.8027017473744943,34.122379675007345,102.96248279515736,37.632626529303735,Low,9.939630775298406,27.390093789704324,0.9067232854904157,31.640428998014073
22,Beginner,1.0206059258197335,Endurance,23,Female,2,4,0.7285561713401205,25.402345884907586,113.41615151804841,29.057612939731392,Low,14.962938593267378,18.507035860965736,0.8742061869771818,18.13336299486819
33,Intermediate,1.1584151877504985,Hypertrophy,36,Female,1,3,0.8458986449427274,85.641061980393,98.07936245061157,34.86879285279051,Low,10.064039518980259,72.44365828067058,2.4560947631843377,62.53681452893648
40,Intermediate,1.057182432191474,Endurance,35,Male,4,2,0.6369207043082156,25.530729228461492,132.0,16.261835722145367,Low,10.32159633099739,16.261050041694038,1.5699782050876054,15.381483994680012
47,Beginner,1.0237145374607064,Strength,32,Female,0,5,0.6953657669273545,48.96735400276857,84.55817375181444,37.32522340328041,Low,12.5605677807478,34.050221670538434,1.311910505177431,33.26140946829714
24,Intermediate,1.0168633682422321,Strength,27,Female,4,0,0.5253394428966672,28.09649649172258,98.72571598727212,19.42390507617321,Low,0.0,14.760197814309706,1.4464905452867591,14.515404684524858
42,Advanced,0.9641477125393119,Hypertrophy,21,Female,4,0,0.6304562939384549,28.850964253662426,95.6929558149821,18.664597719821924,Low,0.0,18.189271999914855,1.5457586143024074,18.865629091604696
41,Advanced,0.7129989497915796,Endurance,22,Male,2,4,1.1036716791358747,59.09793220716255,111.58088040765011,32.6516959720785,Low,10.821577713404576,65.22471407253718,1.8099497939632072,91.47926881566165
39,Intermediate,0.8988570935172121,Strength,18,Male,2,2,0.7371042217417932,79.0131879012022,84.0594535110225,33.82125303022114,Low,-1.254599304575201,58.24095437525372,2.3361992382245673,64.79438166636308
31,Advanced,0.905313829563895,Strength,34,Female,0,3,1.2106372369231941,119.88937856708178,76.64909681133815,44.16957479192521,Low,2.1828980539202214,145.1425460048907,2.7142977132463013,160.32273112637318
46,Beginner,0.9303397327885133,Strength,41,Female,4,4,0.47939885145992983,29.383984296807096,107.60632072590371,15.0,Low,14.739706367329367,14.086648323205935,1.9589321558583295,15.141386189750047
7,Beginner,1.157516589416337,Strength,23,Female,0,0,0.9539165847399677,77.36824312885912,78.51234611250892,48.83224148302306,Low,0.0,73.80285025281276,1.5843680157788544,63.759592880162515
48,Advanced,0.9665210570610695,Hypertrophy,26,Male,1,1,1.233879081110793,97.45061639184406,79.87939713429135,42.86112328095694,Low,-0.5799042295719854,120.24227700724893,2.2736364952316723,124.40717325466214
47,Beginner,1.0237145374607064,Strength,32,Female,0,2,0.779738764956517,62.12280468436211,77.55817375181444,49.186090242612295,Low,1.9510045937282936,48.43955900021944,1.2630156842091593,47.31740139489552
48,Advanced,0.9665210570610695,Hypertrophy,26,Male,0,5,1.2651294466476184,110.36282898532718,79.87939713429135,47.15519894439208,Low,3.76887689591249,139.6232647646727,2.340416944800847,144.45947068112346
19,Intermediate,0.8216554870697557,Endurance,29,Male,3,1,0.8113345461303166,35.208282964083466,108.04559104152717,25.402298097087865,Low,4.576734313993345,28.565696278692418,1.386027415452319,34.76598399480206
3,Beginner,1.0293767882646523,Strength,22,Male,0,2,0.836584159697908,88.54206861231658,80.28014867156938,50.0,Low,1.2726684739233647,74.07289206794938,1.770841336829505,71.95889877595192
46,Beginner,0.9303397327885133,Strength,41,Female,1,6,0.7315969432240468,49.22130986461101,86.60632072590371,38.319127216441004,Low,9.069848739673048,36.01015983843303,1.2845101690881469,38.70642074382754
44,Beginner,1.0076257789914758,Strength,31,Female,4,1,0.35753966006846316,20.0,106.55672301694133,18.574516204408756,Low,10.716534219493196,7.150793201369263,1.076744002544136,7.096668479301855
16,Beginner,1.0207447175199866,Strength,25,Male,2,0,0.8137617133359917,46.28339541231177,85.15987783353704,38.9169505971032,Low,0.0,37.663655149730005,1.1892862496392675,36.89817601315828
12,Advanced,0.9620004503267581,Hypertrophy,31,Female,0,0,1.3859150598010521,83.93238212288637,68.79701765766903,49.33571540597136,Low,0.0,116.32315238908481,1.7012498902869404,120.91785552877693
44,Beginner,1.0076257789914758,Strength,31,Female,0,2,1.0718182208922438,56.79172541735602,74.55672301694133,42.19334324716142,Low,-2.2785254825028276,60.87040609823135,1.3459877720210982,60.40967485913383
14,Beginner,0.8551502794715188,Strength,43,Male,2,1,0.5114665949981335,44.90349350118857,87.0103113550766,37.458445954575886,Low,6.6476092257092665,22.966636924573734,1.198754811048118,26.856811743025226
29,Beginner,0.9068899380096165,Hypertrophy,24,Male,0,1,0.9034249963803921,71.02230553526778,76.32556653643316,50.0,Low,-0.418278546480127,64.16332612112639,1.420446082296434,70.75087359671689
0,Intermediate,0.833217982292962,Strength,32,Male,3,2,0.7513432446312026,57.513137787415154,90.09560932988242,26.695828503881643,Low,10.088786596493133,43.21210755411793,2.1543866160462475,51.86164558469509
16,Beginner,1.0207447175199866,Strength,25,Male,3,1,0.5281443084636496,26.9613566213669,95.15987783353704,28.630586749940477,Low,9.81522806420276,14.239487048033661,0.9416976297115295,13.950082575541002
28,Beginner,0.9584665966346795,Strength,24,Male,4,0,0.5378808952367862,22.408126561525666,106.88781974009713,20.361374872230382,Low,0.0,12.052903175492633,1.1005212369801944,12.575180650667948
34,Intermediate,1.0856711863057111,Strength,24,Female,0,2,0.8655108442173276,81.03446551939984,68.06238518786503,49.0126238488578,Low,10.062582249319872,70.13620866239569,1.653338619779885,64.60164453604806
21,Intermediate,0.7976572398541362,Endurance,27,Male,2,0,0.7690176287899664,64.65584405106232,90.05925809477094,40.53198758834931,Low,0.0,49.721483879561795,1.5951806536738067,62.334319881976164
28,Beginner,0.9584665966346795,Strength,24,Male,1,1,0.9559725822331573,44.74969010894058,81.88781974009713,41.66735739250214,Low,3.3510263728583336,42.7794768075775,1.0739747331089051,44.633200911311484
30,Advanced,1.2799937617940123,Strength,42,Male,1,1,0.9456455789081815,206.89433189641886,68.17749103702971,43.39575637961479,Low,-3.476407904144939,195.64871025901044,4.76761656874798,152.8511804101398
12,Advanced,0.9620004503267581,Hypertrophy,31,Female,1,2,1.2629033927078566,67.26037495328053,76.79701765766903,37.29084897015858,Low,8.974029635756716,84.94335572330053,1.8036696671463537,88.2985734527201
15,Advanced,1.1536748423298229,Strength,27,Male,4,0,0.5467494988078961,55.2372059912163,90.30419132231759,17.942048456624093,Low,0.0,30.20091469124603,3.078645286579737,26.177990023831956
49,Beginner,1.1383189852792346,Endurance,18,Female,1,3,0.8782637286932878,43.74543702969485,118.05413208918489,35.89764540747261,Low,11.626602028832204,38.42003063901722,1.2186157424679689,33.75152078138436
31,Advanced,0.905313829563895,Strength,34,Female,1,2,1.1113540406562534,103.9413537025874,81.64909681133815,40.02297496082158,Low,7.145207663127981,115.51564342865134,2.597042104123777,127.5972066913972
31,Advanced,0.905313829563895,Strength,34,Female,1,1,1.1872600675192535,122.03331054131374,83.64909681133815,36.77504940003092,Low,0.8031797371585727,144.8852765128782,3.318372353371707,160.03855430344802
3,Beginner,1.0293767882646523,Strength,22,Male,0,1,0.8153243832433329,90.80770975811636,75.28014867156938,50.0,Low,3.7815864039007128,74.0377399522758,1.816154158839244,71.9247498793327
17,Intermediate,1.073947968777169,Endurance,29,Female,4,0,0.4402890639955413,22.044032895936496,122.16924012894799,18.354956871764557,Low,0.0,9.705746610438801,1.200985207917412,9.037437431957368
31,Advanced,0.905313829563895,Strength,34,Female,4,0,0.5802174905127329,46.48319628552041,99.64909681133815,17.02180376649455,Low,0.0,26.970363499795436,2.7308030448696714,29.79114294724135
39,Intermediate,0.8988570935172121,Strength,18,Male,0,3,0.9324492444088756,114.8018737281389,67.0594535110225,47.188116876874,Low,0.618348586059404,107.04692041452626,2.432855534261542,119.09212498232506
7,Beginner,1.157516589416337,Strength,23,Female,1,0,0.8721453967278636,58.85155016881292,89.51234611250892,43.008306886066975,Low,0.0,51.32710857002911,1.3683763221914282,44.3424005296629
18,Beginner,0.8990066322300064,Hypertrophy,24,Male,3,2,0.6954209529118031,37.184389585596854,106.12693282271981,25.550744941438616,Low,-7.6830054765113065,25.85880363905949,1.4553152252706096,28.763719808380504
15,Advanced,1.1536748423298229,Strength,27,Male,1,1,1.051608004523002,123.29934633117989,63.30419132231759,42.24066703277108,Low,9.5481861495632,129.66257955432263,2.9189724517501006,112.39082487197784
49,Beginner,1.1383189852792346,Endurance,18,Female,0,8,0.9033354923218928,45.88099777450901,112.05413208918489,39.2906763721986,Low,13.524323579270083,41.44593371285577,1.1677324200822665,36.409739132085
42,Advanced,0.9641477125393119,Hypertrophy,21,Female,3,1,0.8589263334973882,41.93814106146333,87.6929558149821,24.35005902205673,Low,14.917559056051468,36.02177373561896,1.7223013423159939,37.36122163223883
39,Intermediate,0.8988570935172121,Strength,18,Male,2,1,0.7182493931484752,73.37419350230147,78.0594535110225,35.25156640202741,Low,1.3354524925255213,52.700969955786825,2.081444852238869,58.631023446169436
9,Beginner,0.8121409833380322,Strength,32,Female,3,0,0.46305710474992223,20.0,100.18369275866755,25.7206165383049,Low,0.0,9.261142094998444,0.7775863067912204,11.40335345912507
34,Intermediate,1.0856711863057111,Strength,24,Female,2,2,0.8127918119718256,68.67569864474896,84.06238518786503,32.97544045606027,Low,5.393666562680725,55.81904553989656,2.0826316680630113,51.41427241480297
11,Beginner,0.8656665859680498,Hypertrophy,37,Female,1,2,0.7908180812683653,38.7959294935155,100.96248279515736,40.1186616916958,Low,11.272937150626047,30.68052252308471,0.9670294793137736,35.44145930885885
30,Advanced,1.2799937617940123,Strength,42,Male,1,3,0.8722304789455149,185.92221503386097,73.17749103702971,43.039396538513806,Low,4.55697267680322,162.16702266559557,4.319814534287764,126.69350493146229
17,Intermediate,1.073947968777169,Endurance,29,Female,1,1,0.9205308843930433,57.398306571723424,100.16924012894799,39.514749041750854,Low,-3.3957074246366172,52.836913911131596,1.4525792649852778,49.19871935003888
22,Beginner,1.0206059258197335,Endurance,23,Female,4,0,0.4797834342737645,20.0,121.41615151804841,18.493952294716614,Low,0.0,9.59566868547529,1.0814345468101532,9.401923936356026
4,Intermediate,0.8685521998038728,Strength,30,Male,0,4,0.8031563355788064,90.34572498170287,79.97705142498316,50.0,Low,10.988516389176615,72.5617414115151,1.8069144634957683,83.54323192626566
8,Intermediate,0.9755399554084354,Endurance,24,Male,1,1,1.1147907434137831,70.71875963358089,79.53192666523107,44.73291117038343,Low,0.44026463088200896,78.83661862522028,1.5809111502559865,80.81323309713153
15,Advanced,1.1536748423298229,Strength,27,Male,0,2,1.2284269429476986,166.14739836854898,62.30419132231759,50.0,Low,4.228983949150588,204.09994065659006,3.3229479009120215,176.91272814070092
20,Intermediate,1.2198364576547065,Hypertrophy,26,Female,0,4,0.9350401957220316,85.71499591195605,92.79882480975886,42.39860547668426,Low,9.684215166806426,80.14696655382852,2.0216465359325486,65.7029885833489
29,Beginner,0.9068899380096165,Hypertrophy,24,Male,1,3,0.799395054879132,54.53330373340911,84.32556653643316,42.04352681170103,Low,7.218411950939036,43.59365333070895,1.2970677431647897,48.069344949443845
48,Advanced,0.9665210570610695,Hypertrophy,26,Male,2,2,0.933297431658028,65.32852241569229,87.87939713429135,35.64750519522683,Low,4.715521870949527,60.97094218457953,1.8326253190872503,63.082825414223414
4,Intermediate,0.8685521998038728,Strength,30,Male,3,2,0.41174777195707946,35.624366954679175,99.97705142498316,24.15633493814086,Low,10.235474058442543,14.668253720970558,1.474742156505252,16.888146545637944
30,Advanced,1.2799937617940123,Strength,42,Male,0,4,0.9668102941772879,213.9376613169289,67.17749103702971,47.388113543857074,Low,10.391711520919621,206.83713327342102,4.514584793596978,161.59217166132984
19,Intermediate,0.8216554870697557,Endurance,29,Male,3,0,0.8502481447239914,36.943052391165956,103.04559104152717,26.185437581062043,Low,0.0,31.410761756030066,1.410824274598329,38.22858122626056
33,Intermediate,1.1584151877504985,Hypertrophy,36,Female,3,0,0.7524683876689244,66.94239081034212,107.07936245061157,27.402489076336963,Low,0.0,50.37203287976116,2.442930938898479,43.48353675683473
16,Beginner,1.0207447175199866,Strength,25,Male,3,3,0.5535002543411778,27.21503992488186,97.15987783353704,23.468036107653614,Low,5.485501965604297,15.063531520327418,1.159664091207962,14.757379102139087
10,Intermediate,0.965530055413721,Endurance,23,Male,0,0,1.1563414704119859,97.00770988772777,87.60900750988625,50.0,Low,0.0,112.17403789287447,1.9401541589514724,116.17859131916678
26,Intermediate,0.9581492079931055,Strength,30,Female,2,0,0.9563147077036256,67.60554946037178,87.74592996378966,32.828291129149186,Low,0.0,64.65218127133843,2.059368461642964,67.47603948941965
42,Advanced,0.9641477125393119,Hypertrophy,21,Female,2,2,0.9367641921133786,44.77037513006989,87.6929558149821,32.230871403232435,Low,-1.40742894487796,41.93928428933281,1.3890525385090062,43.49877124129105
26,Intermediate,0.9581492079931055,Strength,30,Female,4,1,0.5366338135688381,34.97861211687609,100.74592996378966,16.676643042145546,Low,7.5720004274097406,18.770706013624388,2.0974610975971815,19.59056717520376
36,Advanced,1.110462061680402,Endurance,24,Female,2,0,1.1797425325400819,89.4854481857113,90.30555371460706,35.26431689467968,Low,0.0,105.56978926809533,2.537563563627356,95.06825837893469
25,Intermediate,0.7294894398659109,Endurance,38,Male,0,3,1.141681364656646,62.66942944410638,87.06375317010524,49.8760204234386,Low,7.121208136963057,71.54851973000076,1.2565041808779014,98.08013350134135
14,Beginner,0.8551502794715188,Strength,43,Male,1,4,0.5607143186900769,45.265617640250895,87.0103113550766,44.81413683908978,Low,7.249494879057792,25.381079955238807,1.010074494856561,29.68022216013551
43,Intermediate,0.9951094359398727,Hypertrophy,21,Male,1,3,0.8652266970411088,74.34117392734582,87.90419751209178,43.79032459296691,Low,9.554659589000664,64.32196837131602,1.697662050251703,64.63802011137037
22,Beginner,1.0206059258197335,Endurance,23,Female,2,2,0.7411947527938917,24.630388341611358,106.41615151804841,27.565391638231684,Low,13.487763624669668,18.25591459807818,0.8935257576360571,17.887312084831635
25,Intermediate,0.7294894398659109,Endurance,38,Male,0,6,1.165926247065139,63.043418733141856,96.06375317010524,49.04524810315724,Low,5.148822971825968,73.50397660568817,1.2854133659417686,100.76071266841973
26,Intermediate,0.9581492079931055,Strength,30,Female,2,2,0.8362864496043244,51.081966355597736,90.74592996378966,31.244085024863665,Low,12.55112539129739,42.71915628233038,1.6349323297518552,44.585030536921586
8,Intermediate,0.9755399554084354,Endurance,24,Male,0,0,1.1371153716813343,80.69274043050727,70.53192666523107,50.0,Low,0.0,91.75695552662171,1.61385477633305,94.05751241700077
3,Beginner,1.0293767882646523,Strength,22,Male,3,3,0.5212013311525929,45.33167833765287,106.28014867156938,24.367484887313815,Low,7.519235593728698,23.626931092965837,1.8603346503322862,22.95263348628946
8,Intermediate,0.9755399554084354,Endurance,24,Male,1,3,1.0130374930191577,56.89441818203001,87.53192666523107,42.42724483211056,Low,9.527644250858193,57.63617876190726,1.340987779578427,59.0812496824148
8,Intermediate,0.9755399554084354,Endurance,24,Male,0,5,1.0281389978168365,57.668849183964454,82.53192666523107,50.0,Low,9.583581101657762,59.291592805251504,1.1533769606117499,60.77816874477356
0,Intermediate,0.833217982292962,Strength,32,Male,4,0,0.5250065789583842,37.36618973450734,94.09560932988242,19.461279704520674,Low,0.0,19.617495441223593,1.920027273735768,23.544225297457313
35,Intermediate,0.8947243672464342,Strength,19,Male,1,0,0.7931738589369635,103.39166345569477,76.70290958591977,47.11911649586505,Low,0.0,82.00756468506525,2.1942614579903355,91.65668895411781
41,Advanced,0.7129989497915796,Endurance,22,Male,0,4,1.3591565845240443,88.05161750953002,88.58088040765011,50.0,Low,11.11113503504143,119.67593571607036,1.761032314969954,167.84844900908251
25,Intermediate,0.7294894398659109,Endurance,38,Male,3,0,0.7953375321420371,36.17283173646612,105.06375317010524,28.020878692946752,Low,0.0,28.769610723870123,1.2909242012687892,39.43795442906465
6,Intermediate,0.8393118775460912,Strength,30,Female,1,2,0.9660433673024057,50.005312231167345,88.96955986618076,39.46827353524697,Low,6.1711771635396335,48.307300210805074,1.2669748758971036,57.555771516388134
17,Intermediate,1.073947968777169,Endurance,29,Female,3,0,0.7394431505094189,40.091053778432034,109.16924012894799,25.398157066608988,Low,0.0,29.645055113166325,1.5785024123910711,27.603783769093884
20,Intermediate,1.2198364576547065,Hypertrophy,26,Female,1,2,0.9298333389315084,86.0058676073397,93.79882480975886,39.559290096446,Low,0.8902833471259654,79.97112304503393,2.1741003244384847,65.55883535400581
47,Beginner,1.0237145374607064,Strength,32,Female,2,3,0.5154555094439622,33.24408072314474,96.55817375181444,34.72573372443929,Low,11.898796693882792,17.135844565144776,0.9573326809914324,16.73887319093514
39,Intermediate,0.8988570935172121,Strength,18,Male,0,1,0.9532164211102263,124.75371802357527,64.0594535110225,50.0,Low,-1.5950440765018055,118.91729261462676,2.4950743105700193,132.29818307504578
44,Beginner,1.0076257789914758,Strength,31,Female,1,2,0.8721757678395123,40.776851042719116,88.55672301694133,39.332229481431376,Low,9.521841810570733,35.56458136826097,1.0367286712094739,35.29539122000829
28,Beginner,0.9584665966346795,Strength,24,Male,2,0,0.7847136416776449,32.42556899307386,83.88781974009713,36.98148829453471,Low,0.0,25.444786328024716,0.8768053859276528,26.547362078139205
4,Intermediate,0.8685521998038728,Strength,30,Male,0,1,0.9068869338109695,116.15300282407375,73.97705142498316,50.0,Low,-0.5076444894262313,105.33764058406113,2.323060010020275,121.27943413005367
39,Intermediate,0.8988570935172121,Strength,18,Male,0,5,0.8111089122891584,86.4048819171416,73.0594535110225,47.35224927252329,Low,13.550958764555816,70.08376978828589,1.8247259933764768,77.9697822089465
14,Beginner,0.8551502794715188,Strength,43,Male,0,2,0.553768032553573,44.82001721024202,79.0103113550766,50.0,Low,11.449096338553517,24.819892749533004,0.896400326276834,29.023978967641412
41,Advanced,0.7129989497915796,Endurance,22,Male,1,1,1.3072730435388737,76.066284793092,92.58088040765011,45.759942355160945,Low,4.4715072873068955,99.43940363216012,1.6622897498519962,139.46621407368642
13,Beginner,1.0978969610765617,Endurance,20,Male,1,6,0.6339543058019134,52.137239581363,96.14999772290562,38.27780504570956,Low,14.131477482642547,33.05262752523102,1.3620749193175583,30.10537290079374
10,Intermediate,0.965530055413721,Endurance,23,Male,1,4,0.9708854900950581,70.26948938241745,101.60900750988625,39.28312109724242,Low,12.240459782132158,68.22362763777784,1.7887959416380044,70.65917481913066
20,Intermediate,1.2198364576547065,Hypertrophy,26,Female,3,1,0.6552082441399153,53.578351408096005,103.79882480975886,23.284501679212745,Low,6.512150434156548,35.10497755000994,2.3010305243035365,28.778405950497497
6,Intermediate,0.8393118775460912,Strength,30,Female,1,3,0.905577922331141,44.35511887384294,88.96955986618076,38.358974794851,Low,12.043999974568328,40.16701639452547,1.15631655837372,47.85702384546064
2,Intermediate,0.7590330519613642,Strength,31,Male,2,0,0.6423202290576857,52.89405306689011,87.43570817536282,40.842563540782585,Low,0.0,33.97492028171424,1.2950717875238646,44.76073266268113
31,Advanced,0.905313829563895,Strength,34,Female,1,3,1.1099136945109742,105.504692519861,87.64909681133815,39.55007297603378,Low,7.265550089861897,117.10110306296326,2.6676231398149555,129.34848655839735
30,Advanced,1.2799937617940123,Strength,42,Male,1,2,0.8671523586781898,197.9206155867028,72.17749103702971,42.77939701253293,Low,5.11264137117254,171.62732863704863,4.626540455962441,134.0843992177746
34,Intermediate,1.0856711863057111,Strength,24,Female,1,0,0.8092292671762124,72.90086814412342,76.06238518786503,38.73734120892313,Low,0.0,58.99351610477868,1.8819274629360283,54.33824026156536
19,Intermediate,0.8216554870697557,Endurance,29,Male,2,0,1.011518624456454,45.808884813334664,92.04559104152717,36.98051914687298,Low,0.0,46.33654015426843,1.238730137688672,56.39405382110081
12,Advanced,0.9620004503267581,Hypertrophy,31,Female,1,3,1.3047215709300541,77.30219535407045,82.79701765766903,38.88817589710271,Low,5.959911316398495,100.85784175870472,1.9878071311650947,104.84167328900269
39,Intermediate,0.8988570935172121,Strength,18,Male,0,6,0.8051260388643305,91.59783091819409,80.0594535110225,46.382492373843874,Low,14.1886211839585,73.74779877573032,1.9748362853181187,82.04609749594265
17,Intermediate,1.073947968777169,Endurance,29,Female,0,3,0.9758704527276367,60.95190126621321,97.16924012894799,46.963787508262506,Low,11.459508308806937,59.4811594832697,1.2978489002327769,55.385461704941875
8,Intermediate,0.9755399554084354,Endurance,24,Male,2,3,0.7999439379664739,42.069655807220535,96.53192666523107,34.35478316057295,Low,4.582721577128167,33.65336613532213,1.224564695577436,34.49713305089511
17,Intermediate,1.073947968777169,Endurance,29,Female,3,3,0.6427257259977606,33.47042416332065,123.16924012894799,21.214546490321347,Low,13.079764745271834,21.512302669823253,1.5777109636013102,20.031028750200132
22,Beginner,1.0206059258197335,Endurance,23,Female,0,0,0.9332995347957034,43.534072817278485,89.41615151804841,50.0,Low,0.0,40.63032990812829,0.8706814389319409,39.80996883349064
46,Beginner,0.9303397327885133,Strength,41,Female,1,1,0.8425864598172262,69.38211646809073,77.60632072590371,42.611451561329176,Low,-4.725033299681888,58.46043188947504,1.6282504420198178,62.83765703158174
12,Advanced,0.9620004503267581,Hypertrophy,31,Female,3,0,0.9455973689868894,47.44666066998445,90.79701765766903,28.19136505235962,Low,0.0,44.86543749675102,1.6830209852854279,46.637598603943694
17,Intermediate,1.073947968777169,Endurance,29,Female,0,1,1.0519690349338138,67.81701305950915,90.16924012894799,45.75911580599999,Low,4.555102230413151,71.34139778030568,1.4820437498176737,66.4290388597674
26,Intermediate,0.9581492079931055,Strength,30,Female,0,4,1.0849560829895337,87.0171015102714,73.74592996378966,48.03709050345195,Low,6.493052347230521,94.4097336076867,1.8114564971948468,98.53333310382794
0,Intermediate,0.833217982292962,Strength,32,Male,1,0,0.9440810487577357,78.90554463985261,74.09560932988242,45.811446246491116,Low,0.0,74.49322933639237,1.7223979896399433,89.4041433518378
18,Beginner,0.8990066322300064,Hypertrophy,24,Male,1,1,0.9174204000022709,56.63440096703664,88.12693282271981,48.53533737834418,Low,8.971445049620618,51.95755478906775,1.166869395770117,57.79434225734657
27,Intermediate,0.849802801870305,Hypertrophy,22,Male,3,2,0.6145338653286732,30.09589528991581,94.46905469457332,24.771915736145274,Low,13.029405363243193,18.494946863038972,1.2149199276938547,21.763784561017562
5,Intermediate,0.7552748767923754,Strength,42,Male,2,1,0.9907575873851758,50.20413692588157,85.46691650205761,37.86482246666096,Low,2.2277734695479756,49.740129577441444,1.3258780136684136,65.85690223377141
22,Beginner,1.0206059258197335,Endurance,23,Female,1,1,0.8311228825839394,28.827178030847108,95.41615151804841,40.16991548071197,Low,1.1723930183208338,23.95892730175806,0.7176310173482386,23.475176089477028
8,Intermediate,0.9755399554084354,Endurance,24,Male,2,5,0.7204849887539858,37.48066914371019,101.53192666523107,29.656966538904886,Low,14.060581612507999,27.004259486497897,1.2638065268993512,27.68131807976413
27,Intermediate,0.849802801870305,Hypertrophy,22,Male,1,3,1.1085594107731584,73.28995175506441,78.46905469457332,38.090899887526625,Low,4.338916299298251,81.24626573318741,1.9240802933874475,95.60590992223759
37,Beginner,0.9734386164236759,Hypertrophy,31,Male,0,5,0.7809943069007564,76.55364500361172,84.27751822790157,47.4595174238719,Low,7.237784197438141,59.78796092032229,1.6130303792780507,61.419280571277284
19,Intermediate,0.8216554870697557,Endurance,29,Male,2,3,0.8980655153536405,39.05686274430919,103.04559104152717,34.299734462593484,Low,11.216116674448601,35.075621568564436,1.13869282714742,42.68891211904549
11,Beginner,0.8656665859680498,Hypertrophy,37,Female,0,3,0.9097626623504289,46.42747950117217,94.96248279515736,44.89254467371202,Low,3.9831999740496853,42.23798735720636,1.0341912850880937,48.7923864100478
23,Intermediate,1.20864585370021,Strength,19,Male,2,0,0.7434917622761935,111.20628112648252,79.40666640189394,35.72448775457251,Low,0.0,82.68095393091029,3.1128865661443186,68.40786758993069
48,Advanced,0.9665210570610695,Hypertrophy,26,Male,0,6,1.2083826025744395,100.76651758569766,77.87939713429135,44.29947040818296,Low,8.08528305675617,121.76450677256837,2.274666364689041,125.98212930889656
43,Intermediate,0.9951094359398727,Hypertrophy,21,Male,0,0,1.0823669248275012,109.88177127276671,72.90419751209178,50.0,Low,0.0,118.93239486710337,2.197635381502627,119.516779818285
40,Intermediate,1.057182432191474,Endurance,35,Male,2,1,1.199771403548052,56.49855658286824,114.0,36.771928536287646,Low,0.33052702253623245,67.78535252986686,1.5364588504150638,64.11881842430329
5,Intermediate,0.7552748767923754,Strength,42,Male,0,0,1.2271454467080964,76.09659269840412,67.46691650205761,50.0,Low,0.0,93.38158723984719,1.5219318235294461,123.63904383711397
47,Beginner,1.0237145374607064,Strength,32,Female,2,0,0.5850720422659337,37.902092086099,86.55817375181444,35.12592172430155,Low,0.0,22.175454422965426,1.0790347739356834,21.661734741245535
14,Beginner,0.8551502794715188,Strength,43,Male,1,3,0.5619598384495316,46.54269451015141,84.0103113550766,40.41370685189568,Low,7.043467347787659,26.155125087930585,1.1516561331297948,30.58537795101515
32,Advanced,0.7947734188111895,Strength,27,Male,0,1,1.016626543030904,129.9610044390852,66.56666168173585,50.0,Low,1.1711924509042329,132.12180667173115,2.5992200367973033,166.2381218426189
1,Intermediate,0.9333251883671226,Strength,18,Male,1,4,0.9882255308601013,76.6986961309046,85.32876454424816,42.315275779269506,Low,12.670500512944615,75.79560970024079,1.8125533369659943,81.21020351185804
41,Advanced,0.7129989497915796,Endurance,22,Male,4,0,0.6922983940436358,30.300219009060946,116.58088040765011,19.912758596278497,Low,0.0,20.97679295914334,1.5216484115402953,29.420469055117273
30,Advanced,1.2799937617940123,Strength,42,Male,4,1,0.6243096002466767,124.70074297975218,94.17749103702971,17.576246340346437,Low,-1.7440002918150437,77.85187100015266,7.0948445686412525,60.82202312377998
49,Beginner,1.1383189852792346,Endurance,18,Female,1,4,0.8662457244375411,42.068896315032866,115.05413208918489,31.433035933401815,Low,12.835887848357602,36.442001564703446,1.3383656311722467,32.013846753085055
42,Advanced,0.9641477125393119,Hypertrophy,21,Female,0,6,1.2548320345120187,76.33140108057424,79.6929558149821,45.233042412026826,Low,10.670995262641991,95.78308731508987,1.6875141560843727,99.34472355703575
28,Beginner,0.9584665966346795,Strength,24,Male,1,0,0.9891181937649611,47.95363728053792,75.88781974009713,48.0433228380842,Low,0.0,47.43181509138577,0.9981332149738735,49.48713473248949
46,Beginner,0.9303397327885133,Strength,41,Female,4,3,0.5040737327306394,31.365255281987423,107.60632072590371,15.0,Low,10.351319503061243,15.810401308040804,2.0910168793980364,16.994205188299382
47,Beginner,1.0237145374607064,Strength,32,Female,1,2,0.6401944370695277,43.35835078068375,90.55817375181444,43.282456988349374,Low,7.519966979322902,27.75777497030295,1.001753430739881,27.114734469260107
35,Intermediate,0.8947243672464342,Strength,19,Male,0,0,0.8466620670111481,128.15991234697782,65.70290958591977,50.0,Low,0.0,108.5081362956598,2.5631981956755925,121.27535472655644
4,Intermediate,0.8685521998038728,Strength,30,Male,2,4,0.534648261661757,48.492418858543765,95.97705142498316,33.71050757812624,Low,14.768520110297386,25.92638744649423,1.4384956176546406,29.85008569693675
35,Intermediate,0.8947243672464342,Strength,19,Male,3,1,0.6031930424795503,68.84802359615878,96.70290958591977,25.986076168105715,Low,9.685833082028815,41.528648821670885,2.6494196546395283,46.41496747709026
43,Intermediate,0.9951094359398727,Hypertrophy,21,Male,1,1,0.9257136045958476,81.21873891938611,76.90419751209178,42.694729214221994,Low,3.231739869919141,75.18529156579397,1.902312967241363,75.55472121522085
49,Beginner,1.1383189852792346,Endurance,18,Female,2,0,0.96224016582599,47.6231257639608,114.05413208918489,35.35136263024665,Low,0.0,45.82488443226562,1.3471368816792806,40.25659307125719
8,Intermediate,0.9755399554084354,Endurance,24,Male,0,4,0.9923462751800263,58.54027158230752,80.53192666523107,47.60842412892242,Low,12.731258419913274,58.09222045273001,1.2296199973803361,59.548725382224674
14,Beginner,0.8551502794715188,Strength,43,Male,1,0,0.6045404474713452,56.95044631749858,83.0103113550766,50.0,Low,0.0,34.42884830047341,1.1390089035697937,40.26053533095378
40,Intermediate,1.057182432191474,Endurance,35,Male,1,1,1.2290393117642469,60.647215148891846,102.0,41.47444356114664,Low,3.737880504852406,74.53781156701224,1.46227914057965,70.50603452278864
46,Beginner,0.9303397327885133,Strength,41,Female,0,3,0.8625318549529934,68.94089385073055,73.60632072590371,46.266593112395796,Low,1.0364332627195916,59.463717055188035,1.4900792931343056,63.91606317930124
36,Advanced,1.110462061680402,Endurance,24,Female,4,1,0.641619033937592,38.26913849243837,106.30555371460706,15.32131148650923,Low,-8.341825524750535,24.554207669142226,2.497771553588195,22.111683419694945
32,Advanced,0.7947734188111895,Strength,27,Male,0,2,0.9511311209869452,113.85199250541584,71.56666168173585,50.0,Low,7.538166149261083,108.28817325827345,2.277039804567521,136.25019967332256
16,Beginner,1.0207447175199866,Strength,25,Male,0,1,0.9920613890277538,69.93548861909841,70.15987783353704,49.90746876344973,Low,-6.902483902807774,69.38029798179743,1.401303030399598,67.97020726216168
30,Advanced,1.2799937617940123,Strength,42,Male,0,1,1.0084233265407425,234.39107576770837,66.17749103702971,50.0,Low,6.534830154459978,236.3654283371357,4.687821421597739,184.66124658654945
7,Beginner,1.157516589416337,Strength,23,Female,4,1,0.47223858414153363,28.61345675853356,119.51234611250892,16.1907740585127,Low,6.746252146486284,13.512378307044884,1.7672691180703743,11.67358356416711
44,Beginner,1.0076257789914758,Strength,31,Female,0,0,1.047940626672022,63.51064674021062,70.55672301694133,43.808296109924946,Low,0.0,66.55538694528173,1.4497401389706615,66.05162579332836
20,Intermediate,1.2198364576547065,Hypertrophy,26,Female,3,0,0.7008485564516621,58.792657136635675,107.79882480975886,24.572895336620565,Low,0.0,41.20474888416862,2.392581498381124,33.77888474042273
32,Advanced,0.7947734188111895,Strength,27,Male,2,1,0.8700330098777133,94.55334813945669,87.56666168173585,37.12322779825772,Low,-3.1420501580947917,82.26453407578678,2.547013048172531,103.50677139160659
18,Beginner,0.8990066322300064,Hypertrophy,24,Male,0,1,1.040594229874824,69.42337317815436,81.12693282271981,50.0,Low,-0.362496808594015,72.24156154763406,1.3884674357937385,80.35700583368511
18,Beginner,0.8990066322300064,Hypertrophy,24,Male,3,3,0.5854701498778858,28.821381156613334,114.12693282271981,23.94210834325822,Low,9.342413265436948,16.874058345450084,1.203794567278971,18.76964971208714
47,Beginner,1.0237145374607064,Strength,32,Female,1,0,0.6922515230140437,52.86512548515583,81.55817375181444,38.994660300180364,Low,0.0,36.59596363142766,1.355701619721757,35.74817641451724
5,Intermediate,0.7552748767923754,Strength,42,Male,1,1,1.121077449226694,63.489887009703985,77.46691650205761,46.083928088971994,Low,5.250646469615012,71.17708058052996,1.3777012564863373,94.23984370163654
20,Intermediate,1.2198364576547065,Hypertrophy,26,Female,2,0,0.7688131434603073,62.93451541419985,99.79882480975886,35.3695095194918,Low,0.0,48.38488262774215,1.779343691497151,39.66502448676095
29,Beginner,0.9068899380096165,Hypertrophy,24,Male,1,1,0.8380861170566472,61.47085460196065,78.32556653643316,43.29367200042702,Low,2.7277434507722518,51.51786984551093,1.4198576914773284,56.8071282734161
5,Intermediate,0.7552748767923754,Strength,42,Male,1,0,1.1832032699486206,63.90653702966662,78.46691650205761,45.36519887780995,Low,0.0,75.61442358459415,1.408712784288338,100.11497243328543
35,Intermediate,0.8947243672464342,Strength,19,Male,0,4,0.7905945012927734,102.49408102888496,74.70290958591977,48.948353545862666,Low,6.62218940743408,81.03125687649242,2.0939229107865533,90.5655074091288
25,Intermediate,0.7294894398659109,Endurance,38,Male,3,1,0.7089243102539685,29.5227868430401,108.06375317010524,28.615029842376018,Low,10.864974730330752,20.92942129947714,1.0317230481303479,28.69046687345789
30,Advanced,1.2799937617940123,Strength,42,Male,3,1,0.7143331573766963,153.30163676411956,86.17749103702971,29.1517780758533,Low,10.579432372281723,109.50844222072895,5.258740345322553,85.55382060098773
47,Beginner,1.0237145374607064,Strength,32,Female,0,3,0.7537216547618377,54.63790184290594,76.55817375181444,46.235908953111256,Low,5.222550953366865,41.18176978974993,1.1817200504611094,40.22774714536422
43,Intermediate,0.9951094359398727,Hypertrophy,21,Male,4,0,0.36031067798526184,23.1513639297791,104.90419751209178,19.184097403518976,Low,0.0,8.341683633822244,1.2067996860114314,8.382671241854277
1,Intermediate,0.9333251883671226,Strength,18,Male,1,2,0.9709481456193655,69.4527851038158,73.32876454424816,42.10247645802132,Low,14.197303209698761,67.43505290465023,1.6496127852111404,72.25239551311587
30,Advanced,1.2799937617940123,Strength,42,Male,0,5,0.9206751967795951,207.68980652435715,75.17749103702971,43.05448900042296,Low,14.667718035869745,191.21485349092856,4.8238826315749375,149.387215634325
3,Beginner,1.0293767882646523,Strength,22,Male,3,2,0.49895394553554995,43.95740261417103,103.28014867156938,26.80699003249981,Low,11.466760484648168,21.932719469835334,1.639773839625592,21.306773586799455
45,Beginner,1.18560546903454,Endurance,27,Female,0,2,1.0610286506703157,34.41986803949091,97.47666083122172,48.92175728552701,Low,8.320349260179835,36.52046614219136,0.7035697253275884,30.803194058084568
45,Beginner,1.18560546903454,Endurance,27,Female,4,0,0.6227397483301523,20.0,123.47666083122172,17.468800230324927,Low,0.0,12.454794966603046,1.1448982523930173,10.5049991644742
36,Advanced,1.110462061680402,Endurance,24,Female,0,0,1.4049023022607037,136.18336675907292,73.30555371460706,50.0,Low,0.0,191.32432548943532,2.723667280708113,172.29238152227674
13,Beginner,1.0978969610765617,Endurance,20,Male,1,2,0.6926476783349482,64.41830713489941,91.14999772290562,45.76130931446855,Low,6.181514630671106,44.619190879255704,1.4077024170029502,40.64056265803029
29,Beginner,0.9068899380096165,Hypertrophy,24,Male,1,0,0.8615880280648232,59.88949741564129,81.32556653643316,49.825174079536,Low,0.0,51.6000739801357,1.2019927139250308,56.897772176866255
48,Advanced,0.9665210570610695,Hypertrophy,26,Male,2,3,0.8903297902091734,58.34683180787266,89.87939713429135,30.547597673902402,Low,9.10227913933385,51.94792252287319,1.9100300626156863,53.747270580490095
15,Advanced,1.1536748423298229,Strength,27,Male,3,0,0.8552675132262452,101.13769899938791,83.30419132231759,26.456407176544488,Low,0.0,86.499788316631,3.8228053605951606,74.97755014263504
11,Beginner,0.8656665859680498,Hypertrophy,37,Female,0,4,0.90138424362516,41.597127234302114,92.96248279515736,42.932966843749654,Low,4.867462418058351,37.49499506907095,0.9688854352135823,43.31338688988965
49,Beginner,1.1383189852792346,Endurance,18,Female,3,0,0.6935046180909487,28.160290371104395,121.05413208918489,26.517135263894954,Low,0.0,19.52929141914297,1.0619657451263589,17.156240487469223
10,Intermediate,0.965530055413721,Endurance,23,Male,1,0,1.1063019333109334,84.7627571521626,91.60900750988625,48.57397451098842,Low,0.0,93.77320211020265,1.7450240846147655,97.12085549648293
5,Intermediate,0.7552748767923754,Strength,42,Male,0,2,1.1881232059071112,71.35744404824094,72.46691650205761,50.0,Low,3.1799197809571114,84.78143518793333,1.4271488524218416,112.25227468934462
33,Intermediate,1.1584151877504985,Hypertrophy,36,Female,0,5,0.955063312884667,105.9710618728975,95.07936245061157,41.6510103305152,Low,4.429949885843406,101.2090734222355,2.544261435382215,87.3684902649462
47,Beginner,1.0237145374607064,Strength,32,Female,3,1,0.5220875993715801,31.689471706446902,96.55817375181444,24.44256222520767,Low,1.112745659995112,16.544680208572473,1.296487255222295,16.161403830610038
1,Intermediate,0.9333251883671226,Strength,18,Male,0,1,1.2541939504974513,98.09821418970894,69.32876454424816,50.0,Low,-6.728832345185768,123.0341867913362,1.961964244554894,131.82335214078537
43,Intermediate,0.9951094359398727,Hypertrophy,21,Male,3,0,0.739342766153208,55.65346827347627,90.90419751209178,27.27508604566496,Low,0.0,41.14698917933175,2.0404506200218235,41.349168587975655
32,Advanced,0.7947734188111895,Strength,27,Male,1,0,0.9236000338997031,114.28336218990746,74.56666168173585,44.84879718816127,Low,0.0,105.55211719277058,2.5481922996116055,132.8076428914933
36,Advanced,1.110462061680402,Endurance,24,Female,2,2,1.0137082841614586,70.52578300566489,94.30555371460706,33.2147017849948,Low,14.073769809853168,71.49257047981591,2.123330245108377,64.38086321541411
37,Beginner,0.9734386164236759,Hypertrophy,31,Male,1,0,0.753448041701404,72.006220725853,81.27751822790157,46.794494038456286,Low,0.0,54.25294599621299,1.5387754620853888,55.73324228937089
37,Beginner,0.9734386164236759,Hypertrophy,31,Male,2,0,0.6643349254928312,63.9253645141005,85.27751822790157,37.94736737471253,Low,0.0,42.46785227157704,1.6845796494467655,43.626591269831266
46,Beginner,0.9303397327885133,Strength,41,Female,0,6,0.7792488723441315,55.35966642140255,79.60632072590371,42.82494006896154,Low,10.592000352982064,43.13895763222522,1.29269685000281,46.36898730954699
16,Beginner,1.0207447175199866,Strength,25,Male,1,2,0.7566957440891143,44.171925912755576,78.15987783353704,43.37885854787317,Low,14.622595647262113,33.424708346401815,1.0182823239971805,32.74538190335082
9,Beginner,0.8121409833380322,Strength,32,Female,3,2,0.47311172036443677,20.0,111.18369275866755,24.275027781222693,Low,-2.171355435728519,9.462234407288735,0.8238919170909684,11.650960794315118
30,Advanced,1.2799937617940123,Strength,42,Male,3,0,0.7988465923753204,167.52708168305006,83.17749103702971,27.582611064782697,Low,0.0,133.8284383330865,6.0736481842105,104.55389531869297
35,Intermediate,0.8947243672464342,Strength,19,Male,0,5,0.7708942317026337,103.55435998834302,75.70290958591977,48.21391723284571,Low,8.949005543142722,79.82945878267165,2.1478105033537114,89.2223040778995
20,Intermediate,1.2198364576547065,Hypertrophy,26,Female,2,1,0.6790685708606667,55.96795620487562,98.79882480975886,35.09000004878392,Low,11.673131938888856,38.006080034037275,1.5949830302674,31.156675666534152
28,Beginner,0.9584665966346795,Strength,24,Male,0,4,1.0186298701819771,53.27176292996624,83.88781974009713,50.0,Low,8.12296338615396,54.264208957716576,1.0654352372906202,56.615590499090615
22,Beginner,1.0206059258197335,Endurance,23,Female,1,2,0.8050975964497447,27.12073264544157,93.41615151804841,43.90394607631443,Low,4.267021747179327,21.834836666801134,0.6177288023397975,21.393972659223117
22,Beginner,1.0206059258197335,Endurance,23,Female,1,0,0.8409825027312605,28.463504127096247,97.41615151804841,45.04763477960469,Low,0.0,23.937308937306966,0.6318534510080348,23.453994218274527
12,Advanced,0.9620004503267581,Hypertrophy,31,Female,2,0,1.1057852516932851,61.113055572938364,87.79701765766903,34.42750513519887,Low,0.0,67.57791553846737,1.7751229302797522,70.2472075437241
29,Beginner,0.9068899380096165,Hypertrophy,24,Male,0,0,0.8996619036465837,70.66531049053917,70.32556653643316,50.0,Low,0.0,63.57488775769537,1.41330618154466,70.10202119477043
4,Intermediate,0.8685521998038728,Strength,30,Male,3,0,0.45869765103550375,40.186530476740465,89.97705142498316,29.245066274113658,Low,0.0,18.433467132947534,1.3741302114326701,21.223187177377252
0,Intermediate,0.833217982292962,Strength,32,Male,4,2,0.45301648337991846,29.52157277692013,96.09560932988242,16.278781010833256,Low,13.712227325092663,13.37375908324469,1.8135000983042846,16.05071339882466
9,Beginner,0.8121409833380322,Strength,32,Female,0,3,0.7788591312618229,26.25934323546607,87.18369275866755,47.47321179942117,Low,7.166942376219196,20.45232925988113,0.5531402171244294,25.18319416984062
23,Intermediate,1.20864585370021,Strength,19,Male,4,2,0.3969479502542162,47.223850571961584,103.40666640189394,15.830459446963452,Low,13.529486541225127,18.745410687651546,2.983100253474934,15.509419174230619
25,Intermediate,0.7294894398659109,Endurance,38,Male,4,0,0.5144075357254282,20.964449451664056,109.06375317010524,18.769994157546975,Low,0.0,10.78427078027081,1.1169128854694852,14.783292817727796
8,Intermediate,0.9755399554084354,Endurance,24,Male,2,2,0.8441906263685716,45.61130988764142,92.53192666523107,34.281163115165924,Low,-0.6950215073252709,38.50464026353903,1.330506447634404,39.470039725208736
44,Beginner,1.0076257789914758,Strength,31,Female,1,1,0.9082348186138154,43.271641841540884,86.55672301694133,39.6332657657552,Low,5.781131944026504,39.30081177907387,1.091801039194917,39.00334191039433
49,Beginner,1.1383189852792346,Endurance,18,Female,0,5,1.0239311220302514,53.90443222535327,110.05413208918489,43.12669723077456,Low,1.9797880871363627,55.19442577090961,1.2499086282215754,48.487619021614734
9,Beginner,0.8121409833380322,Strength,32,Female,4,2,0.40850307153794013,20.0,112.18369275866755,15.743713372876401,Low,10.998163597880318,8.170061430758803,1.2703482498676688,10.059892972382189
24,Intermediate,1.0168633682422321,Strength,27,Female,2,2,0.756895285146572,46.33695318274255,90.72571598727212,31.657060718013632,Low,14.011254805404775,35.07222139207528,1.4637161716235876,34.490559889222666
19,Intermediate,0.8216554870697557,Endurance,29,Male,0,2,1.308558823131849,74.8103197173469,87.04559104152717,50.0,Low,5.671577488639961,97.89370392744883,1.4962063644228107,119.14188650364541
8,Intermediate,0.9755399554084354,Endurance,24,Male,2,4,0.7904396314540543,38.49849893501316,98.53192666523107,30.964895199231478,Low,5.716394848054141,30.430739309726103,1.2432949455832072,31.19370759476263
7,Beginner,1.157516589416337,Strength,23,Female,3,2,0.68740804365179,43.12849516595652,111.51234611250892,21.47475187369977,Low,5.518758620633624,29.646874487675856,2.008334876755494,25.61246132132204
46,Beginner,0.9303397327885133,Strength,41,Female,0,2,0.8520825266278823,72.80696969588394,77.60632072590371,50.0,Low,2.2353487521866415,62.03754669458844,1.4561393647948915,66.68260832635275
29,Beginner,0.9068899380096165,Hypertrophy,24,Male,1,2,0.7909220196079785,51.154660864324576,80.32556653643316,41.380512026486116,Low,8.20183268047081,40.45934768317281,1.2362017075907783,44.61324508542369
22,Beginner,1.0206059258197335,Endurance,23,Female,0,3,0.9267805207902009,37.66060681626662,95.41615151804841,48.09016325295372,Low,0.698491080564984,34.90311679845457,0.7831249362795323,34.1983930497248
29,Beginner,0.9068899380096165,Hypertrophy,24,Male,0,5,0.7692444959556681,51.509470828074626,76.32556653643316,46.38106334977553,Low,14.496268783005817,39.623376924085456,1.1105711253114854,43.69144652723975
2,Intermediate,0.7590330519613642,Strength,31,Male,0,0,0.8540623438783682,82.26046306774788,72.43570817536282,50.0,Low,0.0,70.2555638961607,1.645209228450773,92.55917269405562
23,Intermediate,1.20864585370021,Strength,19,Male,0,2,0.9410701363944836,154.65108671120223,69.40666640189394,50.0,Low,-0.2436092667250367,145.53751926486618,3.0930216723636113,120.41360039891767
27,Intermediate,0.849802801870305,Hypertrophy,22,Male,2,1,0.9315057142738044,52.47965235223998,85.46905469457332,37.70091511501102,Low,6.948934680676136,48.88509604921424,1.3919993931220322,57.52515573785932
14,Beginner,0.8551502794715188,Strength,43,Male,0,3,0.5847074057564416,48.11215813659444,73.0103113550766,47.44933707703822,Low,6.501700868289144,28.13153516939181,1.0139690053943444,32.89655976048709
0,Intermediate,0.833217982292962,Strength,32,Male,2,0,0.9107523115289468,74.21294473739391,83.09560932988242,36.33442098849499,Low,0.0,67.58961096495149,2.042496912731758,81.11866436233782
25,Intermediate,0.7294894398659109,Endurance,38,Male,0,1,1.2575079950670376,79.06282053168827,80.06375317010524,50.0,Low,-2.3015939084386634,99.42212893114834,1.581256379008638,136.2898312271554
40,Intermediate,1.057182432191474,Endurance,35,Male,0,1,1.4429120857964923,82.73088274073753,98.0,50.0,Low,1.546339657972052,119.37339057522261,1.6546176217223982,112.91644093189124
35,Intermediate,0.8947243672464342,Strength,19,Male,1,1,0.7448742635632521,93.88051051023415,80.70290958591977,47.62254845744918,Low,6.0894083723893715,69.92917612925281,1.971345750695614,78.15714037980574
19,Intermediate,0.8216554870697557,Endurance,29,Male,1,1,1.2731150555603032,65.10458938818765,87.04559104152717,46.017753490671744,Low,-2.1822081404014786,82.88563293617325,1.414771105386835,100.87625941074882
9,Beginner,0.8121409833380322,Strength,32,Female,1,2,0.7645541033334958,20.662681987866378,90.18369275866755,39.017945443624924,Low,7.029448496534206,15.797738299698354,0.5295686695792884,19.45194143857352
14,Beginner,0.8551502794715188,Strength,43,Male,0,1,0.6215190932605603,53.78786111944774,76.0103113550766,50.0,Low,0.6152863369896445,33.43018267138411,1.0757572008738108,39.09271198429811
14,Beginner,0.8551502794715188,Strength,43,Male,0,4,0.5366043307951442,47.258649138216036,83.0103113550766,46.05504612466602,Low,14.193677483615168,25.359195795094937,1.0261339872325392,29.654631179136928
3,Beginner,1.0293767882646523,Strength,22,Male,3,1,0.5401275004927071,46.967240789683146,99.28014867156938,26.339467002046383,Low,4.161019673624205,25.368298372770674,1.7831506994003878,24.64430324996337
6,Intermediate,0.8393118775460912,Strength,30,Female,3,1,0.5801721941125393,26.152440127839217,102.96955986618076,25.16949797310804,Low,14.710437900879919,15.172918570365296,1.03905286933925,18.077785979796396
25,Intermediate,0.7294894398659109,Endurance,38,Male,1,0,1.184775949873538,59.18862633970265,87.06375317010524,40.49770798891123,Low,0.0,70.12526099333111,1.4615302400417076,96.12910212534241
35,Intermediate,0.8947243672464342,Strength,19,Male,0,3,0.7862331431689773,108.09440708087591,69.70290958591977,50.0,Low,7.1373132441724385,84.98740543818403,2.161888098379756,94.98714192013732
45,Beginner,1.18560546903454,Endurance,27,Female,1,1,1.1228586571272239,42.70844228157254,97.47666083122172,40.7809240024975,Low,0.5805941728467937,47.95554414828209,1.0472651681872591,40.44811275982083
44,Beginner,1.0076257789914758,Strength,31,Female,1,3,0.9082360273468063,46.18077573896771,88.55672301694133,38.462757570122065,Low,5.781006551945236,41.94304429695381,1.2006620808222792,41.62557523424915
15,Advanced,1.1536748423298229,Strength,27,Male,3,1,0.8021200768140249,87.46553866793086,77.30419132231759,27.361523330177164,Low,6.214130151130988,70.15786459490076,3.1966617653485287,60.812458769370174
36,Advanced,1.110462061680402,Endurance,24,Female,0,6,1.2575881970769847,97.28540002838231,85.30555371460706,46.550225986589425,Low,10.485718825192897,122.34497082360654,2.089901732518063,110.17473254668077
41,Advanced,0.7129989497915796,Endurance,22,Male,3,4,1.0333050421927037,48.30749277387581,117.58088040765011,26.05906057865719,Low,10.216945668205089,49.91637585893347,1.853769470096362,70.0089472285724
36,Advanced,1.110462061680402,Endurance,24,Female,0,4,1.3348897566317839,105.67850236647183,87.30555371460706,45.1348194966652,Low,4.983445860702117,141.069150305191,2.341396314499133,127.03632851300691
34,Intermediate,1.0856711863057111,Strength,24,Female,3,0,0.6631804809481981,53.163607857144065,90.06238518786503,26.06395731915399,Low,0.0,35.25706702764221,2.039736528356668,32.47487360582919
3,Beginner,1.0293767882646523,Strength,22,Male,2,2,0.6461211940371159,61.94721590701387,95.28014867156938,36.83548825091376,Low,3.2080103945458216,40.02540910911482,1.681726431948428,38.88310935540054
35,Intermediate,0.8947243672464342,Strength,19,Male,2,0,0.6109968017658356,76.20926435476166,82.70290958591977,34.84520910855913,Low,0.0,46.56361678568647,2.1870800640126475,52.042356783722944
24,Intermediate,1.0168633682422321,Strength,27,Female,0,2,1.0009324738588847,74.27402176181631,73.72571598727212,44.014449008146855,Low,8.745374421170862,74.34328034550344,1.687491761184533,73.11032097035165
4,Intermediate,0.8685521998038728,Strength,30,Male,2,2,0.6304907652502608,60.21982761021555,84.97705142498316,35.62149512129639,Low,-0.5103071167707631,37.96804519320359,1.6905473988278947,43.71412735774518
32,Advanced,0.7947734188111895,Strength,27,Male,1,3,0.8677147881518182,93.23246467256749,84.56666168173585,41.103789347128036,Low,6.050805943772157,80.89918833222877,2.268220616279047,101.78886790699234
0,Intermediate,0.833217982292962,Strength,32,Male,0,2,1.097841399157705,106.81435942790004,70.09560932988242,50.0,Low,0.7018862413030829,117.26522580445977,2.136287145832258,140.7375831522151
13,Beginner,1.0978969610765617,Endurance,20,Male,0,1,0.7749402660315423,79.27361261728844,84.14999772290562,50.0,Low,1.4443629709252233,61.43231445092293,1.5854722206363243,55.954484504811795
30,Advanced,1.2799937617940123,Strength,42,Male,2,2,0.79224535607796,166.00686006185202,85.17749103702971,35.736865063193655,Low,9.721761903770467,131.51816396108603,4.645255120253169,102.74898607925012
10,Intermediate,0.965530055413721,Endurance,23,Male,2,3,0.8116864606226096,53.043214680859364,107.60900750988625,32.28719307696187,Low,10.538310784353087,43.054459184351984,1.6428561291025194,44.59148045311039
23,Intermediate,1.20864585370021,Strength,19,Male,0,4,0.8067803773704015,124.04032018657877,68.40666640189394,50.0,Low,14.061052640524974,100.07329632927345,2.4808063541154484,82.79779657962474
38,Intermediate,0.9337588884799567,Strength,31,Male,0,3,1.1157457070716446,107.8407736297497,74.50529364365697,46.029982733982855,Low,-1.662575077981717,120.32288022467824,2.3428375350507324,128.8584803321855
37,Beginner,0.9734386164236759,Hypertrophy,31,Male,1,2,0.6854549298855439,63.48356993785664,85.27751822790157,40.98992759115465,Low,9.024260208085613,43.51512598063755,1.5487601984150803,44.70243993202985
17,Intermediate,1.073947968777169,Endurance,29,Female,2,2,0.7603949957332885,41.23018039527835,105.16924012894799,34.796218796439994,Low,9.483055777841276,31.3512228457504,1.1849040107367244,29.192469807432154
39,Intermediate,0.8988570935172121,Strength,18,Male,3,1,0.5526897017193553,54.45441729190486,91.0594535110225,27.797910359996944,Low,-0.7548264642758283,30.0963956503642,1.9589391658492878,33.48292224037018
40,Intermediate,1.057182432191474,Endurance,35,Male,4,1,0.7356864634342666,31.703045598079385,123.0,18.98780666804355,Low,-3.5846176696945538,23.323501496146314,1.669652766255662,22.06192490909376
10,Intermediate,0.965530055413721,Endurance,23,Male,2,1,0.906582249029189,59.87201897095937,107.60900750988625,36.828024965129025,Low,0.07917669482886434,54.27890961261062,1.6257189301335286,56.21663778525758
18,Beginner,0.8990066322300064,Hypertrophy,24,Male,4,0,0.5214822721653862,25.264975198896128,115.12693282271981,20.8547701879535,Low,0.0,13.175236672922484,1.21147218404823,14.655311257192606
16,Beginner,1.0207447175199866,Strength,25,Male,3,2,0.5428790772868229,26.650321697450927,97.15987783353704,24.85076011788192,Low,7.299151028912608,14.467902052509157,1.0724147067783003,14.173855255215283
6,Intermediate,0.8393118775460912,Strength,30,Female,0,2,1.1139964642697588,66.75619089498372,73.96955986618076,46.28817799513809,Low,-0.5481816184181926,74.36616062512893,1.442186587249317,88.60362162267084
10,Intermediate,0.965530055413721,Endurance,23,Male,3,1,0.6685465470153679,39.019561216384155,109.60900750988625,24.96125494098836,Low,4.0711528541229995,26.086392917268395,1.5632050449957904,27.017663254850586
0,Intermediate,0.833217982292962,Strength,32,Male,0,4,1.0234861292104522,86.50511188512914,69.09560932988242,46.83929717857425,Low,7.427209279262505,88.53678212022791,1.8468490188586828,106.2587194984213
31,Advanced,0.905313829563895,Strength,34,Female,4,1,0.5469866623959524,42.9294913902597,108.64909681133815,17.07230893922148,Low,5.727305477712278,23.48185921391393,2.5145684176945853,25.93778257805136
34,Intermediate,1.0856711863057111,Strength,24,Female,3,1,0.6503640531315262,56.406630773092445,90.06238518786503,24.205787815996693,Low,1.9325701200293655,36.684845013081876,2.330295087752539,33.789983271020176
21,Intermediate,0.7976572398541362,Endurance,27,Male,4,0,0.389772399269258,26.31642308095492,107.05925809477094,18.960067439119822,Low,0.0,10.257415364448677,1.3879919877639744,12.859411276594347
41,Advanced,0.7129989497915796,Endurance,22,Male,0,3,1.392836974370925,93.36147984189945,91.58088040765011,50.0,Low,8.90843693597367,130.03732110578335,1.8672295594933979,182.3805473531873
21,Intermediate,0.7976572398541362,Endurance,27,Male,0,2,0.8811042417545962,84.0481593498175,80.05925809477094,48.88187003269128,Low,6.803792411020922,74.05518971479042,1.7194137125726563,92.84075060558833
17,Intermediate,1.073947968777169,Endurance,29,Female,2,3,0.7502093373678609,39.42785501341507,111.16924012894799,33.58886779548129,Low,10.695550172600237,29.57914498345021,1.1738369414429133,27.542412017146336
42,Advanced,0.9641477125393119,Hypertrophy,21,Female,0,4,1.3940346610353536,76.00766290693743,71.6929558149821,45.48695012098032,Low,0.7614362601964313,105.95731659656194,1.6709773030243786,109.89727540837396
25,Intermediate,0.7294894398659109,Endurance,38,Male,2,4,0.8437456501128422,38.56337430822909,108.06375317010524,32.223596592417294,Low,14.819017497237413,32.53767932624163,1.196743293408792,44.60329779266531
32,Advanced,0.7947734188111895,Strength,27,Male,3,2,0.6413018290372191,58.92085085518746,98.56666168173585,25.632778944893087,Low,-0.13879247820120125,37.786049421860916,2.298652388927736,47.543112268737424
25,Intermediate,0.7294894398659109,Endurance,38,Male,1,1,1.0672994708869916,51.90342221743915,92.06375317010524,47.02819202189988,Low,9.915501660806475,55.39649506989693,1.1036660964895886,75.9386169338689
35,Intermediate,0.8947243672464342,Strength,19,Male,4,1,0.36709899099424514,36.07036006984228,97.70290958591977,17.875196225191186,Low,13.184483641704162,13.241392786438212,2.0178999770144626,14.799393502376393
6,Intermediate,0.8393118775460912,Strength,30,Female,0,6,1.00436929739717,56.183927330948954,86.96955986618076,40.49588303785822,Low,9.34665435149964,56.42941161839886,1.3873984644568944,67.23286765643604
48,Advanced,0.9665210570610695,Hypertrophy,26,Male,3,0,0.8624985277700116,58.880633958617004,93.87939713429135,28.84266121589894,Low,0.0,50.784460103472114,2.0414424132513065,52.54350868917967
1,Intermediate,0.9333251883671226,Strength,18,Male,3,1,0.7587198861138632,50.57973566650916,89.32876454424816,27.578283737864663,Low,13.409837051524448,38.37585128456313,1.8340421149203587,41.117298285289344
1,Intermediate,0.9333251883671226,Strength,18,Male,1,3,0.9863503103349414,65.132134439285,83.32876454424816,40.916076179535416,Low,12.836213768447685,64.24310101696588,1.591846993383361,68.83242088102207
21,Intermediate,0.7976572398541362,Endurance,27,Male,1,2,0.8347058840588846,72.12838320712427,86.05925809477094,43.167566149269895,Low,4.534208436706149,60.20598587064067,1.6708929404733481,75.47842279125736
15,Advanced,1.1536748423298229,Strength,27,Male,0,1,1.2977399692213505,168.63287259065604,60.0,50.0,Low,-1.1748204772307431,218.84161888550588,3.372657384359973,189.69073534864012
26,Intermediate,0.9581492079931055,Strength,30,Female,2,1,0.8403037169016315,57.3197932505622,88.74592996378966,33.785538944367225,Low,12.131047433179013,48.16603532048047,1.6965776881159078,50.26981669332065
21,Intermediate,0.7976572398541362,Endurance,27,Male,1,4,0.7625789454997814,65.55907969713404,89.05925809477094,42.409504056668425,Low,12.783407842249202,49.9939738633766,1.5458581657468695,62.67593232976412
19,Intermediate,0.8216554870697557,Endurance,29,Male,1,0,1.2459263493415647,61.92117949648494,83.04559104152717,46.08018292469153,Low,0.0,77.14922911697923,1.3437702331588395,93.89474839067331
47,Beginner,1.0237145374607064,Strength,32,Female,2,1,0.5306241638042005,33.003496871964266,93.55817375181444,33.61144811394136,Low,9.306183602768167,17.512452930300586,0.9819123465960614,17.106756993978685
23,Intermediate,1.20864585370021,Strength,19,Male,1,0,0.9073541585605474,133.75324063933672,76.40666640189394,46.24624150677122,Low,0.0,121.36155911505178,2.892196930804768,100.4110991920507
35,Intermediate,0.8947243672464342,Strength,19,Male,3,0,0.6678830830908365,79.23825655623973,87.70290958591977,28.824344030971186,Low,0.0,52.92189108752409,2.74900458175545,59.14875449479439
25,Intermediate,0.7294894398659109,Endurance,38,Male,2,1,0.9809426525714926,46.030038594075556,96.06375317010524,34.37129260532132,Low,0.9681899826910337,45.152828156440656,1.3392000639437454,61.896394646022074
16,Beginner,1.0207447175199866,Strength,25,Male,2,1,0.8203521466423,46.420760749948855,84.15987783353704,32.99640530969495,Low,-0.8098726197489793,38.08137072998917,1.406842924476584,37.30740190858897
20,Intermediate,1.2198364576547065,Hypertrophy,26,Female,0,0,1.0353009692037556,113.60480324966944,82.79882480975886,48.17484445186713,Low,0.0,117.61516291058474,2.3581768075037264,96.41871724181593
45,Beginner,1.18560546903454,Endurance,27,Female,0,1,1.162449300529688,43.95238695730855,97.47666083122172,49.4419568825205,Low,-0.4430425210304197,51.092421475133506,0.8889693863205059,43.093912533000065
48,Advanced,0.9665210570610695,Hypertrophy,26,Male,1,4,1.0845778570239137,79.54034297665993,78.87939713429135,44.35528473773884,Low,11.590415415119185,86.26769473257293,1.7932551138766437,89.25579514955872
3,Beginner,1.0293767882646523,Strength,22,Male,1,0,0.8648826316504251,97.43840780785422,79.28014867156938,46.108627594591134,Low,0.0,84.27278656868428,2.113235868812729,81.86769476612974
17,Intermediate,1.073947968777169,Endurance,29,Female,0,0,1.102174196334065,75.40790948506366,93.16924012894799,47.780576221153645,Low,0.0,83.11265203393195,1.578212610032654,77.38975915081566
44,Beginner,1.0076257789914758,Strength,31,Female,2,2,0.8622434766303445,39.95950330127398,93.55672301694133,30.115195103281916,Low,0.6810685506032129,34.45482105091221,1.3268883644068068,34.194030735663574
5,Intermediate,0.7552748767923754,Strength,42,Male,4,0,0.4910055068877948,21.383706489317408,103.46691650205761,21.38313111179788,Low,0.0,10.49951764392712,1.0000268612435506,13.901566257508616
0,Intermediate,0.833217982292962,Strength,32,Male,0,1,1.1400141234743713,114.23296907144689,64.09560932988242,50.0,Low,-3.1125736432698567,130.2271981078605,2.284659335735751,156.2940845988459
6,Intermediate,0.8393118775460912,Strength,30,Female,3,0,0.6802382141888437,35.118732221992964,98.96955986618076,25.163385217987297,Low,0.0,23.889103691264697,1.3956282321371112,28.462691721244106
48,Advanced,0.9665210570610695,Hypertrophy,26,Male,2,0,0.9794852739750515,74.26170947248549,80.87939713429135,38.19008178154105,Low,0.0,72.73825084851313,1.9445286331869238,75.25772466040802
17,Intermediate,1.073947968777169,Endurance,29,Female,3,2,0.6617199623704895,33.82809411596522,118.16924012894799,21.991020237998843,Low,10.511043084973359,22.384725165481882,1.5382684482843751,20.8433787975697
42,Advanced,0.9641477125393119,Hypertrophy,21,Female,1,0,1.2250491507255437,77.38543305845684,69.6929558149821,40.04991452034511,Low,0.0,94.80095904679096,1.9322246265200114,98.32607544235618
34,Intermediate,1.0856711863057111,Strength,24,Female,4,1,0.3656398900910137,26.622515150426292,102.06238518786503,15.0,Low,12.996871469622883,9.734253513548216,1.7748342250394713,8.966107482841213
41,Advanced,0.7129989497915796,Endurance,22,Male,2,2,1.0737600447032192,57.878164130329104,102.58088040765011,32.51051170087374,Low,13.238485220541241,62.147260103922434,1.780290722046152,87.16306378715593
38,Intermediate,0.9337588884799567,Strength,31,Male,1,4,0.9072882222101077,82.63436990161858,81.50529364365697,37.41829455894334,Low,9.067817084769102,74.97319056149196,2.2083948150831305,80.29172326468087
26,Intermediate,0.9581492079931055,Strength,30,Female,0,2,1.171779105664744,98.26049885100282,75.74592996378966,48.55453378356739,Low,-0.989790473444663,115.13959946579969,2.0237141451153957,120.16863170855585
25,Intermediate,0.7294894398659109,Endurance,38,Male,0,7,1.080197141582699,52.59612254290134,92.06375317010524,43.68715175666511,Low,12.123111938259733,56.81418122917538,1.2039265373016794,77.88200930997603
15,Advanced,1.1536748423298229,Strength,27,Male,1,2,1.0731461285934352,124.53885461334534,69.30419132231759,44.09973296678264,Low,7.695630462722369,133.6483896877722,2.8240273446355046,115.84570360585192
30,Advanced,1.2799937617940123,Strength,42,Male,4,2,0.5793762901555567,119.28066180078807,102.17749103702971,16.016159008726554,Low,5.578800307786124,69.10838732144022,7.447519363929736,53.99114854546705
13,Beginner,1.0978969610765617,Endurance,20,Male,2,3,0.5778247364761495,49.01624974025707,104.14999772290562,30.330448587432638,Low,11.750606646209274,28.32280158921317,1.6160739589091633,25.797298650086564
37,Beginner,0.9734386164236759,Hypertrophy,31,Male,0,3,0.8516704713466208,91.12737244605124,80.27751822790157,47.684429648439945,Low,-1.1567425750313032,77.61049224370753,1.9110508651744296,79.7281011932112
5,Intermediate,0.7552748767923754,Strength,42,Male,4,3,0.4292382979381748,20.0,108.46691650205761,15.856847088774964,Low,12.579738533102672,8.584765958763496,1.2612847072778586,11.36639766018032
45,Beginner,1.18560546903454,Endurance,27,Female,3,1,0.7531315029453375,23.08220239994383,118.47666083122172,24.107978810650806,Low,5.484852658939734,17.383933784758174,0.957450710562907,14.662482230646242
2,Intermediate,0.7590330519613642,Strength,31,Male,1,2,0.7498564466343659,66.4997131796492,90.43570817536282,44.71851499125265,Low,7.799746673389839,49.86523862709626,1.4870733454718659,65.6956542308519
48,Advanced,0.9665210570610695,Hypertrophy,26,Male,0,7,1.1248566938702902,86.8953588492299,81.87939713429135,46.87672052496553,Low,14.438618696985376,97.7448260678172,1.8536995767281061,101.13046603926723
44,Beginner,1.0076257789914758,Strength,31,Female,0,3,1.0769084273049396,55.57266843855434,81.55672301694133,43.65806870126188,Low,-2.764259720029336,59.846674969302406,1.2729071353548205,59.39369240385055
39,Intermediate,0.8988570935172121,Strength,18,Male,3,2,0.47694688931630447,44.219331849197594,94.0594535110225,27.036126785575178,Low,13.053018870719542,21.090272773120184,1.635564537936173,23.463406432259408
10,Intermediate,0.965530055413721,Endurance,23,Male,1,1,1.0184398905281515,77.65438466558696,97.60900750988625,46.509151702681855,Low,7.941958712828866,79.08632301785136,1.6696581243267667,81.90966264048711
6,Intermediate,0.8393118775460912,Strength,30,Female,0,4,1.042056240412186,54.96578713155084,83.96955986618076,46.03524538207372,Low,5.945069416128431,57.277441489600385,1.193993547364932,68.2432535255066
9,Beginner,0.8121409833380322,Strength,32,Female,0,4,0.7697598385984558,23.629977643301434,85.18369275866755,46.85933317428053,Low,8.251496856289933,18.18940777679283,0.5042747204946654,22.396832265746788
4,Intermediate,0.8685521998038728,Strength,30,Male,0,7,0.7759773226206876,81.68374840561202,84.97705142498316,45.50664191426337,Low,14.000687443939547,63.38473638940868,1.7949851532557126,72.97737939797071
24,Intermediate,1.0168633682422321,Strength,27,Female,2,1,0.7503524614546213,47.13094553728849,86.72571598727212,34.434590253752816,Low,14.7545666086899,35.364820994588115,1.3687093071607748,34.778306821508856
23,Intermediate,1.20864585370021,Strength,19,Male,2,2,0.6934571549653683,89.51091407546456,82.40666640189394,37.18008842629758,Low,6.729678773796323,62.07198381312119,2.4074959328137937,51.35659239346135
42,Advanced,0.9641477125393119,Hypertrophy,21,Female,0,8,1.2489383849894236,71.69466494771751,81.6929558149821,40.22595254971902,Low,11.090552487548964,89.54221905216015,1.7822987057125539,92.87179237768176
47,Beginner,1.0237145374607064,Strength,32,Female,0,4,0.7199070052196694,57.21553380232363,83.55817375181444,45.55894653221381,Low,9.474606342468416,41.18986359167557,1.2558572333539462,40.235653445141324
32,Advanced,0.7947734188111895,Strength,27,Male,2,0,0.8435289084753871,90.38111185180138,83.56666168173585,37.45494499948169,Low,0.0,76.23908062714189,2.4130621321160657,95.92543345969672
42,Advanced,0.9641477125393119,Hypertrophy,21,Female,1,2,1.1269434223773647,60.82276715311129,75.6929558149821,41.56523970346591,Low,8.008309567830418,68.5438173739888,1.4633084308841642,71.09257781765074
0,Intermediate,0.833217982292962,Strength,32,Male,0,5,1.0651580836851917,99.45083531340175,75.09560932988242,50.0,Low,3.6580432784588646,105.9308611633146,1.9890166664877018,127.13447894789924
38,Intermediate,0.9337588884799567,Strength,31,Male,0,4,1.025794848964337,93.29993478762185,71.50529364365697,50.0,Low,6.533410627097805,95.70659251385104,1.865998658432464,102.49593465580246
16,Beginner,1.0207447175199866,Strength,25,Male,4,1,0.415688112509393,20.72430733894137,105.15987783353704,15.842324963476345,Low,9.484953268774786,8.6148482007891,1.3081606442589413,8.439759337633879
0,Intermediate,0.833217982292962,Strength,32,Male,1,4,0.8597401596068523,67.16210342033229,76.09560932988242,41.10774254879165,Low,8.933649209658734,57.7419575141284,1.6338066170091816,69.29985843004496
45,Beginner,1.18560546903454,Endurance,27,Female,3,0,0.7968368289451464,24.723285530855545,115.47666083122172,28.238731051043942,Low,0.0,19.700424443512354,0.8755097603591434,16.61632671383343
18,Beginner,0.8990066322300064,Hypertrophy,24,Male,1,0,1.0078380355508954,61.48596953082877,87.12693282271981,43.87706082215733,Low,0.0,61.967898745892676,1.4013237663917408,68.92922431835207
42,Advanced,0.9641477125393119,Hypertrophy,21,Female,1,1,1.242178665911135,64.9149061783286,70.6929558149821,42.03654981793213,Low,-1.3982716673405453,80.6359115543427,1.5442491097684665,83.63430921560752
3,Beginner,1.0293767882646523,Strength,22,Male,2,4,0.5781829043862039,57.343657173604974,97.28014867156938,33.62616831231604,Low,13.385485280667048,33.1551222527617,1.7053282709964257,32.208896122244234
23,Intermediate,1.20864585370021,Strength,19,Male,0,1,0.9285500020352825,161.45890674248625,62.40666640189394,50.0,Low,1.0900463325049725,149.9226681843501,3.2291780702661637,124.04174778213304
37,Beginner,0.9734386164236759,Hypertrophy,31,Male,4,3,0.3187041540268082,24.424067379248065,106.27751822790157,17.495450032212638,Low,6.001367913707859,7.784051731997017,1.3960238769654152,7.996440252344443
36,Advanced,1.110462061680402,Endurance,24,Female,1,2,1.220034961150104,92.65456564477464,89.30555371460706,39.45960738219581,Low,6.06137533494901,113.04180939680238,2.348086294910631,101.79700099681165
19,Intermediate,0.8216554870697557,Endurance,29,Male,2,2,1.0311486473428406,47.68076228663235,96.04559104152717,35.59312933706035,Low,-1.9406486852315663,49.16595353613648,1.3396057563665902,59.83760161314525
11,Beginner,0.8656665859680498,Hypertrophy,37,Female,0,0,0.9475036265575907,55.31462248851882,83.96248279515736,50.0,Low,0.0,52.41080540953565,1.1062924276445278,60.543800252063534
16,Beginner,1.0207447175199866,Strength,25,Male,0,4,0.9034393782392519,56.81533099667162,80.15987783353704,46.512187203325574,Low,2.6472407276780063,51.329207310090304,1.2215149016061426,50.28598839954012
33,Intermediate,1.1584151877504985,Hypertrophy,36,Female,2,2,0.7842781404184539,68.49400839061241,101.07936245061157,30.159408557388836,Low,2.117661764896446,53.718353530395476,2.2710659590426854,46.37224004501345
39,Intermediate,0.8988570935172121,Strength,18,Male,2,4,0.6286876679640564,65.29793664474887,85.0594535110225,34.67060464120304,Low,13.638375646520846,41.05200751205187,1.8833803285843924,45.671288725249454
45,Beginner,1.18560546903454,Endurance,27,Female,1,5,0.9928194296825968,33.748882913203396,107.47666083122172,37.63221168001578,Low,12.094441124736143,33.50654668631133,0.8968083593746645,28.261103124375072
13,Beginner,1.0978969610765617,Endurance,20,Male,3,1,0.458617856070525,36.68630057374775,103.14999772290562,28.836957329714153,Low,14.861438940725133,16.824992516291065,1.2721973016115742,15.324732454911427
3,Beginner,1.0293767882646523,Strength,22,Male,3,0,0.5635780959410509,50.856762897940904,101.28014867156938,27.272574684474478,Low,0.0,28.661757599747016,1.864758337691304,27.843769242452414
7,Beginner,1.157516589416337,Strength,23,Female,0,4,0.8872919550573866,59.36472658504949,88.51234611250892,46.0785074780955,Low,6.984324494236841,52.67384431309577,1.2883387189771975,45.50586945262393
1,Intermediate,0.9333251883671226,Strength,18,Male,3,2,0.8049690657394039,50.627025422018086,91.32876454424816,27.9280708531682,Low,8.131572868255262,40.75318935512695,1.8127647940820835,43.66446571742047
48,Advanced,0.9665210570610695,Hypertrophy,26,Male,0,2,1.3204973904771453,103.89933894487416,68.87939713429135,50.0,Low,-0.442644251427834,137.19880594900675,2.0779867373377487,141.95103458496433
7,Beginner,1.157516589416337,Strength,23,Female,1,2,0.8013538935984381,55.67072848627098,95.51234611250892,38.73705592497541,Low,8.116938230141763,44.611955031934734,1.4371439883544102,38.54106014443351
1,Intermediate,0.9333251883671226,Strength,18,Male,4,2,0.5761060400424884,31.761949069197037,104.32876454424816,18.44690448372932,Low,3.698354044820685,18.298250702286307,1.721803643283799,19.605418695364747
25,Intermediate,0.7294894398659109,Endurance,38,Male,1,2,1.0508416630973958,51.2112141059434,92.06375317010524,41.04560864260262,Low,11.304608841058785,53.814877400326374,1.2476660610441892,73.77050398387428
36,Advanced,1.110462061680402,Endurance,24,Female,4,0,0.5922173000408001,37.78560855216759,109.30555371460706,17.882081908253745,Low,0.0,22.377291077163253,2.1130429126199313,20.15131511290519
38,Intermediate,0.9337588884799567,Strength,31,Male,2,4,0.7530388294176471,64.20591020384943,92.50529364365697,33.88813434128216,Low,14.390063665245096,48.349543461601336,1.8946427579222538,51.779417876161176
10,Intermediate,0.965530055413721,Endurance,23,Male,4,3,0.39765901921328994,22.281537249454143,124.60900750988625,15.030596504570491,Low,7.607465146838285,8.86045424918232,1.4824119428837605,9.176767748175328
2,Intermediate,0.7590330519613642,Strength,31,Male,3,2,0.48713849215121224,35.1164007060052,104.43570817536282,25.087136731517077,Low,13.871621118854089,17.10655048970114,1.399777092222375,22.537263572691312
38,Intermediate,0.9337588884799567,Strength,31,Male,2,2,0.8261062947525126,72.82548378989428,89.50529364365697,36.88779422436027,Low,6.083319296834234,60.161590577228736,1.9742433329764633,64.42940130483032
27,Intermediate,0.849802801870305,Hypertrophy,22,Male,0,3,1.101142202714575,75.10794641564749,76.46905469457332,50.0,Low,4.538621633196697,82.70452955749434,1.502158898269772,97.32191051095874
44,Beginner,1.0076257789914758,Strength,31,Female,4,0,0.40045450402590055,20.0,107.55672301694133,17.635904887551725,Low,0.0,8.00909008051801,1.1340500526325084,7.948468865162789
6,Intermediate,0.8393118775460912,Strength,30,Female,4,0,0.5482262445356514,23.7595823242785,104.96955986618076,18.453436576596165,Low,0.0,13.025626589374847,1.2875423468206233,15.519393229683336
43,Intermediate,0.9951094359398727,Hypertrophy,21,Male,4,1,0.31289761578386466,22.268990904058285,105.90419751209178,18.05647943230297,Low,13.158938965260578,6.967914159792406,1.2332963219243518,7.002151628739854
2,Intermediate,0.7590330519613642,Strength,31,Male,1,1,0.7460078756340087,63.885089525869255,89.43570817536282,43.73913703721842,Low,8.272956209389733,47.658779921882186,1.4605932442360499,62.788724430387056
46,Beginner,0.9303397327885133,Strength,41,Female,1,4,0.7831511377737358,54.6855258833637,85.60632072590371,32.68923417938609,Low,2.6621802113589172,42.827031815311365,1.6728909557923377,46.033706045467625
1,Intermediate,0.9333251883671226,Strength,18,Male,4,0,0.5982307304598091,35.97601352637857,96.32876454424816,20.380244548676167,Low,0.0,21.521956850917427,1.7652394540808392,23.059416010356063
40,Intermediate,1.057182432191474,Endurance,35,Male,1,2,1.2239742670963296,62.14291495504233,108.0,45.02099470930417,Low,4.134590301198476,76.06132878732747,1.3803096527738434,71.94714414853927
38,Intermediate,0.9337588884799567,Strength,31,Male,3,0,0.7879589269716437,68.30603853238951,89.50529364365697,28.777811326380014,Low,0.0,53.822352827665384,2.373566056992275,57.640463562084875
38,Intermediate,0.9337588884799567,Strength,31,Male,1,2,0.9395315496306279,85.97403325770254,80.50529364365697,43.737038614634905,Low,5.83625728378731,80.77531669460441,1.965703074904381,86.50544716168568
42,Advanced,0.9641477125393119,Hypertrophy,21,Female,0,0,1.4047307906333801,98.51154164040842,66.6929558149821,50.0,Low,0.0,138.38219577504407,1.9702307934035528,143.52785413215153
17,Intermediate,1.073947968777169,Endurance,29,Female,1,3,0.8454959913614813,48.68530414538899,104.16924012894799,36.23520749001017,Low,5.0323485787703195,41.1632294931409,1.3435911141179508,38.32885052258174
9,Beginner,0.8121409833380322,Strength,32,Female,0,6,0.7276927364893315,23.562855072107244,87.18369275866755,39.05666910795815,Low,13.265520005553125,17.146518486923245,0.6032991293670502,21.112710386487272
30,Advanced,1.2799937617940123,Strength,42,Male,0,2,1.0505433222738962,250.0,63.17749103702971,46.660742354534456,Low,2.6309611626575746,262.63583056847403,5.35782291551738,205.18508232046943
20,Intermediate,1.2198364576547065,Hypertrophy,26,Female,1,5,0.8233530821030538,70.38750230340632,100.79882480975886,32.87975490353486,Low,12.239874334603718,57.953766963045396,2.140755013811981,47.50941742227602
33,Intermediate,1.1584151877504985,Hypertrophy,36,Female,1,2,0.8961225157682079,84.15324759229567,95.07936245061157,39.77588953582354,Low,4.72423659014346,75.41161994247288,2.1156848145613325,65.09890032606758
8,Intermediate,0.9755399554084354,Endurance,24,Male,1,2,1.02642337426815,54.62010981314978,88.53192666523107,41.72525174903486,Low,8.332177924369832,56.06335741731009,1.309042036046461,57.468994106800686
36,Advanced,1.110462061680402,Endurance,24,Female,0,3,1.3255605998764515,116.77346060873207,80.30555371460706,45.7744181427997,Low,5.647488957529588,154.79029849416006,2.551063733751398,139.39256859199307
0,Intermediate,0.833217982292962,Strength,32,Male,1,2,0.8642000624398295,63.90318402137064,74.09560932988242,44.34764326255375,Low,8.461242434960132,55.225135621372424,1.4409600573830073,66.27925766813017
37,Beginner,0.9734386164236759,Hypertrophy,31,Male,3,2,0.42220550174350574,36.03098723801527,100.27751822790157,24.92715847275025,Low,4.251899087003446,15.21248104514009,1.4454509859979612,15.627554897579872
37,Beginner,0.9734386164236759,Hypertrophy,31,Male,0,4,0.7718284446976437,81.97234107456691,78.27751822790157,50.0,Low,8.326454985674419,63.26858451980775,1.6394467887024025,64.99487328474517
13,Beginner,1.0978969610765617,Endurance,20,Male,2,4,0.572566876247886,48.294133696814974,101.14999772290562,31.998481039452724,Low,12.553623454234808,27.651621271883123,1.5092632718411587,25.18596650345254
8,Intermediate,0.9755399554084354,Endurance,24,Male,0,6,0.9787479666235089,55.51163287717688,87.53192666523107,47.474826585108566,Low,13.927118479074283,54.331897802487596,1.1692856130474758,55.69412283643196
3,Beginner,1.0293767882646523,Strength,22,Male,0,6,0.725313550765291,66.85330134838924,87.28014867156938,50.0,Low,14.403983679754855,48.48960538138222,1.3370660002264647,47.10574284211734
8,Intermediate,0.9755399554084354,Endurance,24,Male,0,2,1.1225890117319037,73.68681562622524,78.53192666523107,50.0,Low,1.2774745915141317,82.72000953151519,1.473736283049779,84.79398950183729
14,Beginner,0.8551502794715188,Strength,43,Male,4,9,0.2,20.0,117.0103113550766,15.0,Low,8.108216511557892,4.0,1.3333332444444503,4.677534953197976
45,Beginner,1.18560546903454,Endurance,27,Female,4,1,0.5804697198413457,20.0,126.47666083122172,15.0,Low,6.787751801960898,11.609394396826913,1.3333332444444503,9.791945894391624
27,Intermediate,0.849802801870305,Hypertrophy,22,Male,2,0,1.0010693709708223,60.57852340981159,84.46905469457332,34.17280799660049,Low,0.0,60.64330432420132,1.7727112633859845,71.36153567533292
23,Intermediate,1.20864585370021,Strength,19,Male,3,2,0.6042847721714537,77.41453230770152,94.40666640189394,27.25236539683446,Low,3.6420687547367185,46.780423018319055,2.84065358510275,38.70479029925342
46,Beginner,0.9303397327885133,Strength,41,Female,0,1,0.8556539686132297,78.06159774186582,68.60632072590371,47.79897527235255,Low,1.8255753215177917,66.79371590411702,1.6331227952891851,71.79489573020844
9,Beginner,0.8121409833380322,Strength,32,Female,4,1,0.41443078116765397,20.0,114.18369275866755,18.020738957189668,Low,9.706675040115432,8.28861562335308,1.1098323402652883,10.205870147588671
4,Intermediate,0.8685521998038728,Strength,30,Male,3,1,0.5182308914315327,48.393970411247125,93.97705142498316,27.360669854779587,Low,-12.978754144834499,25.079250426131814,1.7687420994939993,28.874742999962393
43,Intermediate,0.9951094359398727,Hypertrophy,21,Male,1,5,0.8272646793435608,68.43838594754087,86.90419751209178,38.51272956764064,Low,13.522969426277879,56.61665940568326,1.777032813275632,56.8948504215106
42,Advanced,0.9641477125393119,Hypertrophy,21,Female,2,1,0.9652744496408763,49.98016014722012,80.6929558149821,32.033889254758655,Low,-4.4937466529634245,48.24457157907076,1.5602276136222804,50.038516830051414
48,Advanced,0.9665210570610695,Hypertrophy,26,Male,0,0,1.314678043691959,127.85943986591785,63.87939713429135,50.0,Low,0.0,168.09399827047454,2.557188746174582,173.91636025524616
5,Intermediate,0.7552748767923754,Strength,42,Male,2,0,1.0133323363323383,51.453566153771604,86.46691650205761,34.62324079899869,Low,0.0,52.139562403231906,1.4860990329120383,69.03379811978958
18,Beginner,0.8990066322300064,Hypertrophy,24,Male,0,3,0.9347167011180915,64.78900552434922,86.12693282271981,50.0,Low,9.849104252491674,60.55936551244151,1.2957800845713827,67.36245982942636
0,Intermediate,0.833217982292962,Strength,32,Male,1,5,0.8435668395149377,67.03312243028583,81.09560932988242,39.86879258236344,Low,10.6467775595177,56.546919231334094,1.6813431359994535,67.86561568211134
11,Beginner,0.8656665859680498,Hypertrophy,37,Female,1,0,0.8912929785705683,43.743435568811464,97.96248279515736,35.0180129881867,Low,0.0,38.98821698103571,1.2491695155404383,45.03832373189343
24,Intermediate,1.0168633682422321,Strength,27,Female,0,4,0.9558476735643672,61.24750132572212,72.72571598727212,42.8863682705314,Low,12.85573818458346,58.543281653821985,1.4281344484856462,57.57236017131846
43,Intermediate,0.9951094359398727,Hypertrophy,21,Male,0,2,1.041707684127101,103.23051751701655,73.90419751209178,50.0,Low,3.7565117491815645,107.53602333389344,2.064610309048125,108.06441119505158
46,Beginner,0.9303397327885133,Strength,41,Female,4,2,0.5083243222909115,33.576794324463286,110.60632072590371,15.570021277403736,Low,9.595359172916277,17.067901219684124,2.156502651456844,18.345860412374343
28,Beginner,0.9584665966346795,Strength,24,Male,2,1,0.6737540127051084,25.5537744708957,87.88781974009713,37.446295044394894,Low,14.140142732234798,17.216958089527335,0.6824112708130098,17.963004852723873
15,Advanced,1.1536748423298229,Strength,27,Male,0,4,1.1317806356288915,142.13420060500457,64.30419132231759,50.0,Low,11.763754415251377,160.86473590533646,2.8426839552464123,139.43668576822557
17,Intermediate,1.073947968777169,Endurance,29,Female,4,1,0.40218113901872526,20.0,124.16924012894799,16.57645046290072,Low,8.655205884741653,8.043622780374506,1.2065308455649524,7.48976256249235
27,Intermediate,0.849802801870305,Hypertrophy,22,Male,3,0,0.7065995902354676,36.06821313894354,87.46905469457332,29.873297059313238,Low,0.0,25.485784624503015,1.2073729879884818,29.990198406281774
42,Advanced,0.9641477125393119,Hypertrophy,21,Female,0,7,1.218622132965701,65.07832354572028,78.6929558149821,39.15264353894801,Low,13.248706364851905,79.30588544911765,1.6621692943622772,82.25482689309099
32,Advanced,0.7947734188111895,Strength,27,Male,2,4,0.7570376858806159,78.83187024086445,87.56666168173585,32.786143846099264,Low,10.25349833606738,59.67869662078501,2.4044263395683583,75.088849374457
27,Intermediate,0.849802801870305,Hypertrophy,22,Male,1,5,0.9976850450443008,55.94814259626832,87.46905469457332,37.88954538653651,Low,13.906614590590664,55.81862516630292,1.4766115705240712,65.68413208255078
4,Intermediate,0.8685521998038728,Strength,30,Male,2,0,0.6272896614650375,67.48210761692012,82.97705142498316,37.13896739534983,Low,0.0,42.330828441965046,1.8170162105356042,48.73717401711689
33,Intermediate,1.1584151877504985,Hypertrophy,36,Female,2,0,0.8012458167220081,81.9621521171004,100.07936245061157,34.676696182932474,Low,0.0,65.67183151335958,2.3636089586248534,56.69105128864453
32,Advanced,0.7947734188111895,Strength,27,Male,2,3,0.7744199502406021,82.70015990699355,87.56666168173585,32.60334434261489,Low,8.192838151770529,64.04465372006378,2.5365544252570476,80.58217804224338
46,Beginner,0.9303397327885133,Strength,41,Female,0,4,0.8107338145701988,65.23357360332525,82.60632072590371,44.2386050839386,Low,6.979539939704189,52.88706396546971,1.4745847434602861,56.846983155248004
14,Beginner,0.8551502794715188,Strength,43,Male,1,1,0.5871689804244045,45.99926203889546,83.0103113550766,46.93547113874237,Low,2.873499551535648,27.00933979165326,0.9800532506186482,31.584282734564766
9,Beginner,0.8121409833380322,Strength,32,Female,1,1,0.7750895848612163,25.353864809846673,91.18369275866755,36.96389616754533,Low,5.748323297262997,19.651516550091458,0.6859088665604129,24.197144037943477
3,Beginner,1.0293767882646523,Strength,22,Male,2,1,0.6620098843711824,57.37310236084314,88.28014867156938,36.213429187188716,Low,0.8278099556001524,37.98156085991778,1.5843045539811946,36.897591237079176
5,Intermediate,0.7552748767923754,Strength,42,Male,3,1,0.7105967064259616,32.935506032363556,91.46691650205761,25.442519741081497,Low,4.371003163881016,23.403862111069934,1.294506403965834,30.98717015888968
2,Intermediate,0.7590330519613642,Strength,31,Male,4,0,0.4099319659867485,29.810458919406457,110.43570817536282,18.403257974898274,Low,0.0,12.220260031799492,1.6198467325851038,16.099752046989217
48,Advanced,0.9665210570610695,Hypertrophy,26,Male,0,3,1.2804373304296828,108.56274339176478,75.87939713429135,50.0,Low,2.6044941897804366,139.00778933267398,2.1712548244101995,143.8226766964417
39,Intermediate,0.8988570935172121,Strength,18,Male,0,9,0.8199031324971684,87.16618492315664,78.0594535110225,42.661954128950654,Low,12.613659353986883,71.46782806632358,2.043183081030554,79.50957841039349
46,Beginner,0.9303397327885133,Strength,41,Female,2,1,0.6695797077222816,43.66420559073822,91.60632072590371,31.991277867409668,Low,0.3633998898551302,29.236666017372112,1.3648784023829712,31.425761537647563
23,Intermediate,1.20864585370021,Strength,19,Male,4,0,0.45905584964921314,54.65506500010328,92.40666640189394,21.88424445516373,Low,0.0,25.089727301255383,2.4974617065084623,20.758526135607333
16,Beginner,1.0207447175199866,Strength,25,Male,1,0,0.8862950915710857,52.133894645570244,80.15987783353704,45.56664994412818,Low,0.0,46.20601492885301,1.14412390564965,45.266920189599794
10,Intermediate,0.965530055413721,Endurance,23,Male,3,0,0.6969191926165057,42.14693986141877,114.60900750988625,28.97243243656699,Low,0.0,29.373011299476392,1.4547255740080098,30.42161216336054
41,Advanced,0.7129989497915796,Endurance,22,Male,1,2,1.3740444018673679,83.11053689468771,98.58088040765011,44.73695645605105,Low,-0.4077849531518937,114.19756795633698,1.8577601522484923,160.16490322295058
32,Advanced,0.7947734188111895,Strength,27,Male,4,2,0.4202097186712524,40.07998532850823,100.56666168173585,16.161854559235113,Low,5.680684616062651,16.841999359240365,2.4799123579350364,21.190917775678223
14,Beginner,0.8551502794715188,Strength,43,Male,4,7,0.2,20.0,119.0103113550766,15.0,Low,8.108216511557892,4.0,1.3333332444444503,4.677534953197976
2,Intermediate,0.7590330519613642,Strength,31,Male,3,0,0.5655957983644926,45.319869872361785,96.43570817536282,29.801953967859728,Low,0.0,25.63272798223338,1.5207012399434043,33.77019504724159
30,Advanced,1.2799937617940123,Strength,42,Male,2,3,0.80187867050492,183.6051056697246,87.17749103702971,31.634235638785075,Low,8.624022867724467,147.2290180323541,5.803999880452814,115.02314105254712
22,Beginner,1.0206059258197335,Endurance,23,Female,0,6,0.8872979899498592,34.10072083295379,97.41615151804841,44.49087009500428,Low,4.928915437198175,30.257501050921185,0.7664655690857632,29.646576253261163
41,Advanced,0.7129989497915796,Endurance,22,Male,0,0,1.5290515691249358,112.33394399883744,84.58088040765011,50.0,Low,0.0,171.76439333741504,2.246678835043172,240.90379443592428
24,Intermediate,1.0168633682422321,Strength,27,Female,1,2,0.9321958257151745,61.15423941963837,78.72571598727212,41.39028084900992,Low,2.896140589591519,57.007726711773266,1.477502367409011,56.06227191372408
7,Beginner,1.157516589416337,Strength,23,Female,0,3,0.9287200683341637,69.96262006812023,86.51234611250892,49.45060153231499,Low,2.641375232266502,64.97568929050175,1.4147981315778921,56.13365177739103
18,Beginner,0.8990066322300064,Hypertrophy,24,Male,3,1,0.6239311053226095,31.857096002253922,107.12693282271981,25.81232829321053,Low,3.3868963106417995,19.876633121054773,1.2341813727997557,22.109526558468016
1,Intermediate,0.9333251883671226,Strength,18,Male,0,6,1.0491384715499574,75.05830100503407,75.32876454424816,49.51053511431683,Low,10.720886516373449,78.74655119355808,1.5160066300176793,84.37195074460207
33,Intermediate,1.1584151877504985,Hypertrophy,36,Female,0,6,0.8889891166647953,84.4323803249788,94.07936245061157,41.09779094564471,Low,11.041777770753809,75.05946720300894,2.054426194882872,64.79490531703047
39,Intermediate,0.8988570935172121,Strength,18,Male,2,0,0.7279711013665402,76.57030210362512,79.0594535110225,36.399742539274555,Low,0.0,55.740967154344695,2.1035945492584966,62.01308922549888
6,Intermediate,0.8393118775460912,Strength,30,Female,0,1,1.1191055495203173,77.80104391504918,78.96955986618076,50.0,Low,-1.0093224282446167,87.06758000380545,1.5560208471805668,103.73673791157113
21,Intermediate,0.7976572398541362,Endurance,27,Male,2,2,0.6592159626592967,54.455484605027934,99.05925809477094,36.6586294399876,Low,14.278172829853114,35.897924705982,1.4854751514564863,45.004142015189956
14,Beginner,0.8551502794715188,Strength,43,Male,4,1,0.22737541337451764,20.0,101.0103113550766,19.21558966034268,Low,-4.469661282030988,4.547508267490353,1.0408215054911734,5.317782217785725
4,Intermediate,0.8685521998038728,Strength,30,Male,2,3,0.5629627542800939,52.31898958137697,92.97705142498316,34.28773035822258,Low,10.254737346492822,29.453642475883516,1.5258807599363173,33.911155335717396
41,Advanced,0.7129989497915796,Endurance,22,Male,4,1,0.6075026982120975,30.21088868209374,120.58088040765011,17.91088409022857,Low,12.248431682219623,18.35319638975726,1.686733432206292,25.740810213411894
49,Beginner,1.1383189852792346,Endurance,18,Female,3,1,0.697470278766251,27.995542548115058,124.05413208918489,24.426237353336305,Low,-0.5718290220213473,19.52605886524625,1.1461258235159746,17.15340072893162
7,Beginner,1.157516589416337,Strength,23,Female,3,1,0.6696349102048625,43.050314279481704,106.51234611250892,28.06482630179302,Low,7.961598396476373,28.82799333683184,1.5339597075208542,24.905015353907476
39,Intermediate,0.8988570935172121,Strength,18,Male,1,1,0.8533156813537709,97.89815146986672,77.0594535110225,45.16042637613654,Low,5.016146482446718,83.53802782478398,2.167786204822269,92.93794919051292
17,Intermediate,1.073947968777169,Endurance,29,Female,1,4,0.7715562260266519,42.33701856405953,109.16924012894799,35.898958310760904,Low,13.337397842432042,32.665390264506065,1.1793383255923182,30.41614752114328
8,Intermediate,0.9755399554084354,Endurance,24,Male,0,3,1.039947682082347,67.36733547688704,79.53192666523107,47.87741257633394,Low,8.545103867105015,70.05850437725253,1.4070796737897946,71.81503143342734
33,Intermediate,1.1584151877504985,Hypertrophy,36,Female,0,2,0.9725817869506047,108.51008141651748,89.07936245061157,45.15997857594491,Low,2.676933701661483,105.53492888623218,2.402792969249191,91.1027746350541
22,Beginner,1.0206059258197335,Endurance,23,Female,3,0,0.6389850539799176,20.0,107.41615151804841,25.230158249447044,Low,0.0,12.77970107959835,0.7927020912655686,12.521667996064126
8,Intermediate,0.9755399554084354,Endurance,24,Male,0,7,0.9776011862668257,53.66464305966489,91.53192666523107,47.61840461878894,Low,14.027968435485269,52.46261871571417,1.1269726981050008,53.77797664450627
34,Intermediate,1.0856711863057111,Strength,24,Female,4,0,0.42026062311466267,29.44061421927447,101.06238518786503,18.02965031763758,Low,0.0,12.372730876670687,1.6328998104624501,11.396378237129019
30,Advanced,1.2799937617940123,Strength,42,Male,2,1,0.8642777503115555,191.26720822576056,78.17749103702971,35.62610000136106,Low,1.5134996686276305,165.30799243373218,5.368738168076641,129.14739760500282
8,Intermediate,0.9755399554084354,Endurance,24,Male,1,0,1.11972047663716,74.8498104292421,80.53192666523107,41.85821494929685,Low,0.0,83.81086541003204,1.7881748835141038,85.91219563400334
19,Intermediate,0.8216554870697557,Endurance,29,Male,4,0,0.6397052860450807,26.925676444390824,114.04559104152717,19.400596678364856,Low,0.0,17.224497551816324,1.3878787082120556,20.96313705651304
42,Advanced,0.9641477125393119,Hypertrophy,21,Female,0,1,1.4187666459963997,95.52079465076227,63.6929558149821,48.601026891678764,Low,-0.9991847161469926,135.52171744957283,1.965406881180735,140.56101064808206
24,Intermediate,1.0168633682422321,Strength,27,Female,4,1,0.5679447670636399,34.30410467127436,104.72571598727212,16.996636743624524,Low,-8.110056220422242,19.48283673685364,2.018287686583301,19.15972016064638
34,Intermediate,1.0856711863057111,Strength,24,Female,0,3,0.8555139930870018,80.82721923058212,77.06238518786503,48.6306802187852,Low,11.10138029824843,69.1488170740738,1.6620622455800587,63.6921696496353
34,Intermediate,1.0856711863057111,Strength,24,Female,0,1,0.9835389214056064,93.19537250023433,67.06238518786503,50.0,Low,-2.2020133421899133,91.66127614887418,1.8639074127265385,84.42813337677563
31,Advanced,0.905313829563895,Strength,34,Female,3,3,0.6310247886786374,49.801195354097416,96.64909681133815,22.47721510506757,Low,11.796376774540702,31.425788774262863,2.215630046056707,34.71255274742509
1,Intermediate,0.9333251883671226,Strength,18,Male,1,1,1.0395848788980007,75.55490426561116,79.32876454424816,49.077231226698025,Low,8.131874442205937,78.54573600111542,1.539510295051017,84.15678996271724
9,Beginner,0.8121409833380322,Strength,32,Female,2,0,0.6725069628436602,20.0,92.18369275866755,31.82730058549974,Low,0.0,13.450139256873204,0.6283913182609184,16.561315056747837
26,Intermediate,0.9581492079931055,Strength,30,Female,3,0,0.776080994998436,55.0405896124765,96.74592996378966,26.288342872242403,Low,0.0,42.71595555175134,2.0937260209302613,44.58169000581035
35,Intermediate,0.8947243672464342,Strength,19,Male,1,2,0.7407124212622483,100.60766099972662,83.70290958591977,45.523870196024575,Low,6.614115818822571,74.52134417663898,2.2099979276040194,83.28962931495107
47,Beginner,1.0237145374607064,Strength,32,Female,1,1,0.6897885189752139,48.004355193547276,85.55817375181444,45.52223604722326,Low,0.3557961170104717,33.11285307331709,1.0545253991746748,32.34575608323037
27,Intermediate,0.849802801870305,Hypertrophy,22,Male,0,5,1.0299087047345705,62.507239300099904,74.46905469457332,44.019916988105294,Low,10.714070985965488,64.37674986409974,1.4199762779428646,75.75483861382484
39,Intermediate,0.8988570935172121,Strength,18,Male,4,2,0.40489775557611524,36.03870294653533,103.0594535110225,18.058286990539404,Low,2.317556185967225,14.591989936926486,1.9956876845366363,16.233919505389718
16,Beginner,1.0207447175199866,Strength,25,Male,0,5,0.8750252525829136,50.97582138616349,75.15987783353704,44.98400990445483,Low,5.709088153839738,44.6051309840492,1.1331986712886752,43.69857273800006
8,Intermediate,0.9755399554084354,Endurance,24,Male,3,0,0.8362545995607876,44.28481313597654,101.53192666523107,29.16237498956242,Low,0.0,37.03337867565037,1.5185598440890629,37.961890241856004
2,Intermediate,0.7590330519613642,Strength,31,Male,0,3,0.7980253727537137,71.35009938465804,84.43570817536282,49.79685602063249,Low,6.561227236665886,56.93918965745625,1.4328233477686219,75.01532969479283
34,Intermediate,1.0856711863057111,Strength,24,Female,3,2,0.5766331814027125,45.804725754808956,99.06238518786503,23.227794013669893,Low,13.050338788883323,26.41252473527425,1.9719790762684195,24.32826876144806
7,Beginner,1.157516589416337,Strength,23,Female,3,0,0.7275603427898144,47.287588314619235,107.51234611250892,26.163476524296044,Low,0.0,34.40457396388799,1.807389261259587,29.72272238319596
38,Intermediate,0.9337588884799567,Strength,31,Male,0,2,1.0534774249885113,101.61865516836431,66.50529364365697,47.405055776326144,Low,4.011077853982462,107.0529591775639,2.1436247961443677,114.64720266773573
10,Intermediate,0.965530055413721,Endurance,23,Male,0,1,1.0770803006697374,80.759051515097,85.60900750988625,47.21297092185011,Low,6.854477831190213,86.98398348768349,1.7105267520285417,90.089265384024
18,Beginner,0.8990066322300064,Hypertrophy,24,Male,0,2,0.9995257242600919,62.41388077434198,87.12693282271981,50.0,Low,3.598449394411646,62.384279384857194,1.248277590521288,69.39238016268197
6,Intermediate,0.8393118775460912,Strength,30,Female,2,1,0.9043352858490697,45.03344754809281,91.96955986618076,34.6864764707025,Low,-1.2475996315163609,40.7253356611736,1.29829982263635,48.52223378276137
48,Advanced,0.9665210570610695,Hypertrophy,26,Male,0,4,1.2652876881787711,109.60256618476305,76.87939713429135,48.178851111292616,Low,3.7568403724524693,138.6787775863796,2.2749102849437413,143.48226879380695
28,Beginner,0.9584665966346795,Strength,24,Male,0,5,0.9489664753192121,44.54162739265427,77.88781974009713,49.16972495412423,Low,14.40637060580249,42.268511151788786,0.905875038518864,44.10009404616258
35,Intermediate,0.8947243672464342,Strength,19,Male,0,7,0.7942178163635847,98.75626655295802,84.70290958591977,45.10421792791609,Low,6.1942364835949215,78.43398637391044,2.1895128415988463,87.66263844211244
22,Beginner,1.0206059258197335,Endurance,23,Female,0,5,0.8607654737621698,31.554912313687502,93.41615151804841,46.69265000063071,Low,7.771787976880439,27.16137904721495,0.6758004019360835,26.61296759807838
35,Intermediate,0.8947243672464342,Strength,19,Male,3,2,0.6138513905628056,68.42744600996834,97.70290958591977,26.686333928536957,Low,8.089992679254957,42.004282885880365,2.5641380201968325,46.946565307688566
1,Intermediate,0.9333251883671226,Strength,18,Male,0,2,1.1643518209378227,93.10572089665978,65.32876454424816,50.0,Low,0.9165127623240139,108.4078156657545,1.862114380690908,116.15212025220964
11,Beginner,0.8656665859680498,Hypertrophy,37,Female,4,0,0.49718383832161095,20.942678311587752,118.96248279515736,19.541400941554713,Low,0.0,10.412361187689953,1.0717080777635115,12.028128760355656
42,Advanced,0.9641477125393119,Hypertrophy,21,Female,0,2,1.3927416401916641,94.6231763872607,71.6929558149821,46.979752169045184,Low,0.8534838505469224,131.7856378817386,2.014126724905988,136.6860072183784
33,Intermediate,1.1584151877504985,Hypertrophy,36,Female,0,3,0.9564486792112189,109.37428584786403,93.07936245061157,47.29618632309962,Low,4.291320825896442,104.61089123885986,2.3125391715125683,90.30510134876597
37,Beginner,0.9734386164236759,Hypertrophy,31,Male,0,6,0.7382691105753567,70.40268010433998,83.27751822790157,44.02412068806394,Low,12.312448438552998,51.97612402275244,1.599184206403553,53.394297032729924
40,Intermediate,1.057182432191474,Endurance,35,Male,1,3,1.106618976129298,53.31404954977912,108.0,44.49562256183582,Low,13.326215771859722,58.99833892608323,1.1981863671533513,55.807097547663446
20,Intermediate,1.2198364576547065,Hypertrophy,26,Female,0,3,1.0180927339719172,98.52564120965789,85.79882480975886,43.4720462661381,Low,1.6621480848291976,100.3082394254768,2.2664136475211043,82.23082411187161
49,Beginner,1.1383189852792346,Endurance,18,Female,0,4,1.0589086423472174,52.45326896013808,112.05413208918489,45.269773396301616,Low,-1.3685855289106421,55.54321982125325,1.1586819165686706,48.79403027227733
46,Beginner,0.9303397327885133,Strength,41,Female,2,2,0.578381619007241,35.73310273493925,89.60632072590371,32.9704832989368,Low,13.934103110566895,20.667369811986237,1.0837906538149196,22.214839234266204
0,Intermediate,0.833217982292962,Strength,32,Male,0,0,1.1056014637151672,106.07870472340174,60.09560932988242,50.0,Low,0.0,117.280771211202,2.121574052036554,140.7562402004492
38,Intermediate,0.9337588884799567,Strength,31,Male,1,3,0.892001094697974,85.06016043794277,82.50529364365697,41.81615281879131,Low,10.599956311481002,75.87375622583025,2.034145962025769,81.25617427124992
18,Beginner,0.8990066322300064,Hypertrophy,24,Male,1,2,0.9378535977966762,57.901233633988426,96.12693282271981,47.3297946669048,Low,6.944016328572565,54.30288028050196,1.2233569323113658,60.403136006534865
26,Intermediate,0.9581492079931055,Strength,30,Female,0,6,1.0238503228395035,75.4268447800566,78.74592996378966,38.951394208294275,Low,11.759452716070781,77.22579937882607,1.9364349948623991,80.59884424653984
10,Intermediate,0.965530055413721,Endurance,23,Male,2,2,0.8191929651893367,49.911607919273855,111.60900750988625,37.378160952838755,Low,9.710965976692677,40.88723808875753,1.3353146680205668,42.346890718328815
35,Intermediate,0.8947243672464342,Strength,19,Male,4,0,0.4228495162998201,46.40577572715338,102.70290958591977,18.823207562553133,Low,0.0,19.62265981974474,2.465348857658251,21.931489301722312
37,Beginner,0.9734386164236759,Hypertrophy,31,Male,3,0,0.44095443953207103,35.801610406970504,100.27751822790157,25.572444486166987,Low,0.0,15.78687905135124,1.4000073018568686,16.21762540274529
22,Beginner,1.0206059258197335,Endurance,23,Female,2,1,0.7780215432181141,27.416194928201243,106.41615151804841,35.697079352537315,Low,9.189341400125098,21.330390287207763,0.7680234533873448,20.89971148302327
26,Intermediate,0.9581492079931055,Strength,30,Female,3,1,0.7421864402738738,47.54706002505777,97.74592996378966,25.85619748285529,Low,4.36739914300188,35.28878322548583,1.8389037373991863,36.83011591616724
42,Advanced,0.9641477125393119,Hypertrophy,21,Female,3,2,0.8842746919068579,44.46417666461776,95.6929558149821,25.675875592203667,Low,12.406633353473385,39.31854612099697,1.7317491188643215,40.78058250727977
33,Intermediate,1.1584151877504985,Hypertrophy,36,Female,2,4,0.7009538282549151,60.5206878412424,106.07936245061157,27.76965473260195,Low,12.517006188862167,42.422207830939556,2.179381999690774,36.62086932099789
3,Beginner,1.0293767882646523,Strength,22,Male,2,0,0.6675358122824528,68.1327287744811,86.28014867156938,37.788235726986485,Low,0.0,45.48103644549329,1.8030142360631525,44.183036552757
7,Beginner,1.157516589416337,Strength,23,Female,1,1,0.7910301506792955,51.86053973104214,95.51234611250892,39.615213311451896,Low,9.300656330114025,41.02325055775585,1.3091066306828079,35.44071462312835
23,Intermediate,1.20864585370021,Strength,19,Male,0,3,0.8268325142246763,130.8888764569051,74.40666640189394,47.715140163484854,Low,11.925081585823255,108.22317880490588,2.743130865073725,89.5407773358994
13,Beginner,1.0978969610765617,Endurance,20,Male,0,4,0.6825239371313467,67.1252398703063,84.14999772290562,50.0,Low,13.197720701695841,45.814582997167506,1.3425047705560307,41.72936340299173
17,Intermediate,1.073947968777169,Endurance,29,Female,3,4,0.6842473146681146,37.30929934075308,120.16924012894799,20.408138320058768,Low,7.464513776789822,25.528787886059153,1.8281578127057612,23.770950602175272
11,Beginner,0.8656665859680498,Hypertrophy,37,Female,2,1,0.6835883602098812,29.670982277565177,103.96248279515736,35.03884396950301,Low,12.496710622121403,20.282738120937225,0.8468025216981354,23.43016932793626
36,Advanced,1.110462061680402,Endurance,24,Female,3,0,1.0526098189057593,73.60200782339092,100.30555371460706,27.34461524132237,Low,0.0,77.4741961260798,2.6916453013579233,69.767468004602
18,Beginner,0.8990066322300064,Hypertrophy,24,Male,4,1,0.46264504008817103,22.765203127959833,118.12693282271981,18.010088477973273,Low,11.282690748604237,10.532208313750333,1.2640249875383553,11.715371411947837
30,Advanced,1.2799937617940123,Strength,42,Male,0,3,0.9614091311004631,221.42718080094605,72.17749103702971,45.80974111257097,Low,10.892315395356569,212.88211349586268,4.83362644253312,166.31483178688313
10,Intermediate,0.965530055413721,Endurance,23,Male,2,0,0.9073006196720071,58.01963556132778,100.60900750988625,41.345953538500126,Low,0.0,52.64125129793672,1.4032723686981667,54.52051594071248
14,Beginner,0.8551502794715188,Strength,43,Male,4,5,0.2,20.0,109.0103113550766,15.0,Low,8.108216511557892,4.0,1.3333332444444503,4.677534953197976
15,Advanced,1.1536748423298229,Strength,27,Male,2,1,0.9558777141199627,113.4376581666151,76.30419132231759,36.29975372921784,Low,11.25300525946969,108.43252938342576,3.1250254722880704,93.98873184728274
15,Advanced,1.1536748423298229,Strength,27,Male,2,0,1.077081783912417,128.13123943970268,67.30419132231759,39.398134051933596,Low,0.0,138.007823950624,3.2522158541464825,119.62443772066878
24,Intermediate,1.0168633682422321,Strength,27,Female,1,3,0.9403313660158124,62.13208336547613,83.72571598727212,38.5056817099796,Low,2.0486873616447214,58.424746824466496,1.6135821778163988,57.45579120395421
4,Intermediate,0.8685521998038728,Strength,30,Male,1,1,0.78480039064313,79.5820841640879,81.97705142498316,46.0998387469099,Low,7.602539060265369,62.45605074017064,1.726298499105354,71.90814650648203
32,Advanced,0.7947734188111895,Strength,27,Male,3,1,0.5761052669992927,58.107655719501636,89.56666168173585,27.91437164223073,Low,10.041601059752022,33.47612651298647,2.081639321228824,42.120286864616894
15,Advanced,1.1536748423298229,Strength,27,Male,0,0,1.2826708889623433,186.35204444811765,60.0,50.0,Low,0.0,239.02834251221716,3.727040814421537,207.18847855000996
41,Advanced,0.7129989497915796,Endurance,22,Male,3,1,1.0397861445894996,57.54563825516742,107.58088040765011,29.691221036257733,Low,9.653807829076134,59.835157339282546,1.9381364022300929,83.92028268273124
43,Intermediate,0.9951094359398727,Hypertrophy,21,Male,0,6,0.9522904933852467,77.50615947645528,83.90419751209178,46.01462675075373,Low,12.017775900070577,73.80837884822921,1.684380886362505,74.17104291396349
46,Beginner,0.9303397327885133,Strength,41,Female,0,7,0.7639065553878622,53.32882049484675,82.60632072590371,42.94692150193873,Low,12.352318420410443,40.738235567116014,1.2417378798781067,43.78851116731304
19,Intermediate,0.8216554870697557,Endurance,29,Male,3,2,0.7623019631918272,31.884607992453358,110.04559104152717,25.315501807344408,Low,10.343589936407724,24.30569926824902,1.259489421762666,29.581339222342866
5,Intermediate,0.7552748767923754,Strength,42,Male,3,0,0.7430766084932618,34.83556371387119,97.46691650205761,29.734070624340127,Low,0.0,25.88549253945434,1.1715705858916077,34.272897274819535
11,Beginner,0.8656665859680498,Hypertrophy,37,Female,4,1,0.43862526801478624,20.0,123.96248279515736,16.259001346801256,Low,11.77805185794177,8.772505360295725,1.2300877737393732,10.133803670707731
19,Intermediate,0.8216554870697557,Endurance,29,Male,0,3,1.2697386651540608,66.63254179409881,81.04559104152717,50.0,Low,8.469957048622181,84.60591467346119,1.3326508092289602,102.9699345223796
3,Beginner,1.0293767882646523,Strength,22,Male,1,2,0.7838535819024662,88.93723562212004,82.28014867156938,43.73349481369509,Low,9.368791415470328,69.71377070690241,2.033618259125525,67.7241839698401
16,Beginner,1.0207447175199866,Strength,25,Male,0,2,0.9622997194854034,67.00600163510495,77.15987783353704,50.0,Low,-3.69542793393286,64.47985657729997,1.340120005899699,63.16936282031223
5,Intermediate,0.7552748767923754,Strength,42,Male,0,4,1.1620764501913878,64.24125780663601,77.46691650205761,50.0,Low,5.3024681541426695,74.65325282776536,1.2848251304362177,98.84236359410095
3,Beginner,1.0293767882646523,Strength,22,Male,0,0,0.8473683495405149,86.03252502866037,70.28014867156938,50.0,Low,0.0,72.90123874033898,1.7206504661601982,70.82068369013237
39,Intermediate,0.8988570935172121,Strength,18,Male,0,0,0.9382509056174506,132.76510664582685,66.0594535110225,50.0,Low,0.0,124.56698154484445,2.6553020798104954,138.58359004970023
35,Intermediate,0.8947243672464342,Strength,19,Male,1,3,0.7007131225839289,96.43095556649637,78.70290958591977,43.5683721961816,Low,11.657057946533099,67.57043598875177,2.2133246777951245,75.52086758946317
34,Intermediate,1.0856711863057111,Strength,24,Female,0,0,0.9623478924163157,90.28450125106791,64.06238518786503,50.0,Low,0.0,86.88509949682341,1.8056899889075584,80.02885271701868
11,Beginner,0.8656665859680498,Hypertrophy,37,Female,2,0,0.781214472130115,36.06298394510907,98.96248279515736,32.45353819113088,Low,0.0,28.17292496611519,1.111218832951341,32.544738214507895
26,Intermediate,0.9581492079931055,Strength,30,Female,0,3,1.0614684949586226,86.54357517872052,74.74592996378966,49.107925074061406,Low,8.517330287075398,91.86327849329487,1.7623137871512042,95.87565470105902
3,Beginner,1.0293767882646523,Strength,22,Male,4,0,0.36082440102650143,31.944733992260723,106.28014867156938,18.740616081337112,Low,0.0,11.526439508708394,1.7045721522197346,11.197482246182833
48,Advanced,0.9665210570610695,Hypertrophy,26,Male,2,4,0.872302082788798,59.10100119718597,91.87939713429135,32.95594306958502,Low,10.942807823059072,51.55392643920857,1.7933335811104918,53.3396274431336
43,Intermediate,0.9951094359398727,Hypertrophy,21,Male,2,0,0.8647635111672652,67.00477301844997,82.90419751209178,39.45563424638278,Low,0.0,57.94328278040043,1.6982307495503535,58.227992278739926
17,Intermediate,1.073947968777169,Endurance,29,Female,1,2,0.8590581823133963,49.38069944683054,104.16924012894799,42.63520807366041,Low,3.5090185618466148,42.42089390815838,1.158214079858645,39.49991586328362
5,Intermediate,0.7552748767923754,Strength,42,Male,0,5,1.0622706995340565,56.91440224404061,79.46691650205761,49.212292334950334,Low,13.435632069232541,60.45850188533969,1.1565078232926056,80.04823633730285
29,Beginner,0.9068899380096165,Hypertrophy,24,Male,1,4,0.7520962316883362,46.93775608104727,88.32556653643316,38.632720113956836,Low,12.708138090359952,35.30170947246194,1.2149741133323917,38.92608029576276
18,Beginner,0.8990066322300064,Hypertrophy,24,Male,0,0,1.0368357334307752,73.09253007580605,82.12693282271981,50.0,Low,0.0,75.78494702945936,1.4618505722791098,84.29844676788035
13,Beginner,1.0978969610765617,Endurance,20,Male,1,1,0.7357637632895976,62.87854578302577,84.14999772290562,46.756721646188765,Low,0.3414809280757682,46.263755475496296,1.3448022492686649,42.1384838260667
28,Beginner,0.9584665966346795,Strength,24,Male,1,3,0.8727647194964023,38.962959105955306,89.88781974009713,43.26583185693964,Low,11.763353965381336,34.005496074858875,0.9005479967249915,35.479025263094094
12,Advanced,0.9620004503267581,Hypertrophy,31,Female,2,2,0.9823828809683394,50.066065583105534,83.79701765766903,32.032278229816335,Low,11.159704882659643,49.184045746281036,1.5629879230230663,51.12678960055096
46,Beginner,0.9303397327885133,Strength,41,Female,0,5,0.7700220379507496,57.79382993176135,81.60632072590371,45.12270490737719,Low,11.650651620201694,44.50252270503391,1.28081480863302,47.83464932428182
4,Intermediate,0.8685521998038728,Strength,30,Male,1,2,0.7545264920248994,68.00629441848373,83.97705142498316,42.06646353597499,Low,11.166797435288816,51.31255076319103,1.6166391725248306,59.07818976981245
2,Intermediate,0.7590330519613642,Strength,31,Male,0,1,0.7959716930043422,65.9278333572474,77.43570817536282,50.0,Low,6.801687404953542,52.476689133476356,1.3185566407738152,69.13614612924835
30,Advanced,1.2799937617940123,Strength,42,Male,4,0,0.6136082702233797,118.99104039355689,98.17749103702971,21.105021020575,Low,0.0,73.01388646797075,5.638043887258404,57.04233224020082
40,Intermediate,1.057182432191474,Endurance,35,Male,1,0,1.2767631942970055,68.00321744315566,99.0,50.0,Low,0.0,86.82400512519726,1.360064321661827,82.12766345119184
49,Beginner,1.1383189852792346,Endurance,18,Female,0,3,1.0598107948051256,55.256658472346786,103.05413208918489,48.02900200477886,Low,-1.4549479542723605,58.561603133853225,1.1504852279954423,51.445642605921414
29,Beginner,0.9068899380096165,Hypertrophy,24,Male,4,1,0.40960033761796477,22.824792262001335,105.32556653643316,19.1817780346649,Low,1.2700062806956973,9.349042616575657,1.1899205084550737,10.308894073960326
49,Beginner,1.1383189852792346,Endurance,18,Female,0,6,0.9930773805356723,45.0927890153696,111.05413208918489,46.56192031628884,Low,4.933395233686213,44.780628796430975,0.9684477732149491,39.33922743651567
49,Beginner,1.1383189852792346,Endurance,18,Female,1,2,0.9371313083165971,47.456805148146415,109.05413208918489,38.32560432402501,Low,5.703178492498391,44.47325789700827,1.238253244715156,39.0692059105848
5,Intermediate,0.7552748767923754,Strength,42,Male,0,1,1.267774490322427,80.78055566176685,73.46691650205761,50.0,Low,-3.310858034255097,102.41152778205893,1.6156110809231155,135.5948613333135
3,Beginner,1.0293767882646523,Strength,22,Male,1,1,0.823037325166123,89.28233185509114,80.28014867156938,49.79675211647601,Low,4.838264170532612,73.48269159460835,1.7929348053327345,71.38554224925244
27,Intermediate,0.849802801870305,Hypertrophy,22,Male,2,2,0.8846609208243247,49.33772184234854,86.46905469457332,34.29718212398816,Low,11.628409930633119,43.64715443642646,1.4385356856855316,51.361448772487115
16,Beginner,1.0207447175199866,Strength,25,Male,2,2,0.7864969070774043,42.23221541732314,87.15987783353704,35.16294155613037,Low,3.3504655984386575,33.215506804751314,1.2010432673519327,32.54043219054793
6,Intermediate,0.8393118775460912,Strength,30,Female,2,2,0.8566627249739744,42.61207108172614,94.96955986618076,29.96569093188072,Low,4.0897265045073805,36.504172929656214,1.422028604531933,43.49292606636025
12,Advanced,0.9620004503267581,Hypertrophy,31,Female,4,0,0.5827588955432583,26.89279547170737,100.79701765766903,18.825583645222896,Low,0.0,15.672015787162925,1.4285237870969163,16.291052141178884
6,Intermediate,0.8393118775460912,Strength,30,Female,2,0,0.8931918278955111,44.62105418738066,85.96955986618076,33.37605267355835,Low,0.0,39.85516095225118,1.3369182175881682,47.48546342905661
26,Intermediate,0.9581492079931055,Strength,30,Female,1,1,1.0006005140617267,81.65138926279826,77.74592996378966,40.75541223521807,Low,9.397539757194256,81.7004220702101,2.003448935520562,85.26890814054697
40,Intermediate,1.057182432191474,Endurance,35,Male,3,1,0.9131834665174454,37.133112317648184,120.0,25.517719354225786,Low,10.174361973034971,33.90934422881162,1.455189248968271,32.075175599867
21,Intermediate,0.7976572398541362,Endurance,27,Male,3,1,0.6060246993058683,42.800259730239326,102.05925809477094,27.420299100299708,Low,6.775514917595715,25.938014533231353,1.560896838243266,32.517703995604066
44,Beginner,1.0076257789914758,Strength,31,Female,3,0,0.8570948274559755,36.727035758867395,99.55672301694133,25.476316542982754,Low,0.0,31.478552376715893,1.4416147740701857,31.240289592365226
36,Advanced,1.110462061680402,Endurance,24,Female,1,3,1.1450903918447195,85.72599575046871,86.30555371460706,36.253958086962285,Low,11.831857321814175,98.16401406518298,2.364596802926764,88.39917098785514
25,Intermediate,0.7294894398659109,Endurance,38,Male,2,0,0.990532892814987,48.94974059298623,94.06375317010524,40.95509576747043,Low,0.0,48.48632815211385,1.195205101599607,66.46602272269149
17,Intermediate,1.073947968777169,Endurance,29,Female,2,1,0.8066562228386885,47.28568903361729,108.16924012894799,31.382052488566487,Low,3.976148266555039,38.143295310182516,1.5067748530492122,35.51686012940972
2,Intermediate,0.7590330519613642,Strength,31,Male,0,2,0.7423060884978399,64.2354356037945,80.43570817536282,50.0,Low,13.085257321266958,47.68235494600757,1.2847086863817163,62.819783674783885
20,Intermediate,1.2198364576547065,Hypertrophy,26,Female,0,2,0.9940021911382384,107.43792510670802,81.79882480975886,49.26216447364849,Low,3.9890601181683283,106.79353296741373,2.1809419881101073,87.54734681843428
20,Intermediate,1.2198364576547065,Hypertrophy,26,Female,1,1,0.9446987534522349,92.18607011351753,94.79882480975886,42.22616316291763,Low,-0.6942016991617107,87.08806552190033,2.183150469406689,71.39317207830155
4,Intermediate,0.8685521998038728,Strength,30,Male,0,5,0.8307675366361031,89.90522257387508,79.97705142498316,47.011645990468644,Low,7.928447182830217,74.69034028841877,1.912403166647254,85.99397285656713
0,Intermediate,0.833217982292962,Strength,32,Male,0,6,1.0105667599388346,90.55145828871991,79.09560932988242,47.84316389881913,Low,8.595746921045693,91.50829381056822,1.892672829655442,109.82502289943469
31,Advanced,0.905313829563895,Strength,34,Female,0,0,1.2376539611555246,131.67649692153935,70.64909681133815,48.18784729049987,Low,0.0,162.9699380060264,2.7325664372422103,180.01465643121267
19,Intermediate,0.8216554870697557,Endurance,29,Male,2,1,0.9741929367717755,41.94175117399052,95.04559104152717,36.68918734453296,Low,3.6900643035352587,40.85935774954089,1.1431637783897786,49.72802916125711
21,Intermediate,0.7976572398541362,Endurance,27,Male,0,7,0.805697598922561,65.30900182381002,87.05925809477094,41.48601168329735,Low,14.77970809265224,52.61930595747289,1.5742414756119485,65.9672317396171
30,Advanced,1.2799937617940123,Strength,42,Male,2,0,0.8775596121332014,195.29290013890545,76.17749103702971,36.447994584067374,Low,0.0,171.3811616982659,5.358124555531785,133.89208050981543
39,Intermediate,0.8988570935172121,Strength,18,Male,4,1,0.3999470826745679,36.43412614132726,94.0594535110225,18.98608814273848,Low,3.5119165420995078,14.57172246002105,1.9189905760693242,16.21137147800741
9,Beginner,0.8121409833380322,Strength,32,Female,0,1,0.9006299562564033,33.33277934813801,81.18369275866755,50.0,Low,-7.347053235930994,30.02049960621788,0.6666555736296488,36.96459513498966
39,Intermediate,0.8988570935172121,Strength,18,Male,3,0,0.5485491078835016,54.34638921259351,90.0594535110225,30.12853766677761,Low,0.0,29.811663319257725,1.8038176299775415,33.1661510690807
38,Intermediate,0.9337588884799567,Strength,31,Male,2,0,0.879616153986015,73.79260347530439,77.50529364365697,33.559980154013495,Low,0.0,64.90916606156229,2.1988273216440533,69.51376565042456
1,Intermediate,0.9333251883671226,Strength,18,Male,1,0,1.1316056277255813,94.34553913569466,76.32876454424816,48.077711494518006,Low,0.0,106.76194303675615,1.9623549923772328,114.38867179280463
26,Intermediate,0.9581492079931055,Strength,30,Female,1,4,0.9545174783231047,64.10832345558025,85.74592996378966,36.43786740584389,Low,13.570270387151458,61.19251524434241,1.7593873149094141,63.86526322685172
7,Beginner,1.157516589416337,Strength,23,Female,4,0,0.5064017211226113,29.781568424487894,115.51234611250892,19.477374253779736,Low,0.0,15.081437507891485,1.5290339707712182,13.029121670190861
5,Intermediate,0.7552748767923754,Strength,42,Male,4,1,0.5704091792237403,25.345576574536548,104.46691650205761,18.508007971524776,Low,-16.171645984021712,14.457349530833852,1.3694383125452125,19.141812912433537
8,Intermediate,0.9755399554084354,Endurance,24,Male,1,5,0.983360386658912,53.659161547536556,89.53192666523107,36.74586551801264,Low,12.178047363014763,52.766293847178574,1.4602774851215743,54.08926560657476
16,Beginner,1.0207447175199866,Strength,25,Male,4,0,0.45924752571109484,23.679005652747204,99.15987783353704,19.675157070373483,Low,0.0,10.874524757323181,1.2034976068834051,10.65351004728585
48,Advanced,0.9665210570610695,Hypertrophy,26,Male,0,1,1.311222481114724,122.5070477965592,70.87939713429135,49.98909903176383,Low,0.26284477738221623,160.63399516584442,2.4506752015682696,166.1979610214884
28,Beginner,0.9584665966346795,Strength,24,Male,0,6,0.9537912947410537,43.081190223210875,85.88781974009713,44.895444079023406,Low,13.971187892579534,41.09046420198192,0.9595893335589136,42.87099986087853
40,Intermediate,1.057182432191474,Endurance,35,Male,0,0,1.4655748509337456,93.38524775509535,92.0,49.880389250763656,Low,0.0,136.86307055808476,1.8721835832803182,129.4600978321958
32,Advanced,0.7947734188111895,Strength,27,Male,0,6,0.8771534524789033,90.23632627500147,76.56666168173585,46.75752653410846,Low,14.729720229794102,79.15110513113032,1.9298780545908103,99.58939701346105
49,Beginner,1.1383189852792346,Endurance,18,Female,1,1,0.9991503271505648,48.877998654972686,114.05413208918489,40.231874140751515,Low,-0.5373518335691114,48.83646834658083,1.2149072963656962,42.90223221777227
34,Intermediate,1.0856711863057111,Strength,24,Female,1,2,0.8102315556100582,70.35428446269889,80.06238518786503,38.90214161135727,Low,-0.12385716563901962,57.003261344045065,1.8084938191080338,52.505039792917465
27,Intermediate,0.849802801870305,Hypertrophy,22,Male,0,0,1.1534949751966888,81.67387090123684,63.469054694573316,50.0,Low,0.0,94.21039968943975,1.6334773853551892,110.8613535054741
4,Intermediate,0.8685521998038728,Strength,30,Male,3,3,0.4676788638214324,42.82536491099602,99.97705142498316,25.372737348931633,Low,-1.9579809850025842,20.028518004312858,1.6878495463143128,23.059632972206515
48,Advanced,0.9665210570610695,Hypertrophy,26,Male,1,3,1.1546129269505572,84.8914761208335,75.87939713429135,45.903819019077,Low,5.881492447082689,98.0167957170289,1.8493335867375258,101.4118560471049
19,Intermediate,0.8216554870697557,Endurance,29,Male,1,3,1.118721120144698,54.53042703302102,93.04559104152717,42.119741751173244,Low,10.209690907017965,61.00434041235,1.2946524235716534,74.24555318720553
10,Intermediate,0.965530055413721,Endurance,23,Male,4,0,0.43040167676456154,24.909237733462223,119.60900750988625,21.997818547079028,Low,0.0,10.720977687409228,1.1323503077271941,11.103710882520904
21,Intermediate,0.7976572398541362,Endurance,27,Male,4,1,0.33724554242899635,24.037433574288066,110.05925809477094,19.034077031427824,Low,13.476289480409223,8.106517324361747,1.262863036213208,10.162895484968782
39,Intermediate,0.8988570935172121,Strength,18,Male,1,2,0.8721747039480674,96.5108353582609,74.0594535110225,40.501747710113634,Low,2.9169202772760645,84.17430925637188,2.3828807010044315,93.64582670330046
25,Intermediate,0.7294894398659109,Endurance,38,Male,0,5,1.1535955784435594,61.734231633299274,90.06375317010524,50.0,Low,6.151955404297793,71.21633665078456,1.2346846079722933,97.6247703312945
20,Intermediate,1.2198364576547065,Hypertrophy,26,Female,2,2,0.6670106016241236,55.53622143210739,102.79882480975886,32.420586818107864,Low,13.241519438388682,37.0432484693605,1.712992427641573,30.367364304897542
40,Intermediate,1.057182432191474,Endurance,35,Male,4,0,0.7102275221791973,29.673941978738068,129.0,19.686168410784244,Low,0.0,21.075250284848405,1.5073497214995233,19.935282414671175
31,Advanced,0.905313829563895,Strength,34,Female,2,0,0.9369209527118223,90.21795048963796,84.64909681133815,32.152789246233766,Low,0.0,84.52708812445961,2.80591357075785,93.36761683797636
44,Beginner,1.0076257789914758,Strength,31,Female,1,4,0.8480257183170232,36.22061558218056,91.55672301694133,39.12913124730826,Low,12.027130402101962,30.71601354696343,0.9256687665153173,30.48352245829235
45,Beginner,1.18560546903454,Endurance,27,Female,2,0,0.9527704562238861,30.586238892268806,106.47666083122172,34.050783988754546,Low,0.0,29.14166478355972,0.898253561624793,24.57954265996059
24,Intermediate,1.0168633682422321,Strength,27,Female,1,0,0.9599987388505932,72.68841544250394,77.72571598727212,40.3792732412716,Low,0.0,69.78078715385176,1.8001417016111008,68.62349525972273
36,Advanced,1.110462061680402,Endurance,24,Female,3,1,1.093088044794708,77.40061279469099,103.30555371460706,23.776142783522502,Low,-3.8455109540045727,84.60568450566103,3.2553896670296742,76.1895531920098
11,Beginner,0.8656665859680498,Hypertrophy,37,Female,0,2,0.9119711361361289,48.66192231999996,93.96248279515736,47.64889800175276,Low,3.7501165616174092,44.378268584738414,1.0212601621332307,51.264791825503714
37,Beginner,0.9734386164236759,Hypertrophy,31,Male,3,1,0.45411839156737355,38.87566359433477,97.27751822790157,29.04735701747758,Low,-2.9853315569907286,17.654153822573605,1.3383545440154512,18.135848926544902
3,Beginner,1.0293767882646523,Strength,22,Male,1,4,0.7863498894143202,86.43424464292217,86.28014867156938,35.503720607729704,Low,9.080161788686135,67.96755871657214,2.434512235024514,66.02780776060202
36,Advanced,1.110462061680402,Endurance,24,Female,0,5,1.3012925806752125,100.33311683982592,89.30555371460706,43.68653392054205,Low,7.374870225407648,130.56274053968468,2.2966599896813475,117.57504148054359
16,Beginner,1.0207447175199866,Strength,25,Male,0,0,0.928005929151004,71.35882707311788,68.15987783353704,50.0,Low,0.0,66.22141462111458,1.4271765129188274,64.87552529929467
21,Intermediate,0.7976572398541362,Endurance,27,Male,0,0,0.9454292878960359,92.74713536516825,75.05925809477094,50.0,Low,0.0,87.68585814268826,1.8549426702045115,109.92910718094373
37,Beginner,0.9734386164236759,Hypertrophy,31,Male,0,1,0.8429436641694233,99.39122280231109,71.27751822790157,50.0,Low,-0.12022033218555409,83.78120153525965,1.9878244162897336,86.06717881799774
13,Beginner,1.0978969610765617,Endurance,20,Male,1,3,0.6577779191979409,56.63624694698134,92.14999772290562,40.072308233409636,Low,10.90459115247727,37.25407266796612,1.4133512151019685,33.93218130347563
6,Intermediate,0.8393118775460912,Strength,30,Female,0,3,1.1223108181830723,69.53895799170762,80.96955986618076,48.36812444087308,Low,-1.2986266998248517,78.04432483927167,1.4377021511142605,92.98597332076062
25,Intermediate,0.7294894398659109,Endurance,38,Male,4,2,0.4421083390003849,20.0,113.06375317010524,18.43608711964153,Low,14.054847898580155,8.842166780007698,1.0848288351742201,12.121018037786753
20,Intermediate,1.2198364576547065,Hypertrophy,26,Female,0,5,0.9026416100144621,78.36479401464204,88.79882480975886,44.06570723116721,Low,12.81360330332938,70.73532383782818,1.7783622948607338,57.98749939506357
37,Beginner,0.9734386164236759,Hypertrophy,31,Male,4,2,0.3022087047815941,24.15721312632781,111.27751822790157,15.978566900494004,Low,10.866537209770929,7.300520090040452,1.5118509541509633,7.499715407989933
12,Advanced,0.9620004503267581,Hypertrophy,31,Female,2,1,1.1408014878255985,57.97172710447929,83.79701765766903,31.237804678577554,Low,-3.1666398225779533,66.13423253260956,1.8558194420242355,68.74649982091616
45,Beginner,1.18560546903454,Endurance,27,Female,2,4,0.8433004881250821,27.186235896334562,119.47666083122172,31.199880408865074,Low,11.489647625375184,22.926166001662565,0.8713570266523486,19.33707903966798
35,Intermediate,0.8947243672464342,Strength,19,Male,2,2,0.5384838558124986,61.11102159487902,83.70290958591977,32.4143088731574,Low,11.867974716687238,32.90729854105132,1.885309970627684,36.77921711589033
8,Intermediate,0.9755399554084354,Endurance,24,Male,2,0,0.8383638175271249,46.996982879229044,90.53192666523107,38.36715808058796,Low,0.0,39.40056997888739,1.2249273598942951,40.3884324491444
23,Intermediate,1.20864585370021,Strength,19,Male,0,5,0.8375306295185245,122.12841293051973,72.40666640189394,42.33409679930115,Low,10.78550904183026,102.2862865637965,2.8848710443649948,84.62876170210704
1,Intermediate,0.9333251883671226,Strength,18,Male,2,1,0.9720564439190139,71.34775914123537,82.32876454424816,32.62550710522442,Low,1.8411115550094503,69.35404903241957,2.1868704361974443,74.30847853284412
44,Beginner,1.0076257789914758,Strength,31,Female,0,1,1.0638735909672967,56.08011677337419,80.55672301694133,49.28276249004796,Low,-1.5204071575957137,59.66215521355493,1.1379255707667222,59.210569287638656
14,Beginner,0.8551502794715188,Strength,43,Male,4,3,0.2,20.0,110.0103113550766,18.12431196304633,Low,8.108216511557892,4.0,1.1034901041919771,4.677534953197976
47,Beginner,1.0237145374607064,Strength,32,Female,1,3,0.6678351806656908,44.52341110908199,88.55817375181444,38.880239611601326,Low,3.527091170857207,29.734300301886595,1.145142375888405,29.045471338299286
24,Intermediate,1.0168633682422321,Strength,27,Female,3,2,0.6664146059549798,38.28557461595944,92.72571598727212,21.31150161839259,Low,9.004442126664085,25.514066121454587,1.7964746691731448,25.090923547216633
17,Intermediate,1.073947968777169,Endurance,29,Female,0,2,1.0334601152550351,64.54992043941607,92.16924012894799,45.78621322182935,Low,6.234412065495579,66.70976821702227,1.4098112616753715,62.11632969207099
14,Beginner,0.8551502794715188,Strength,43,Male,1,2,0.5600443665254177,48.41276122114599,86.0103113550766,46.259813966029725,Low,7.360314951967971,27.113294189843014,1.0465403127249266,31.705845317332574
0,Intermediate,0.833217982292962,Strength,32,Male,2,1,0.9117059509444839,70.65659897114121,78.09560932988242,33.06099766192963,Low,-0.1047089755870311,64.41804175548734,2.137158641021441,77.31225899128374
1,Intermediate,0.9333251883671226,Strength,18,Male,0,4,1.040493496526472,77.51382999664206,71.32876454424816,50.0,Low,11.456552710221644,80.65263600236463,1.55027656892731,86.41420010239766
19,Intermediate,0.8216554870697557,Endurance,29,Male,0,0,1.3872370472158149,83.99124225891283,79.04559104152717,50.0,Low,0.0,116.5157629032424,1.6798248115817604,141.80593074700647
11,Beginner,0.8656665859680498,Hypertrophy,37,Female,1,1,0.8648653250274453,43.77250897974571,93.96248279515736,40.17900411747086,Low,2.965091634123159,37.85732520603454,1.089437352960049,43.73194262980268
38,Intermediate,0.9337588884799567,Strength,31,Male,1,1,1.005382998556887,90.65944312417999,77.50529364365697,44.41932341894867,Low,-0.7636476333172812,91.14746277568563,2.0409910396004567,97.61338423313748
22,Beginner,1.0206059258197335,Endurance,23,Female,2,0,0.8567513496914402,29.147746543725006,101.41615151804841,33.69766218181418,Low,0.0,24.97237119180041,0.8649782742043474,24.46815768151195
44,Beginner,1.0076257789914758,Strength,31,Female,0,5,0.9366756309247468,42.188539734137365,80.55672301694133,47.61053059452685,Low,10.617490429836932,39.516977073266865,0.8861178046368888,39.217871038341244
35,Intermediate,0.8947243672464342,Strength,19,Male,2,1,0.6196675775978409,75.35911298143876,85.70290958591977,35.15395414723378,Low,-1.4191196757406817,46.69759899113016,2.1436880335602484,52.19210352205006
45,Beginner,1.18560546903454,Endurance,27,Female,1,3,0.9946052280361324,33.79557085815512,102.47666083122172,35.098315164162166,Low,11.936324152391782,33.61325145998665,0.9628829685186655,28.35110328586391
4,Intermediate,0.8685521998038728,Strength,30,Male,0,2,0.8809591392017081,104.1836815640772,73.97705142498316,50.0,Low,2.3658576703542384,91.78156642955432,2.0836735896080723,105.67178435388809
44,Beginner,1.0076257789914758,Strength,31,Female,1,0,0.9639627787443293,50.74232573967927,80.55672301694133,43.86327415343466,Low,0.0,48.91371331997114,1.1568293877322555,48.543482904382934
24,Intermediate,1.0168633682422321,Strength,27,Female,1,4,0.8584323880829683,58.51249983028744,87.72571598727212,37.02309233527658,Low,10.579842103670918,50.229024962017924,1.5804324965611447,49.39599275058149
49,Beginner,1.1383189852792346,Endurance,18,Female,3,2,0.5938890561887691,26.293801220693325,129.0541320891849,24.405450286285436,Low,14.36408054158273,15.615600790572664,1.077374104344837,13.718111772185123
46,Beginner,0.9303397327885133,Strength,41,Female,4,0,0.562276800881472,34.889317799038515,99.60632072590371,16.210660842970654,Low,0.0,19.617453996980377,2.1522451172570345,21.08631096714525
18,Beginner,0.8990066322300064,Hypertrophy,24,Male,2,0,0.7794078350891586,42.578128109600954,92.12693282271981,39.10169211256671,Low,0.0,33.18572665205293,1.0889075311144767,36.91373183310476
44,Beginner,1.0076257789914758,Strength,31,Female,0,4,1.0041484284875677,48.27664215032089,79.55672301694133,41.99797882683483,Low,4.178881615032571,48.47691434790139,1.1494991508966408,48.10999008623162
49,Beginner,1.1383189852792346,Endurance,18,Female,0,7,0.9230995790289417,45.182515645801416,111.05413208918489,44.45953676095558,Low,11.63232134825292,41.70796117210786,1.0162614800165728,36.63992700776199
42,Advanced,0.9641477125393119,Hypertrophy,21,Female,1,3,1.1223423814556794,59.494410770950815,80.6929558149821,40.75491685680297,Low,8.38388967569468,66.77309866797137,1.4598093653382196,69.25601600619135
39,Intermediate,0.8988570935172121,Strength,18,Male,1,0,0.8983797242929039,111.53559268887587,70.0594535110225,46.59926573752379,Low,0.0,100.20131500867792,2.3935053166633304,111.47623382528866
8,Intermediate,0.9755399554084354,Endurance,24,Male,3,1,0.7302648177483819,36.49057975379673,102.53192666523107,28.81158643289292,Low,12.674343658985313,26.647786573439163,1.2665244439859304,27.315907574872014
42,Advanced,0.9641477125393119,Hypertrophy,21,Female,0,5,1.2727757108619113,74.37978946052593,70.6929558149821,44.000492685590736,Low,9.393620517990604,94.66878940438019,1.6904307936182041,98.18899115163232
8,Intermediate,0.9755399554084354,Endurance,24,Male,0,1,1.1219692981921583,72.15576151073562,77.53192666523107,50.0,Low,1.3319733306200088,80.95654910272079,1.4431152013524084,82.98631508384621
29,Beginner,0.9068899380096165,Hypertrophy,24,Male,0,4,0.8281295233283794,55.407083231718225,79.32556653643316,48.08763255999194,Low,7.951029161984449,45.884241425698654,1.1522106439817812,50.595104110757035
14,Beginner,0.8551502794715188,Strength,43,Male,4,6,0.2,20.0,111.0103113550766,15.0,Low,8.108216511557892,4.0,1.3333332444444503,4.677534953197976
13,Beginner,1.0978969610765617,Endurance,20,Male,3,0,0.5386723129502127,41.61837812729065,98.14999772290562,27.99112195463184,Low,0.0,22.418668007064195,1.4868420318379485,20.419628054579142
20,Intermediate,1.2198364576547065,Hypertrophy,26,Female,4,1,0.451744885676759,32.96008472054739,110.79882480975886,16.507037849652303,Low,6.5584941282452585,14.889549703979974,1.9967290936158213,12.20617518387002
31,Advanced,0.905313829563895,Strength,34,Female,2,2,0.9050310129144017,80.26039624404743,91.64909681133815,34.6060419642627,Low,3.4036958726473587,72.63814770966148,2.3192595676694823,80.23523456989263
18,Beginner,0.8990066322300064,Hypertrophy,24,Male,3,0,0.6458038107633371,34.54032190999163,107.12693282271981,27.571986706307438,Low,0.0,22.306271514464985,1.252732384690934,24.812104719438068
18,Beginner,0.8990066322300064,Hypertrophy,24,Male,0,5,0.9324285773041381,58.217386615051346,88.12693282271981,41.68638717411675,Low,10.0697876008927,54.2835549758373,1.3965562660858866,60.38163974335329
1,Intermediate,0.9333251883671226,Strength,18,Male,0,5,1.0458727683501594,73.27389620740385,78.32876454424816,49.518290407717124,Low,10.998789857529047,76.63517267423971,1.4797339351653107,82.10974215597105
29,Beginner,0.9068899380096165,Hypertrophy,24,Male,3,0,0.666004635306425,38.7519173126966,94.32556653643316,29.14533455344981,Low,0.0,25.808956557267233,1.3296095782335124,28.45872141352631
39,Intermediate,0.8988570935172121,Strength,18,Male,4,0,0.41450412148467236,39.76637971310243,94.0594535110225,18.675935729349163,Low,0.0,16.48332828760542,2.129284345379566,18.33807628421803
44,Beginner,1.0076257789914758,Strength,31,Female,2,0,0.8681562155847996,42.681279398360786,90.55672301694133,33.29745303782461,Low,0.0,37.05401799879837,1.2818181038669358,36.77355422797059
28,Beginner,0.9584665966346795,Strength,24,Male,1,2,0.9155337053621617,39.714586231426,87.88781974009713,44.399960844150165,Low,7.439402982034814,36.360042289382534,0.8944734315499986,37.93559888414379
14,Beginner,0.8551502794715188,Strength,43,Male,4,8,0.2,20.0,121.0103113550766,15.0,Low,8.108216511557892,4.0,1.3333332444444503,4.677534953197976
1,Intermediate,0.9333251883671226,Strength,18,Male,0,0,1.1751219637080799,110.3956761336485,65.32876454424816,50.0,Low,0.0,129.72838372305424,2.2079134785147003,138.99576090328856
33,Intermediate,1.1584151877504985,Hypertrophy,36,Female,1,0,0.9405566365427848,97.27224354792953,87.07936245061157,47.00525977695841,Low,0.0,91.4900542204112,2.069390573312415,78.97857021324401
18,Beginner,0.8990066322300064,Hypertrophy,24,Male,0,4,0.9945979329072928,64.7327980875647,89.12693282271981,46.58462733629516,Low,4.0737215319269655,64.38310716919702,1.3895742093348393,71.61575148087834
3,Beginner,1.0293767882646523,Strength,22,Male,0,3,0.8479772557108992,86.83029358550436,79.28014867156938,50.0,Low,-0.07185849822152515,73.63011406720769,1.7366058369779707,71.52875737811961
49,Beginner,1.1383189852792346,Endurance,18,Female,1,0,0.9938100705144609,48.08730053593786,110.05413208918489,40.53940649827646,Low,0.0,47.78964353647048,1.18618656520775,41.98260959526902
27,Intermediate,0.849802801870305,Hypertrophy,22,Male,1,0,1.1588405314762562,73.77676846071411,72.46905469457332,47.26082925635726,Low,0.0,85.49550957361464,1.5610552768651387,100.60617449045345
35,Intermediate,0.8947243672464342,Strength,19,Male,0,6,0.733032495704758,90.051229047671,75.70290958591977,47.75402865850694,Low,13.42088841980609,66.01047717009507,1.8857304753469994,73.77736184371959
47,Beginner,1.0237145374607064,Strength,32,Female,4,0,0.45908285707154384,28.104108657048315,106.55817375181444,18.688546524206775,Low,0.0,12.90211449772685,1.5038144949812613,12.603222306980054
34,Intermediate,1.0856711863057111,Strength,24,Female,1,4,0.7611588379380841,66.96977071998701,80.06238518786503,37.09023050763406,Low,5.940273194254195,50.97463285820525,1.8055905287677438,46.95214034326514
11,Beginner,0.8656665859680498,Hypertrophy,37,Female,0,5,0.8202858935706658,38.44871674137442,98.96248279515736,41.96126372053592,Low,13.426622275750452,31.538939968843735,0.9162907028051885,36.433084107653976
41,Advanced,0.7129989497915796,Endurance,22,Male,0,1,1.4860851451300385,105.47107778711502,90.58088040765011,50.0,Low,2.810004898623962,156.7390019402864,2.1094215135538703,219.83031273158366
25,Intermediate,0.7294894398659109,Endurance,38,Male,2,2,0.9408404252679916,44.861456956757635,98.06375317010524,33.68825687401011,Low,5.016740777358216,42.207472241337555,1.3316644964110018,57.85884219277198
32,Advanced,0.7947734188111895,Strength,27,Male,3,0,0.6404129839860226,71.01785668411829,91.56666168173585,27.30084140853757,Low,0.0,45.4807575153679,2.6013064220285544,57.22473753420155
0,Intermediate,0.833217982292962,Strength,32,Male,0,3,1.1076836547489648,101.37206428033377,72.09560932988242,49.418051542819114,Low,-0.18833106703755373,112.2881786514871,2.0513164534862685,134.76430690822437
2,Intermediate,0.7590330519613642,Strength,31,Male,1,0,0.8132910914876498,74.4976953397608,79.43570817536282,47.243001826063825,Low,0.0,60.588311956188456,1.57690432198058,79.8229167711602
14,Beginner,0.8551502794715188,Strength,43,Male,4,4,0.2,20.0,107.0103113550766,15.0,Low,8.108216511557892,4.0,1.3333332444444503,4.677534953197976
29,Beginner,0.9068899380096165,Hypertrophy,24,Male,4,0,0.4148692025469836,24.28625080295937,103.32556653643316,18.590842791765343,Low,0.0,10.075617503479794,1.3063554874102463,11.110065258335347
23,Intermediate,1.20864585370021,Strength,19,Male,4,1,0.43573355985155227,57.031881112166005,96.40666640189394,18.74603329327638,Low,5.080490710549179,24.8507045820346,3.0423437949551584,20.560765542023667
9,Beginner,0.8121409833380322,Strength,32,Female,0,0,0.8389889886189686,30.714838664249676,77.18369275866755,50.0,Low,0.0,25.769411426513628,0.6142967609990583,31.73018013500209
28,Beginner,0.9584665966346795,Strength,24,Male,3,0,0.7070087947779771,28.414245688906526,91.88781974009713,27.92876062771727,Low,0.0,20.089121599039135,1.0173829426331402,20.959625207544825
34,Intermediate,1.0856711863057111,Strength,24,Female,2,3,0.7626527264516391,61.588677205128555,85.06238518786503,30.925029556098654,Low,11.229693664697669,46.970772589041204,1.9915478205722514,43.26423130436064
13,Beginner,1.0978969610765617,Endurance,20,Male,0,2,0.6952953937222092,64.7758143600244,84.14999772290562,46.05620072010542,Low,11.573467716949803,45.03832534912989,1.4064515079572248,41.022323518086175
24,Intermediate,1.0168633682422321,Strength,27,Female,0,0,1.096856699054934,83.46387894935327,69.72571598727212,47.30815661593086,Low,0.0,91.54791475470822,1.7642597631248083,90.02962205565271
33,Intermediate,1.1584151877504985,Hypertrophy,36,Female,4,0,0.46341133778358484,38.201804480627615,113.07936245061157,18.85441562041675,Low,0.0,17.703149320114587,2.026146194269426,15.282201256607026
20,Intermediate,1.2198364576547065,Hypertrophy,26,Female,0,1,1.0231454716917203,107.57419808998495,85.79882480975886,49.11607671966275,Low,1.174102784949964,110.06405364663621,2.1902033526370026,90.22845868190376
34,Intermediate,1.0856711863057111,Strength,24,Female,3,3,0.6237640848118865,50.98420336280591,95.06238518786503,22.905437034646205,Low,5.943539846039364,31.802114950463732,2.2258558550894527,29.292557506404307
27,Intermediate,0.849802801870305,Hypertrophy,22,Male,0,2,1.1176611168975308,73.2873257678783,71.46905469457332,50.0,Low,3.106546545037853,81.91039437216006,1.4657464860426364,96.38741812155486
40,Intermediate,1.057182432191474,Endurance,35,Male,2,2,1.0283704726371075,49.13490722923356,112.0,31.557529669350664,Low,14.569439869783732,50.52888777030735,1.5569946756624533,47.79576205196877
30,Advanced,1.2799937617940123,Strength,42,Male,1,0,0.9138755374888713,214.72759533087842,67.17749103702971,47.694868198228825,Low,0.0,196.23429659669935,4.5021110014670604,153.30867160867263
13,Beginner,1.0978969610765617,Endurance,20,Male,1,0,0.7382848652994651,70.50197694356606,87.14999772290562,42.14280601691508,Low,0.0,52.05054255112667,1.6729302562894854,47.409271532017115
9,Beginner,0.8121409833380322,Strength,32,Female,2,1,0.5780738381084325,20.0,99.18369275866755,32.5321538760544,Low,14.041954946595975,11.561476762168649,0.6147763674493383,14.23578265791549
31,Advanced,0.905313829563895,Strength,34,Female,2,1,0.9384503590036338,82.4115902377074,90.64909681133815,31.13116096537006,Low,-0.1632374948371919,77.33918644463688,2.6472378489881323,85.42794607914733
31,Advanced,0.905313829563895,Strength,34,Female,3,2,0.6369411096342451,52.4230012796036,102.64909681133815,24.293939827698516,Low,10.969403010891828,33.390364605388164,2.15786321582845,36.88259985918142
49,Beginner,1.1383189852792346,Endurance,18,Female,0,1,1.081899869157181,63.74054758146378,103.05413208918489,50.0,Low,-3.5695196303967878,68.96089008839273,1.2748109261330571,60.58128731832495
29,Beginner,0.9068899380096165,Hypertrophy,24,Male,0,2,0.8803983066354233,61.66163030932126,77.32556653643316,50.0,Low,2.141204038214759,54.28679490870593,1.2332325815217737,59.860334504886495
6,Intermediate,0.8393118775460912,Strength,30,Female,1,0,1.0295806108387164,57.23166526046799,83.96955986618076,41.424120450185484,Low,0.0,58.924612878189585,1.381602391478401,70.20577719535075
33,Intermediate,1.1584151877504985,Hypertrophy,36,Female,0,8,0.8706781501528689,86.65718671440031,102.07936245061157,39.125741592306966,Low,12.87409607214246,75.45051902594582,2.2148381339972096,65.13247986672341
38,Intermediate,0.9337588884799567,Strength,31,Male,0,0,1.0974989628344511,115.14369462914891,67.50529364365697,50.0,Low,0.0,126.3700854324177,2.302873846525501,135.33466899947078
12,Advanced,0.9620004503267581,Hypertrophy,31,Female,0,3,1.2673019818740359,77.30854142662842,72.79701765766903,49.96250471676376,Low,8.558466630995635,97.9732677657572,1.5473311499805211,101.84316014542298
33,Intermediate,1.1584151877504985,Hypertrophy,36,Female,2,3,0.723742185788606,66.33725919177942,103.07936245061157,32.35183913667192,Low,9.672890555669749,48.01107296668374,2.050494157721306,41.445443765694726
40,Intermediate,1.057182432191474,Endurance,35,Male,2,0,1.2037501229883416,59.45798976064238,108.0,38.98413474065641,Low,0.0,71.57256248701282,1.5251842481821103,67.70117683233784
22,Beginner,1.0206059258197335,Endurance,23,Female,0,1,0.9544789133627316,40.517743459065464,91.41615151804841,44.51034533289324,Low,-2.269301309752001,38.67333174871873,0.9102994426516688,37.89248413894212
45,Beginner,1.18560546903454,Endurance,27,Female,0,3,1.0465764807764342,34.5783968763179,95.47666083122172,45.34385671458554,Low,9.569109025023641,36.188936913707636,0.762581717108627,30.523565667769105
45,Beginner,1.18560546903454,Endurance,27,Female,1,4,0.9891014114377469,33.68979547195143,103.47666083122172,38.18665610023335,Low,12.423639428023229,33.32262425235617,0.8822399767416551,28.105973712754256
1,Intermediate,0.9333251883671226,Strength,18,Male,2,0,0.9902887647956266,68.23622600888673,83.32876454424816,37.100914948968395,Low,0.0,67.57356796865565,1.8392059673875536,72.40080564639173
49,Beginner,1.1383189852792346,Endurance,18,Female,4,0,0.4926137832873935,20.0,135.0541320891849,19.07092980562005,Low,0.0,9.85227566574787,1.0487165101614315,8.655102074247662
27,Intermediate,0.849802801870305,Hypertrophy,22,Male,3,1,0.6488709081954207,34.59765941858598,94.46905469457332,28.088215993517004,Low,8.169928604233885,22.449414688373732,1.231749933666897,26.417173751124153
12,Advanced,0.9620004503267581,Hypertrophy,31,Female,0,2,1.3171068686575278,81.54267418376617,71.79701765766903,44.19354791742143,Low,4.9648202216232304,107.40041625614128,1.845126182016612,111.64267602679926
16,Beginner,1.0207447175199866,Strength,25,Male,1,1,0.8257920771251747,47.287019061409715,79.15987783353704,41.80265274779874,Low,6.826509028574297,39.049245691779255,1.1311965825590624,38.255605702322875
46,Beginner,0.9303397327885133,Strength,41,Female,3,0,0.5281983709185354,32.47665518385737,96.60632072590371,27.200777777289375,Low,0.0,17.15411636099647,1.1939604909758303,18.43853091284134
45,Beginner,1.18560546903454,Endurance,27,Female,0,4,0.9864682491621221,35.80959474634607,99.47666083122172,46.8517869183974,Low,14.762844064607075,35.32502823263313,0.764316503966002,29.794901727719925
13,Beginner,1.0978969610765617,Endurance,20,Male,4,0,0.37600964843579976,28.13040180338968,110.14999772290562,19.436402990214326,Low,0.0,10.577302492450341,1.4473048521502503,9.634139844907441
0,Intermediate,0.833217982292962,Strength,32,Male,2,2,0.8275501558055323,66.76310533004842,81.09560932988242,32.280779698347,Low,9.13554153749409,55.24981821794273,2.068199835497385,66.3088808489444
14,Beginner,0.8551502794715188,Strength,43,Male,0,0,0.6253668902925876,63.83821318326562,67.0103113550766,50.0,Low,0.0,39.922304860254094,1.2767642381300277,46.68449409901599
34,Intermediate,1.0856711863057111,Strength,24,Female,2,0,0.8591304434288586,78.2779565138639,81.06238518786503,35.05979355579154,Low,0.0,67.2509754904608,2.2326986653985723,61.94408988158771
32,Advanced,0.7947734188111895,Strength,27,Male,2,2,0.8623253519202054,90.0843518582638,83.56666168173585,36.78055303531047,Low,-2.2283105245072696,77.68202041868095,2.4492385778577463,97.74096722297182
32,Advanced,0.7947734188111895,Strength,27,Male,4,1,0.38964340868674086,31.262107994562033,97.56666168173585,19.622833198701596,Low,12.541528864664675,12.181074321734163,1.5931494746375925,15.326454945485557
23,Intermediate,1.20864585370021,Strength,19,Male,0,0,0.938783173589165,155.74662466546704,65.40666640189394,50.0,Low,0.0,146.21231057924766,3.1149324310106925,120.97190352304001
0,Intermediate,0.833217982292962,Strength,32,Male,0,8,0.9208860037090751,74.1233584418983,76.09560932988242,44.73870097719947,Moderate,16.707237288325423,68.25916333705507,1.6568061916430736,81.92223747616802
0,Intermediate,0.833217982292962,Strength,32,Male,0,9,0.852595486113881,64.24746470349668,80.09560932988242,41.404619580952605,Moderate,22.884012540206562,54.77709840046216,1.5516979458339122,65.74153921664063
0,Intermediate,0.833217982292962,Strength,32,Male,1,6,0.7262842933269733,53.85739896831209,88.09560932988242,38.078537845521744,Moderate,23.06970950400383,39.11578295012941,1.414376722457827,46.94538144400579
0,Intermediate,0.833217982292962,Strength,32,Male,1,7,0.7181677268300634,51.75714120864874,88.09560932988242,36.38843476617043,Moderate,23.92944146320268,37.17030844903786,1.4223513629779678,44.610491646202895
0,Intermediate,0.833217982292962,Strength,32,Male,2,4,0.7630740632423009,55.245708997046755,87.09560932988242,34.342729244605884,Moderate,16.21497375490901,42.156567641078205,1.608658036316843,50.594823854188
0,Intermediate,0.833217982292962,Strength,32,Male,2,5,0.682609864887698,50.71692892461452,94.09560932988242,31.63697258451336,Moderate,25.04988938850446,34.619876000750104,1.6030904090472486,41.54955268239156
0,Intermediate,0.833217982292962,Strength,32,Male,2,6,0.6582945903438749,48.86130168455252,91.09560932988242,28.737876885832726,Moderate,27.71969041300071,32.16513057610099,1.700240424107317,38.60345390546041
0,Intermediate,0.833217982292962,Strength,32,Male,3,3,0.6911552447107084,48.19608891789408,92.09560932988242,23.172314091446335,Moderate,17.291321714564344,33.31097963014614,2.079899601213555,39.97866147801457
0,Intermediate,0.833217982292962,Strength,32,Male,3,4,0.6037291332337538,45.407711123573506,96.09560932988242,22.780693681004756,Moderate,27.753367952700987,27.413958078763713,1.9932540143929787,32.90126444709933
0,Intermediate,0.833217982292962,Strength,32,Male,3,5,0.6425768347984208,47.03758516237769,94.09560932988242,22.697664325890717,Moderate,23.10456860489959,30.225262590201815,2.072353455168932,36.27529284921468
0,Intermediate,0.833217982292962,Strength,32,Male,4,1,0.4286969358382768,30.371027156813323,101.09560932988242,18.83603325886945,Moderate,18.34446404675276,13.019966280386964,1.612389674992883,15.626103769932007
1,Intermediate,0.9333251883671226,Strength,18,Male,0,8,0.9590847738448497,63.0077060534247,78.32876454424816,42.51111685115123,Moderate,18.38423555471026,60.42973151073159,1.4821465357377896,64.74663656063794
1,Intermediate,0.9333251883671226,Strength,18,Male,0,9,0.8992730834258714,63.53516225733532,80.32876454424816,40.33612027510226,Moderate,23.47406386753009,57.13546126911699,1.5751430789294267,61.21703428152691
1,Intermediate,0.9333251883671226,Strength,18,Male,1,5,0.9223462734020886,61.897486241215525,82.32876454424816,43.38638892688314,Moderate,18.492251116149347,57.09091576754219,1.426656754469044,61.16930659304028
1,Intermediate,0.9333251883671226,Strength,18,Male,1,7,0.8297966462968583,52.65772252393906,91.32876454424816,38.09437879904659,Moderate,26.670862536741712,43.69520155199517,1.3822963597705549,46.81664577358641
1,Intermediate,0.9333251883671226,Strength,18,Male,2,3,0.8179508659954892,56.86479534516001,87.32876454424816,32.96122862497058,Moderate,17.402792491107792,46.51260859722989,1.7252024876547902,49.83531928810961
1,Intermediate,0.9333251883671226,Strength,18,Male,2,4,0.7958497486238559,50.52887372598616,93.32876454424816,32.468833603496265,Moderate,19.63457761856952,40.213391453072646,1.556226897054851,43.08610639483606
1,Intermediate,0.9333251883671226,Strength,18,Male,2,5,0.7466857107038207,50.94964474047344,94.32876454424816,29.719382035407946,Moderate,24.59919396763832,38.04337169314759,1.714357417170187,40.76106742456827
1,Intermediate,0.9333251883671226,Strength,18,Male,2,6,0.7138297844339219,44.04791651679707,92.32876454424816,28.756024958623303,Moderate,27.917006653989418,31.442714751948643,1.5317803850983125,33.6888808477114
1,Intermediate,0.9333251883671226,Strength,18,Male,2,7,0.7064134616944295,44.113125644644214,99.32876454424816,28.371754451358502,Moderate,28.665911721192007,31.16210579279443,1.55482538682787,33.38822608986608
1,Intermediate,0.9333251883671226,Strength,18,Male,3,3,0.6938282304916861,41.83725822161783,91.32876454424816,24.78820421826906,Moderate,20.81570466770213,29.027870840528845,1.6877889243382378,31.1015282784616
1,Intermediate,0.9333251883671226,Strength,18,Male,3,4,0.6468160092697234,38.140343103094224,94.32876454424816,22.35467666998428,Moderate,26.181052236262648,24.669784518121425,1.7061459648915192,26.432114330019846
1,Intermediate,0.9333251883671226,Strength,18,Male,3,5,0.6201083708535049,40.32138801567864,100.32876454424816,21.4302965186138,Moderate,29.22910568095945,25.00363023295452,1.8815132165410455,26.789808905607796
1,Intermediate,0.9333251883671226,Strength,18,Male,4,1,0.502403407572371,28.222851648517697,97.32876454424816,18.397653083490187,Moderate,16.01845542334206,14.179256839624799,1.5340462170035316,15.192177200590246
2,Intermediate,0.7590330519613642,Strength,31,Male,0,5,0.6681303012646844,56.40533482631779,88.43570817536282,50.0,Moderate,21.770312664688024,37.6861133504431,1.1281066739642225,49.650095740844804
2,Intermediate,0.7590330519613642,Strength,31,Male,0,6,0.6499468371264983,51.890951072541746,86.43570817536282,48.583320071717814,Moderate,23.899368496328318,33.72635952508438,1.0680815952442047,44.43326282652876
2,Intermediate,0.7590330519613642,Strength,31,Male,0,7,0.6555719581532177,51.85419766184404,89.43570817536282,47.58522068775593,Moderate,23.24073730072083,33.9941578996391,1.0897122220444873,44.786077530773866
2,Intermediate,0.7590330519613642,Strength,31,Male,0,8,0.598436716568639,48.82343031620585,92.43570817536282,40.69621410721369,Moderate,29.93055824811477,29.217733330047974,1.1997044488678152,38.49331035221486
2,Intermediate,0.7590330519613642,Strength,31,Male,0,9,0.600838864699584,49.78121593326286,89.43570817536282,41.8762211293081,Moderate,29.649296798272978,29.9104892647065,1.18877046213828,39.405991322019084
2,Intermediate,0.7590330519613642,Strength,31,Male,1,3,0.6841846111881185,57.24008795743529,89.43570817536282,43.387836419059504,Moderate,15.874572050626213,39.16278732353157,1.3192657519337607,51.595560465744434
2,Intermediate,0.7590330519613642,Strength,31,Male,1,4,0.6101936615186838,52.4688056027161,95.43570817536282,39.89539106157361,Moderate,24.97229246633769,32.01613260623337,1.315159543281013,42.180100515257294
2,Intermediate,0.7590330519613642,Strength,31,Male,1,5,0.5909654086357352,46.543192707683325,94.43570817536282,34.99382360727044,Moderate,27.33654471060817,27.505416897707846,1.3300401779465212,36.23739518224922
2,Intermediate,0.7590330519613642,Strength,31,Male,2,2,0.5362679639935255,41.2759010028776,92.43570817536282,33.79950164592291,Moderate,16.51080882502236,22.13494339281149,1.2211984725123328,29.161989947110023
2,Intermediate,0.7590330519613642,Strength,31,Male,2,3,0.5377084129601577,43.757869357628316,97.43570817536282,34.30445030075723,Moderate,16.286551686375894,23.528974486808238,1.2755740931108381,30.998575658112756
2,Intermediate,0.7590330519613642,Strength,31,Male,2,4,0.5285328868722939,39.224412213572734,102.43570817536282,31.148268699957008,Moderate,17.715048824217046,20.731391823108464,1.259280614666916,27.31286135258095
2,Intermediate,0.7590330519613642,Strength,31,Male,3,1,0.46873388539594235,35.570821370552935,99.43570817536282,27.923382575489864,Moderate,17.125642242859897,16.673249307744296,1.2738721750674842,21.966404886131492
2,Intermediate,0.7590330519613642,Strength,31,Male,3,3,0.4198694784013517,30.55999464633378,109.43570817536282,24.308729133236447,Moderate,25.76509945521714,12.831209012104265,1.2571612946803092,16.904655303603416
2,Intermediate,0.7590330519613642,Strength,31,Male,3,4,0.41131460169883316,28.506104048046975,109.43570817536282,24.893755595444272,Moderate,27.277641932947038,11.724976832507938,1.1451105797854466,15.447234287065628
2,Intermediate,0.7590330519613642,Strength,31,Male,4,1,0.31805143907026084,22.979180768992354,112.43570817536282,17.50678894212403,Moderate,22.413603851390747,7.308561512233681,1.3125867646187328,9.628766316014628
2,Intermediate,0.7590330519613642,Strength,31,Male,4,2,0.2871941732758595,20.788353592818524,110.43570817536282,17.541177921255024,Moderate,29.94101531346708,5.970294023855759,1.185117242469309,7.865647145116033
2,Intermediate,0.7590330519613642,Strength,31,Male,4,3,0.28765817731530896,20.77101529801656,109.43570817536282,15.272947160914446,Moderate,29.827824814079563,5.974952401615843,1.3599872846535561,7.871784389878697
3,Beginner,1.0293767882646523,Strength,22,Male,0,7,0.6357036418058275,60.874013387464416,90.28014867156938,50.0,Moderate,24.9790669960074,38.69783200174783,1.2174802433996834,37.59342045546318
3,Beginner,1.0293767882646523,Strength,22,Male,0,8,0.6328522285298412,58.57945144512324,90.28014867156938,46.50702293470877,Moderate,25.315569212255202,37.07213639310187,1.2595828863907301,36.01412116692249
3,Beginner,1.0293767882646523,Strength,22,Male,1,3,0.7322351317648638,74.91280217873894,89.28014867156938,43.111348677712385,Moderate,15.337052107571497,54.853785574224084,1.7376584759875242,53.28829337448383
3,Beginner,1.0293767882646523,Strength,22,Male,1,5,0.7081329988625475,71.7566972110814,89.28014867156938,39.76292229876534,Moderate,18.123803976587872,50.81328518455488,1.804613224030978,49.36310629959972
3,Beginner,1.0293767882646523,Strength,22,Male,1,6,0.6646837640143244,66.87575488370364,93.28014867156938,43.25200668715061,Moderate,23.147518554519735,44.45122847739947,1.5461884536650357,43.18261864998693
3,Beginner,1.0293767882646523,Strength,22,Male,1,7,0.6716526085847442,62.424888102567145,99.28014867156938,37.49032787522288,Moderate,22.341762453588284,41.927838934699984,1.6650931046866158,40.73124504209758
3,Beginner,1.0293767882646523,Strength,22,Male,1,8,0.6578811430347632,65.15134671313264,94.28014867156938,33.850621153647815,Moderate,23.934055447575382,42.86184244588986,1.9246720611931736,41.63859268631326
3,Beginner,1.0293767882646523,Strength,22,Male,1,9,0.6170168582798761,57.65726502216471,95.28014867156938,32.68386406261222,Moderate,28.65889131078462,35.57550452098626,1.7640895564741546,34.56020221784679
3,Beginner,1.0293767882646523,Strength,22,Male,2,3,0.5589179907666946,49.854098798827586,93.28014867156938,34.22820681027807,Moderate,16.2714598254092,27.864352732124996,1.456520863586009,27.069121803278207
3,Beginner,1.0293767882646523,Strength,22,Male,2,5,0.5440400199807908,49.6328048672708,102.28014867156938,31.315063456580024,Moderate,18.50024972883516,27.002232151692695,1.5849497910530979,26.231605596632946
3,Beginner,1.0293767882646523,Strength,22,Male,2,6,0.4932580723980622,41.78968005309051,102.28014867156938,28.222067705409014,Moderate,26.1076239922614,20.61309702911917,1.4807447494124035,20.024812332379142
3,Beginner,1.0293767882646523,Strength,22,Male,3,4,0.4372852323202368,36.301071508408604,105.28014867156938,22.799458405434084,Moderate,22.409114997617664,15.873922488027986,1.5921900104243922,15.42089082258963
3,Beginner,1.0293767882646523,Strength,22,Male,3,5,0.3960410359516234,31.730549594884813,108.28014867156938,21.74261026640762,Moderate,29.72739025807553,12.566599732872545,1.459371609329583,12.207956958210257
3,Beginner,1.0293767882646523,Strength,22,Male,4,3,0.266816919719031,21.41389851414027,108.28014867156938,16.2017485495698,Moderate,26.053526601868004,5.713590440718842,1.3217028474995076,5.550528198545005
4,Intermediate,0.8685521998038728,Strength,30,Male,0,6,0.7486008859314761,78.25282917635697,77.97705142498316,47.04810436389628,Moderate,17.03473839733004,58.58013724806529,1.6632514438383004,67.44565244972124
4,Intermediate,0.8685521998038728,Strength,30,Male,0,8,0.7593892544624868,75.48873043743916,83.97705142498316,48.88785984182197,Moderate,15.839094851800967,57.32533072720656,1.5441201381603715,66.00094356931866
4,Intermediate,0.8685521998038728,Strength,30,Male,0,9,0.6398397736862003,65.25218090966834,87.97705142498316,44.06713674556126,Moderate,29.088416531038032,41.750940665773186,1.4807447056449903,48.069526052291245
4,Intermediate,0.8685521998038728,Strength,30,Male,1,3,0.6776094744323963,69.72185216991315,78.97705142498316,45.86580869442398,Moderate,20.22252321389117,47.24418760530808,1.5201269231793242,54.394120723953634
4,Intermediate,0.8685521998038728,Strength,30,Male,1,4,0.6125323034191658,58.01702372649288,81.97705142498316,36.99439144711291,Moderate,27.884299938843967,35.53730118071307,1.5682653474964854,40.91551466132152
4,Intermediate,0.8685521998038728,Strength,30,Male,1,5,0.6780615724368911,60.700268361284074,89.97705142498316,36.51796784065369,Moderate,20.16929603891867,41.15851941239355,1.662202753558117,47.38744779443277
4,Intermediate,0.8685521998038728,Strength,30,Male,1,6,0.6301246462634323,58.19413876321932,88.97705142498316,39.901309225111355,Moderate,25.81308816299421,36.66956110277867,1.4584518261406771,42.21913074646319
4,Intermediate,0.8685521998038728,Strength,30,Male,2,5,0.49661076693803846,44.57363425340425,97.97705142498316,31.306294111867363,Moderate,20.8323048433156,22.135746691798705,1.4237914162033054,25.485769549633986
4,Intermediate,0.8685521998038728,Strength,30,Male,2,6,0.47713954558886135,42.720565767549424,96.97705142498316,28.32238946793724,Moderate,23.936328796731633,20.383671337627597,1.5083672338996894,23.468535194194686
4,Intermediate,0.8685521998038728,Strength,30,Male,3,4,0.3475106549990495,28.92731087865988,103.97705142498316,21.93631116077587,Moderate,24.239713411536144,10.052548750804226,1.3186952604724762,11.573901003501204
5,Intermediate,0.7552748767923754,Strength,42,Male,0,6,1.0128906383115004,49.22205992427094,78.46691650205761,44.985537676394415,Moderate,17.459609940398636,49.85656369570171,1.0941751810143285,66.0110632785472
5,Intermediate,0.7552748767923754,Strength,42,Male,0,7,1.0010423706195781,52.744149756793654,81.46691650205761,42.07438788567473,Moderate,18.42512447852499,52.79912870885477,1.2535927711299857,69.90707677979923
5,Intermediate,0.7552748767923754,Strength,42,Male,0,8,0.9224426727881776,48.774481537087844,83.46691650205761,49.97944492773566,Moderate,24.830208573670333,44.99166311292893,0.9758908013428149,59.56983996894832
5,Intermediate,0.7552748767923754,Strength,42,Male,0,9,0.8844662591865117,38.97021987984382,83.46691650205761,45.74673525240208,Moderate,27.92490396642433,34.46784459680129,0.8518688560606892,45.63609888241733
5,Intermediate,0.7552748767923754,Strength,42,Male,1,3,0.9597989440739783,44.51363340919538,79.46691650205761,45.176118343524564,Moderate,18.881314102888123,42.724138343041886,0.9853354837919662,56.567592923117694
5,Intermediate,0.7552748767923754,Strength,42,Male,1,4,0.9693082600624766,46.65904945688216,89.46691650205761,41.96403085554863,Moderate,18.077621598817263,45.22700204521949,1.1118819473184807,59.88143330791478
5,Intermediate,0.7552748767923754,Strength,42,Male,1,5,0.9034767434773858,42.84937084788321,86.46691650205761,40.60536018721677,Moderate,23.641459889084114,38.71341003370035,1.0552638763714013,51.25731037262114
5,Intermediate,0.7552748767923754,Strength,42,Male,1,6,0.8579358596854298,42.47182091203286,88.46691650205761,36.4821120562309,Moderate,27.49040832834371,36.43809818657053,1.1641820430348937,48.24475308455711
5,Intermediate,0.7552748767923754,Strength,42,Male,2,3,0.8498663180248608,42.4139711582523,93.46691650205761,35.726723058218084,Moderate,16.131530836085574,36.04620550107652,1.1871777297335488,47.72587952121975
5,Intermediate,0.7552748767923754,Strength,42,Male,2,4,0.785260454837306,36.87243054814175,93.46691650205761,32.07031197056807,Moderate,22.50711571294736,28.954461583190767,1.149737159783278,38.33627217932491
5,Intermediate,0.7552748767923754,Strength,42,Male,2,5,0.8013508050208397,39.26257021712696,98.46691650205761,29.471125778324236,Moderate,20.919250645720634,31.46309225068193,1.3322385164453312,41.65774813873885
5,Intermediate,0.7552748767923754,Strength,42,Male,3,3,0.6170409272285023,25.209689857488783,100.46691650205761,23.676930174606056,Moderate,16.961330746276936,15.55541040480785,1.0647363744726612,20.595666938114082
5,Intermediate,0.7552748767923754,Strength,42,Male,3,4,0.5649940931087906,25.747904389208426,98.46691650205761,22.31562660305204,Moderate,23.965566046490096,14.547413889832663,1.1538059716360818,19.26105988134417
5,Intermediate,0.7552748767923754,Strength,42,Male,3,5,0.587763176904378,25.660430418686442,103.46691650205761,21.91962413475222,Moderate,20.90140233371271,15.08225610362088,1.170660093908422,19.969201409787615
5,Intermediate,0.7552748767923754,Strength,42,Male,3,6,0.5264449288719958,22.509217504412803,102.46691650205761,20.30263887765266,Moderate,29.15334396819873,11.84986340807488,1.1086842716049425,15.689450401091515
5,Intermediate,0.7552748767923754,Strength,42,Male,4,2,0.38457331605736844,20.0,104.46691650205761,16.574560319582268,Moderate,21.6763741622858,7.691466321147368,1.2066684369118532,10.183651507330936
6,Intermediate,0.8393118775460912,Strength,30,Female,0,7,0.9258483031702249,50.82787630754949,88.96955986618076,45.08513857857253,Moderate,16.43387898965415,47.05890303309077,1.1273753787313612,56.068367699394095
6,Intermediate,0.8393118775460912,Strength,30,Female,0,8,0.8849276852760722,47.50711017771855,87.96955986618076,40.10184277567669,Moderate,20.127332112646123,42.04035704372381,1.1846614944556102,50.089017061953925
6,Intermediate,0.8393118775460912,Strength,30,Female,0,9,0.8445323243991624,41.61938812042107,87.96955986618076,39.987471713814806,Moderate,23.77337607442438,35.148918589410094,1.0408106663375722,41.87820719750589
6,Intermediate,0.8393118775460912,Strength,30,Female,1,4,0.8319603579005337,45.08193982759039,91.96955986618076,36.91944574567181,Moderate,19.194247721623025,37.506386793812425,1.2210892578685648,44.68701457729361
6,Intermediate,0.8393118775460912,Strength,30,Female,1,5,0.8205520282306878,41.91521782903899,94.96955986618076,37.26433182447192,Moderate,20.302303715466223,34.39361700334903,1.1248079504461914,40.97830251801455
6,Intermediate,0.8393118775460912,Strength,30,Female,1,6,0.7570200688967706,35.695777998416816,97.96955986618076,35.51052058604691,Moderate,26.472967640669985,27.022420319685327,1.0052169442772336,32.1958843270594
6,Intermediate,0.8393118775460912,Strength,30,Female,1,7,0.7222804011271338,33.080294902540196,95.96955986618076,31.360295718101863,Moderate,29.84712478814553,23.89324867161061,1.0548463619429185,28.467630261396177
6,Intermediate,0.8393118775460912,Strength,30,Female,2,3,0.721141828135317,34.383761590934796,93.96955986618076,29.16125474346053,Moderate,19.262379523284345,24.795568691855614,1.179090567752571,29.54270017201536
6,Intermediate,0.8393118775460912,Strength,30,Female,2,4,0.728330981974431,34.722566931434216,96.96955986618076,27.80814023194228,Moderate,18.457496001672567,25.28952126984439,1.248647532455336,30.131220366573736
6,Intermediate,0.8393118775460912,Strength,30,Female,2,5,0.7229429190312782,33.75806406707576,103.96955986618076,28.715981701301935,Moderate,19.06073292960639,24.40515337749665,1.1755844965579123,29.07753953311223
6,Intermediate,0.8393118775460912,Strength,30,Female,3,2,0.5417233985743468,23.52944035932841,102.96955986618076,24.00133889355748,Moderate,20.362692469382967,12.746448398007788,0.9803386170804681,15.186766150037787
6,Intermediate,0.8393118775460912,Strength,30,Female,3,3,0.5312715221044314,24.291687137431573,100.96955986618076,21.06830736373436,Moderate,21.899194866911287,12.90548159998791,1.152996563276325,15.376246385876762
6,Intermediate,0.8393118775460912,Strength,30,Female,3,4,0.4806218108972328,21.00801788336156,101.96955986618076,20.64456363213732,Moderate,29.345073406327998,10.096911598462686,1.017605275659747,12.029973408704445
6,Intermediate,0.8393118775460912,Strength,30,Female,4,1,0.44742628544470214,20.293815328777033,106.96955986618076,15.66937706859273,Moderate,18.38656213482209,9.079986410055465,1.2951257695066658,10.818357078712681
6,Intermediate,0.8393118775460912,Strength,30,Female,4,2,0.4392775268857758,20.0,113.96955986618076,15.449987347803555,Moderate,19.872948209941196,8.785550537715515,1.2944993581722213,10.467551222854976
7,Beginner,1.157516589416337,Strength,23,Female,0,6,0.8067734593054098,53.30814448067304,94.51234611250892,39.48564734665618,Moderate,15.425156432799444,43.00759613182518,1.3500638007172907,37.1550260013856
7,Beginner,1.157516589416337,Strength,23,Female,0,7,0.7798610935601878,52.72470109127617,98.51234611250892,41.5229634621393,Moderate,18.24640581411281,41.11794305067666,1.2697720833335642,35.52252114925514
7,Beginner,1.157516589416337,Strength,23,Female,0,8,0.7270142546445302,46.85685010187843,95.51234611250892,35.161844707629676,Moderate,23.78639115046834,34.065597951807625,1.3326049631038308,29.429874987026984
7,Beginner,1.157516589416337,Strength,23,Female,0,9,0.6786185829552717,42.94652677545706,100.51234611250892,37.8879560181282,Moderate,28.85975631294226,29.1443111432113,1.133513922508635,25.17828792382061
7,Beginner,1.157516589416337,Strength,23,Female,1,5,0.7329872504315156,46.5528262937039,96.51234611250892,37.93746959143412,Moderate,15.955842548552681,34.12262814483798,1.227093571815909,29.479144383493878
7,Beginner,1.157516589416337,Strength,23,Female,1,6,0.6498840580452664,41.42123579664731,104.51234611250892,34.57161287725939,Moderate,25.48443636995422,26.919000808775007,1.1981284976659272,23.255802810174625
7,Beginner,1.157516589416337,Strength,23,Female,1,7,0.6315635455517012,38.414133153508594,105.51234611250892,36.59389157434329,Moderate,27.58506231630451,24.26096613372504,1.0497416495243668,20.959479454613138
7,Beginner,1.157516589416337,Strength,23,Female,1,8,0.6388462244179112,39.08838246248191,102.51234611250892,31.911966518770583,Moderate,26.75003195398955,24.97146555475986,1.2248816197086616,21.573292521067774
7,Beginner,1.157516589416337,Strength,23,Female,2,1,0.6755879244431582,45.2769338978419,103.51234611250892,31.379473248928218,Moderate,17.866845779799192,30.58854979719308,1.4428837634011142,26.425991342919424
7,Beginner,1.157516589416337,Strength,23,Female,2,2,0.6519702083952212,40.87037452381733,103.51234611250892,33.312097606131694,Moderate,20.738118998740994,26.646266595483926,1.226892817743233,23.02018288026185
7,Beginner,1.157516589416337,Strength,23,Female,2,3,0.5829100860879066,33.68618460356249,101.51234611250892,31.106770861206442,Moderate,29.13395538170736,19.636016767235724,1.0829212608066494,16.9639035698256
7,Beginner,1.157516589416337,Strength,23,Female,3,3,0.6082836727922822,37.21006103065118,107.51234611250892,24.67728902180243,Moderate,16.39405874434667,22.634272588549475,1.5078665849360293,19.55415001508747
7,Beginner,1.157516589416337,Strength,23,Female,3,4,0.5646045292506163,32.929930232418,112.51234611250892,22.219106986489596,Moderate,22.397566765987758,18.592387757130005,1.482054556485398,16.06229393585714
7,Beginner,1.157516589416337,Strength,23,Female,3,5,0.5735594425097188,33.59035706015387,112.51234611250892,17.46971247725367,Moderate,21.166752944447534,19.26606646912425,1.922776644499063,16.644296937931554
8,Intermediate,0.9755399554084354,Endurance,24,Male,0,8,0.9309581266243427,49.76478560598266,86.53192666523107,44.419334686430005,Moderate,18.129844182140307,46.328931579607676,1.1203406092627737,47.49050393298032
8,Intermediate,0.9755399554084354,Endurance,24,Male,1,6,0.8742014484369826,46.82949256989971,95.53192666523107,37.412482545129954,Moderate,21.92681417576118,40.938410234175244,1.2517076690033209,41.964829879474735
8,Intermediate,0.9755399554084354,Endurance,24,Male,1,7,0.8049721099830911,42.117216172673636,99.53192666523107,36.275148713362114,Moderate,28.10954816146151,33.90318436913107,1.1610487208315938,34.75321479961507
8,Intermediate,0.9755399554084354,Endurance,24,Male,2,6,0.6849671754682997,35.835932868347285,99.53192666523107,29.555008472535775,Moderate,18.297144849510648,24.54643771710344,1.2125163722802426,25.161873093094734
8,Intermediate,0.9755399554084354,Endurance,24,Male,2,7,0.5921469720336714,26.54416903887813,102.53192666523107,26.841705605571267,Moderate,29.368734712300153,15.718049321521615,0.988915102490861,16.112136793827222
8,Intermediate,0.9755399554084354,Endurance,24,Male,3,2,0.7075462852156368,36.357375256568126,102.53192666523107,27.241560202532657,Moderate,15.391044116558547,25.724525802975688,1.334628914483358,26.369498543713576
8,Intermediate,0.9755399554084354,Endurance,24,Male,3,3,0.6782664161117805,34.40246457278845,99.53192666523107,24.634056065812878,Moderate,18.892354497300783,23.33403635119772,1.3965407517275001,23.919074049974995
8,Intermediate,0.9755399554084354,Endurance,24,Male,3,5,0.6343285084392871,31.979955662566617,108.53192666523107,20.5616681777199,Moderate,24.14648496134489,20.285797575390415,1.5553190446823881,20.79440895118262
8,Intermediate,0.9755399554084354,Endurance,24,Male,4,1,0.41038153316892506,20.0,107.53192666523107,19.454511672327907,Moderate,20.383036155989345,8.2076306633785,1.0280391154926225,8.413414749913974
8,Intermediate,0.9755399554084354,Endurance,24,Male,4,3,0.39461250509939694,20.0,110.53192666523107,15.0,Moderate,23.44234081809756,7.892250101987939,1.3333332444444503,8.090126875999424
9,Beginner,0.8121409833380322,Strength,32,Female,0,7,0.6587324668588511,20.678542624558858,93.18369275866755,39.52403389518602,Moderate,21.48496871893774,13.621627394121559,0.5231890589965419,16.77247042214775
9,Beginner,0.8121409833380322,Strength,32,Female,0,8,0.6294694506895105,20.0,91.18369275866755,41.48838854773894,Moderate,24.972859092506223,12.58938901379021,0.4820625774588537,15.501463133386883
9,Beginner,0.8121409833380322,Strength,32,Female,0,9,0.6126063034027842,20.0,99.18369275866755,39.05454648204319,Moderate,26.982795756214312,12.252126068055684,0.5121042564683602,15.086187291657433
9,Beginner,0.8121409833380322,Strength,32,Female,1,4,0.6197158402570044,20.0,95.18369275866755,38.499820861576715,Moderate,24.64192763740121,12.39431680514009,0.5194829231134765,15.261268422791645
9,Beginner,0.8121409833380322,Strength,32,Female,1,5,0.6586755197269739,20.0,95.18369275866755,36.336895236875094,Moderate,19.904391247329194,13.173510394539479,0.5504047420457385,16.22069867684252
9,Beginner,0.8121409833380322,Strength,32,Female,1,6,0.6363600451140404,20.0,96.18369275866755,35.45523878634208,Moderate,22.617975508770332,12.727200902280808,0.5640915170937391,15.671152536616807
9,Beginner,0.8121409833380322,Strength,32,Female,2,3,0.5159771569128142,20.0,98.18369275866755,29.597383763263508,Moderate,23.27556658580425,10.319543138256284,0.6757353786481888,12.706575143229669
9,Beginner,0.8121409833380322,Strength,32,Female,2,4,0.5242729231374281,20.0,107.18369275866755,29.256541449739636,Moderate,22.042008171845872,10.485458462748563,0.6836077788193317,12.910868638574337
9,Beginner,0.8121409833380322,Strength,32,Female,2,5,0.4730060526187595,20.0,107.18369275866755,26.698684795730625,Moderate,29.665255714427346,9.46012105237519,0.7491005419899054,11.648358595491633
9,Beginner,0.8121409833380322,Strength,32,Female,3,4,0.3809126262894757,20.0,115.18369275866755,19.49820700489781,Moderate,17.739600066132088,7.618252525789514,1.0257352878262527,9.380444161348844
9,Beginner,0.8121409833380322,Strength,32,Female,3,5,0.3584561226981337,20.0,111.18369275866755,21.749583904205423,Moderate,22.589218690053173,7.169122453962674,0.9195577795203287,8.827425008243566
9,Beginner,0.8121409833380322,Strength,32,Female,4,3,0.36013621508344573,20.0,116.18369275866755,15.0,Moderate,21.536001243117976,7.202724301668915,1.3333332444444503,8.868799359521566
9,Beginner,0.8121409833380322,Strength,32,Female,4,4,0.3586971716800267,20.0,115.18369275866755,15.0,Moderate,21.849530111051482,7.173943433600534,1.3333332444444503,8.833361137315533
10,Intermediate,0.965530055413721,Endurance,23,Male,0,6,0.9015514299596123,61.28474771188793,103.60900750988625,47.17000150649902,Moderate,22.034152278703274,55.251351934366646,1.2992313855282116,57.22379578012844
10,Intermediate,0.965530055413721,Endurance,23,Male,0,7,0.9245670587129996,68.90156509964815,97.60900750988625,46.65143723782463,Moderate,20.043768871872146,63.70411738490396,1.4769440708000143,65.97832045661892
10,Intermediate,0.965530055413721,Endurance,23,Male,0,8,0.8700545315891037,62.19142857778769,99.60900750988625,47.51629775763683,Moderate,24.757992872199136,54.10993426010427,1.3088441272541724,56.0416301026368
10,Intermediate,0.965530055413721,Endurance,23,Male,1,5,0.9121936250865464,57.59318110170703,103.60900750988625,37.823848067322395,Moderate,17.54569004895986,52.53613264943212,1.5226684359700502,54.411644612426144
10,Intermediate,0.965530055413721,Endurance,23,Male,1,6,0.8661447176162391,55.27505463989832,111.60900750988625,39.55023763747271,Moderate,21.708107747398873,47.87619659229692,1.3975909259755213,49.58535131920995
10,Intermediate,0.965530055413721,Endurance,23,Male,1,7,0.7886035979879509,49.25125807412489,106.60900750988625,39.17774591147685,Moderate,28.717145451619793,38.839719322688005,1.2571232895400906,40.22627662250134
10,Intermediate,0.965530055413721,Endurance,23,Male,2,4,0.6951332083375129,42.95886077241986,112.60900750988625,33.98649446719945,Moderate,23.384466706436687,29.862130715256747,1.263997955125432,30.92819288185516
10,Intermediate,0.965530055413721,Endurance,23,Male,2,7,0.6481556768701906,36.64516869084528,113.60900750988625,25.240165368441357,Moderate,28.562191756851053,23.75177411683714,1.45185923721422,24.59969980629958
10,Intermediate,0.965530055413721,Endurance,23,Male,3,3,0.5434179585791997,33.37276437703339,120.60900750988625,25.466352845410654,Moderate,22.025686143181485,18.135359489912123,1.3104649601437768,18.78278216762411
10,Intermediate,0.965530055413721,Endurance,23,Male,3,4,0.5155881715151928,30.81433894675572,120.60900750988625,26.17607012558515,Moderate,26.018944954080798,15.887508674007172,1.1771949579032512,16.454684274447832
10,Intermediate,0.965530055413721,Endurance,23,Male,3,5,0.4919071718604557,28.058113135949498,119.60900750988625,21.956761983609606,Moderate,29.41689982540948,13.801987080445619,1.2778802210915359,14.29471067042126
10,Intermediate,0.965530055413721,Endurance,23,Male,4,2,0.3505077093829348,20.0,127.60900750988625,17.291652357368765,Moderate,18.56265244647975,7.010154187658696,1.1566273962736526,7.260412959637959
10,Intermediate,0.965530055413721,Endurance,23,Male,4,4,0.33405447262986837,20.0,123.60900750988625,15.0,Moderate,22.385415609660146,6.681089452597368,1.3333332444444503,6.9196007887437485
11,Beginner,0.8656665859680498,Hypertrophy,37,Female,0,7,0.7381091357770184,31.720067255559595,101.96248279515736,39.25772882963939,Moderate,22.099597818040113,23.412871428789995,0.80799545448018,27.04602991760179
11,Beginner,0.8656665859680498,Hypertrophy,37,Female,0,8,0.7342279430659212,34.12321379498893,101.96248279515736,39.28992864531702,Moderate,22.509220810745497,25.054217075493387,0.8684977067414038,28.942076013480413
11,Beginner,0.8656665859680498,Hypertrophy,37,Female,0,9,0.7062552980491693,33.36730897694169,101.96248279515736,42.416672696619486,Moderate,25.461467560278294,23.56583874660868,0.7866554840107841,27.222734371249118
11,Beginner,0.8656665859680498,Hypertrophy,37,Female,1,5,0.673892188203411,30.760869570169028,104.96248279515736,38.487211015413486,Moderate,24.39161932093517,20.729509705680925,0.7992491001387634,23.946269955920485
11,Beginner,0.8656665859680498,Hypertrophy,37,Female,1,7,0.6345960661407004,27.038709484091623,103.96248279515736,34.472952292544306,Moderate,28.800508766662958,17.158658672125792,0.7843456072543534,19.821302021997028
11,Beginner,0.8656665859680498,Hypertrophy,37,Female,2,2,0.6147664036615169,25.7787436056047,102.96248279515736,29.68197210427134,Moderate,21.306321683307903,15.847905497329927,0.8684983142813726,18.307149019109563
11,Beginner,0.8656665859680498,Hypertrophy,37,Female,2,3,0.5700293627584667,23.206739587056873,104.96248279515736,31.323107192307262,Moderate,27.032923339965258,13.228522978511712,0.7408824004495278,15.281296415550383
11,Beginner,0.8656665859680498,Hypertrophy,37,Female,2,4,0.5898562905072429,26.895127591069425,113.96248279515736,29.523377769986453,Moderate,24.494961172583153,15.86426019358721,0.9109772902555139,18.326041601576993
11,Beginner,0.8656665859680498,Hypertrophy,37,Female,3,2,0.4959612845486905,20.679576948949816,110.96248279515736,25.23151748408375,Moderate,15.940697930674808,10.25626954752464,0.8195930404265864,11.84781515881222
11,Beginner,0.8656665859680498,Hypertrophy,37,Female,3,3,0.44574177218401245,20.0,111.96248279515736,23.38117240763337,Moderate,24.452283998280954,8.91483544368025,0.8553890624441671,10.29822022700672
11,Beginner,0.8656665859680498,Hypertrophy,37,Female,3,4,0.4240520846233196,20.0,113.96248279515736,21.54848591836342,Moderate,28.128417711243326,8.481041692466393,0.9281394130256165,9.79711130454573
11,Beginner,0.8656665859680498,Hypertrophy,37,Female,3,5,0.43220922811240003,20.0,120.96248279515736,20.324057028221564,Moderate,26.74588280391605,8.644184562248,0.9840554466154552,9.985570330187969
11,Beginner,0.8656665859680498,Hypertrophy,37,Female,3,6,0.4284595126138302,20.0,124.96248279515736,20.75109928963589,Moderate,27.381413192250964,8.569190252276604,0.9638043149928284,9.898938566232601
11,Beginner,0.8656665859680498,Hypertrophy,37,Female,4,2,0.37504688260003866,20.0,120.96248279515736,15.0,Moderate,24.565753411028243,7.500937652000773,1.3333332444444503,8.664916849823713
11,Beginner,0.8656665859680498,Hypertrophy,37,Female,4,3,0.3919939312427508,20.0,121.96248279515736,15.175384434210851,Moderate,21.15714529940462,7.839878624855015,1.3179236920673336,9.056453945988883
12,Advanced,0.9620004503267581,Hypertrophy,31,Female,0,4,1.160703215968746,61.437793982649154,77.79701765766903,43.603173091836354,Moderate,16.25004665615187,71.31104505768614,1.4090211380770077,74.12779370910957
12,Advanced,0.9620004503267581,Hypertrophy,31,Female,0,5,1.1076126236556945,58.44398064604473,75.79701765766903,43.60444122066663,Moderate,20.08077148575815,64.73329074024824,1.340321711954953,67.29022156698475
12,Advanced,0.9620004503267581,Hypertrophy,31,Female,0,6,1.0425066221698234,58.864632431683376,82.79701765766903,42.0804148592225,Moderate,24.778462085585893,61.366769121622475,1.3988605204998796,63.790724120819505
12,Advanced,0.9620004503267581,Hypertrophy,31,Female,0,7,1.0473557291126248,59.664396840867184,82.79701765766903,40.85798378842122,Moderate,24.428577227310562,62.48984785533143,1.4602873134794334,64.95816387190042
12,Advanced,0.9620004503267581,Hypertrophy,31,Female,0,8,0.987298246125517,48.029330580624446,82.79701765766903,39.027643168991176,Moderate,28.761994528925644,47.41927384483317,1.2306489823637734,49.29231014020458
12,Advanced,0.9620004503267581,Hypertrophy,31,Female,0,9,0.9752434983183266,49.17606788128005,82.79701765766903,36.226079817270154,Moderate,29.631798758408568,47.958640474079054,1.3574768998427291,49.85298146670069
12,Advanced,0.9620004503267581,Hypertrophy,31,Female,1,4,1.1293720818492887,65.78442829731894,86.79701765766903,33.997130286713144,Moderate,18.598532361059227,74.29509673940835,1.9349993898758453,77.22971385767966
12,Advanced,0.9620004503267581,Hypertrophy,31,Female,1,5,1.1196353970830228,59.96305057668021,88.79701765766903,35.829974314004396,Moderate,19.300320941324067,67.13675394273073,1.6735442894163324,69.78862029774149
12,Advanced,0.9620004503267581,Hypertrophy,31,Female,1,6,1.0513166955956366,57.75538147016797,88.79701765766903,34.38482422149404,Moderate,24.224510814296384,60.71919680008244,1.6796764589649547,63.11757303428001
12,Advanced,0.9620004503267581,Hypertrophy,31,Female,1,7,0.9755675916927412,48.08416682225299,91.79701765766903,33.72336999232508,Moderate,29.684259934297337,46.90935482533736,1.425841053469898,48.76224958850519
12,Advanced,0.9620004503267581,Hypertrophy,31,Female,1,8,1.019017009223638,51.95557098961408,87.79701765766903,30.839166388868986,Moderate,26.552567189351215,52.94361056234295,1.6847267740557352,55.03485524305589
12,Advanced,0.9620004503267581,Hypertrophy,31,Female,2,3,0.9365184783593754,46.83067592816928,90.79701765766903,31.5242727906215,Moderate,15.307382068508518,43.857793360790126,1.4855433701410576,45.59015305631106
12,Advanced,0.9620004503267581,Hypertrophy,31,Female,2,4,0.8984453672318723,44.862010565847854,90.79701765766903,30.72589644064103,Moderate,18.75046571148548,40.30606555759331,1.4600716106833396,41.89813387901105
12,Advanced,0.9620004503267581,Hypertrophy,31,Female,2,5,0.8555762835055007,42.33918555814014,96.79701765766903,26.570372559415578,Moderate,22.627265809942777,36.22440302648331,1.5934734776484414,37.655247831673385
12,Advanced,0.9620004503267581,Hypertrophy,31,Female,2,6,0.814042810248173,37.7162738181923,91.79701765766903,26.89370521796846,Moderate,26.383282015958155,30.70266153105085,1.4024200871575287,31.915400460802044
12,Advanced,0.9620004503267581,Hypertrophy,31,Female,3,1,0.7931417528683805,36.90680980821621,90.79701765766903,26.744067202683627,Moderate,16.12267769757539,29.272331824068544,1.3799998387871597,30.428573485129114
12,Advanced,0.9620004503267581,Hypertrophy,31,Female,3,3,0.7173613364488614,34.388487904927196,101.79701765766903,22.560545148507394,Moderate,24.136703424054527,24.66897164193408,1.5242755063889415,25.6433830048332
12,Advanced,0.9620004503267581,Hypertrophy,31,Female,3,4,0.7014165035681567,34.52822960892425,100.79701765766903,19.93140403478811,Moderate,25.82292140685073,24.21867008669015,1.732353015186785,25.175294775765586
12,Advanced,0.9620004503267581,Hypertrophy,31,Female,4,2,0.4090154912649087,20.0,104.79701765766903,16.19733140323445,Moderate,29.81394288565649,8.180309825298174,1.234771226650025,8.503427746932825
13,Beginner,1.0978969610765617,Endurance,20,Male,0,5,0.6276576552979185,53.7530996765042,87.14999772290562,49.236384467652606,Moderate,20.17552479129541,33.738544507949925,1.0917352922224357,30.730127665841596
13,Beginner,1.0978969610765617,Endurance,20,Male,0,6,0.6259359980187845,52.37125376856213,91.14999772290562,49.63018339084324,Moderate,20.39448235141771,32.781052995119964,1.0552298850258677,29.85801427573103
13,Beginner,1.0978969610765617,Endurance,20,Male,0,7,0.6047905347767715,53.02496391631975,91.14999772290562,47.430988189552586,Moderate,23.083727821605546,32.06899628347003,1.1179392380878137,29.20945062328402
13,Beginner,1.0978969610765617,Endurance,20,Male,1,4,0.6019504991246919,54.670217322847094,90.14999772290562,38.48485278851659,Moderate,18.466363402895023,32.90876460474318,1.4205645063191072,29.97433802725525
13,Beginner,1.0978969610765617,Endurance,20,Male,1,5,0.5973573569492335,45.96320283635364,98.14999772290562,41.12627760926899,Moderate,19.08850024889352,27.456457363245722,1.117611522137442,25.008205076110034
13,Beginner,1.0978969610765617,Endurance,20,Male,1,7,0.5719735602559152,46.858265444467776,101.14999772290562,39.88626600835727,Moderate,22.526711959087812,26.801688913688956,1.1747969654480246,24.411821374919146
13,Beginner,1.0978969610765617,Endurance,20,Male,1,8,0.5687296319472126,43.52694749075171,103.14999772290562,31.58615178686855,Moderate,22.966099038678937,24.75506482620087,1.3780389078864759,22.547691774495046
13,Beginner,1.0978969610765617,Endurance,20,Male,2,5,0.5264754624204304,39.629522989934955,108.14999772290562,27.75695931050992,Moderate,19.59302321046067,20.863971441627083,1.4277328117563939,19.003561516016095
13,Beginner,1.0978969610765617,Endurance,20,Male,3,3,0.45350246072124084,35.49801392266964,106.14999772290562,25.998806966738954,Moderate,15.81106921247013,16.09843666464755,1.3653708265426363,14.662962529652544
13,Beginner,1.0978969610765617,Endurance,20,Male,3,5,0.37782592854252417,29.75606151576161,110.14999772290562,21.85957985032999,Moderate,29.8597831261758,11.242611571961099,1.361236600074718,10.240124283441583
13,Beginner,1.0978969610765617,Endurance,20,Male,4,1,0.27302239227258157,21.487975157703175,116.14999772290562,19.760986843070874,Moderate,27.389524867684965,5.866698382649925,1.0873937744583888,5.3435734381884075
13,Beginner,1.0978969610765617,Endurance,20,Male,4,2,0.2848192581047123,20.151893515863193,111.14999772290562,16.717942618112527,Moderate,24.25214105819877,5.739647360593318,1.205405041205562,5.227851370600246
14,Beginner,0.8551502794715188,Strength,43,Male,0,5,0.5129130231145991,43.42699732330947,82.0103113550766,47.98096949364474,Moderate,17.982062837604857,22.274272481888264,0.9050879312468584,26.047172022772045
14,Beginner,0.8551502794715188,Strength,43,Male,0,6,0.4881127102298989,38.288716745505624,81.0103113550766,47.345879668368546,Moderate,21.947784923258766,18.689209301873664,0.808702176514504,21.8548574392867
14,Beginner,0.8551502794715188,Strength,43,Male,0,7,0.46674863290366086,34.85154278015723,81.0103113550766,40.01520951679348,Moderate,25.364031874907024,16.26690994722184,0.8709573767088099,19.0222599646635
14,Beginner,0.8551502794715188,Strength,43,Male,0,8,0.4431815272329119,33.11868628512799,85.0103113550766,46.44872700667965,Moderate,29.132556566024387,14.677589967790716,0.713016000790491,17.163735025762257
14,Beginner,0.8551502794715188,Strength,43,Male,1,5,0.48759860318130405,38.094464899043174,93.0103113550766,40.265567026791935,Moderate,19.343923930844028,18.57480787371267,0.9460804048187238,21.721078269556994
14,Beginner,0.8551502794715188,Strength,43,Male,1,6,0.46854292876328624,36.37163186822113,90.0103113550766,42.20334035133427,Moderate,22.496016482752403,17.041670919436402,0.8618187731970003,19.928252846640316
14,Beginner,0.8551502794715188,Strength,43,Male,1,7,0.45352888002158576,33.32598706772168,92.0103113550766,40.67823907401522,Moderate,24.979563911960955,15.114297590437662,0.8192583309180559,17.674413818077028
14,Beginner,0.8551502794715188,Strength,43,Male,2,3,0.4414667203453444,34.70737994579748,92.0103113550766,31.91651711154141,Moderate,19.42391899186787,15.322153196450989,1.087442553241635,17.9174767836634
14,Beginner,0.8551502794715188,Strength,43,Male,2,4,0.4619503202025451,36.78215861498082,98.0103113550766,30.949743024485063,Moderate,15.685272055716377,16.991529949931195,1.1884479104538506,19.869618812278354
14,Beginner,0.8551502794715188,Strength,43,Male,2,5,0.44602391933713625,32.77468550364666,99.0103113550766,30.92944999118889,Moderate,18.59214341692634,14.618293683378505,1.0596594654390548,17.094394915029035
14,Beginner,0.8551502794715188,Strength,43,Male,2,6,0.3862563253236267,28.47723836729297,101.0103113550766,28.26298647154965,Moderate,29.500867166536356,10.999513447115577,1.0075806174403534,12.862652154263566
14,Beginner,0.8551502794715188,Strength,43,Male,3,2,0.3357561733021113,26.081696331037833,99.0103113550766,29.185776511849202,Moderate,19.712517278794675,8.75709055333698,0.8936440470173824,10.240399287888382
14,Beginner,0.8551502794715188,Strength,43,Male,3,3,0.3393100058598106,23.596347549281266,99.0103113550766,23.909335130379493,Moderate,18.862709314687343,8.006476825216753,0.9869093571067186,9.36264380048023
14,Beginner,0.8551502794715188,Strength,43,Male,3,4,0.30355649221880227,21.836506776436373,99.0103113550766,22.40940624628431,Moderate,27.412245665555634,6.628613399367131,0.9744348226817588,7.751392716694053
15,Advanced,1.1536748423298229,Strength,27,Male,0,6,1.0404460209038469,129.13920302334313,64.30419132231759,44.105230675973424,Moderate,18.884412996575588,134.3623699283314,2.927979246817843,116.46457782888957
15,Advanced,1.1536748423298229,Strength,27,Male,0,7,1.029400021183941,128.0675391869038,73.30419132231759,45.797330096657056,Moderate,19.745584776099015,131.83272755197393,2.7963974345276204,114.27189745582318
15,Advanced,1.1536748423298229,Strength,27,Male,0,8,1.027471344233755,114.72898600983649,68.30419132231759,44.65702357713481,Moderate,19.895948908222266,117.88074547810238,2.5691139769437257,102.17839461736915
15,Advanced,1.1536748423298229,Strength,27,Male,0,9,0.947367087966129,110.93798182165858,75.30419132231759,45.405678452416936,Moderate,26.14106267488995,105.09899278322405,2.4432622341422396,91.0992402952453
15,Advanced,1.1536748423298229,Strength,27,Male,1,3,0.9841948982384892,111.1745981826765,71.30419132231759,43.37490491442077,Moderate,15.346580336846221,109.41747234510423,2.563108687821142,94.84247509607037
15,Advanced,1.1536748423298229,Strength,27,Male,1,4,0.9085469681391878,105.97449919832763,67.30419132231759,39.66309484717899,Moderate,21.85327528599369,96.28280994670936,2.671866553398781,83.45742054567803
15,Advanced,1.1536748423298229,Strength,27,Male,1,5,0.9676943070460544,102.27124967534878,76.30419132231759,41.09513610306566,Moderate,16.76584340496755,98.96730608532066,2.4886460268730786,85.78432732496017
15,Advanced,1.1536748423298229,Strength,27,Male,2,3,0.7933501544284819,82.99224231739657,77.30419132231759,33.62453672843068,Moderate,26.342626318802058,65.84190825887256,2.4682047077549516,57.07141108710943
15,Advanced,1.1536748423298229,Strength,27,Male,2,4,0.7657467509666671,83.14902533779052,79.30419132231759,29.87561929778567,Moderate,28.90542181623843,63.67109599845817,2.783173186330574,55.189762723882474
15,Advanced,1.1536748423298229,Strength,27,Male,2,5,0.8726178590596136,89.2277801924946,79.30419132231759,29.781789522364473,Moderate,18.983138319367335,77.86175452021645,2.996051568003928,67.49014902052241
15,Advanced,1.1536748423298229,Strength,27,Male,2,7,0.7678859149304987,78.01857877616064,86.30419132231759,28.237516907757644,Moderate,28.70681443137845,59.9093677451093,2.7629403912560857,51.929116955525096
15,Advanced,1.1536748423298229,Strength,27,Male,3,2,0.6921765738261029,75.51937132360742,80.30419132231759,26.13844429599321,Moderate,19.068997346213898,52.27273970027583,2.8892067017920096,45.309728939727286
15,Advanced,1.1536748423298229,Strength,27,Male,3,4,0.6702615110615154,70.2264139474531,84.30419132231759,23.872607159680438,Moderate,21.63136086706357,47.07006232885139,2.9417151857777215,40.800076244809325
15,Advanced,1.1536748423298229,Strength,27,Male,3,5,0.6259550208787766,63.01100020551908,86.30419132231759,21.72336181675936,Moderate,26.81178564616053,39.4420519492383,2.9006098520302164,34.18815797476174
15,Advanced,1.1536748423298229,Strength,27,Male,4,1,0.42464947331718134,39.9561830055277,90.30419132231759,17.6519897137246,Moderate,22.331986724621654,16.96737206906225,2.2635511004694426,14.70722662857967
15,Advanced,1.1536748423298229,Strength,27,Male,4,2,0.44668341176029874,43.201237874495455,89.30419132231759,16.55526257728373,Moderate,18.301998861594978,19.297276326047868,2.60951676624309,16.726775076677903
16,Beginner,1.0207447175199866,Strength,25,Male,0,8,0.7845513559294623,43.4626794953079,86.15987783353704,44.8274621069699,Moderate,15.45836817581355,34.09870413037145,0.9695547435194969,33.40567934315511
16,Beginner,1.0207447175199866,Strength,25,Male,0,9,0.7598734852806068,43.80185874925824,84.15987783353704,45.58810172229116,Moderate,18.117604488175513,33.283871069567695,0.9608177601969055,32.607407014583906
16,Beginner,1.0207447175199866,Strength,25,Male,1,3,0.692435099131982,39.924011627181784,81.15987783353704,40.309037871597496,Moderate,21.873075263844566,27.64478694881402,0.9904481164722831,27.08293209006064
16,Beginner,1.0207447175199866,Strength,25,Male,1,4,0.716581380075636,40.83296389920499,85.15987783353704,40.89413075994873,Moderate,19.148668779673333,29.260141623470936,0.9985042386740769,28.66545616724374
16,Beginner,1.0207447175199866,Strength,25,Male,1,5,0.655344939189848,33.14675063350654,89.15987783353704,38.83107306216371,Moderate,26.05792975473273,21.7225552782564,0.853614056115026,21.281064329159005
16,Beginner,1.0207447175199866,Strength,25,Male,1,6,0.6414121668462468,32.34432305630989,88.15987783353704,39.042621554464695,Moderate,27.62995384423811,20.746042336722745,0.8284362304604248,20.32439811467201
16,Beginner,1.0207447175199866,Strength,25,Male,2,3,0.6691654909961228,35.5894718581351,95.15987783353704,30.824017180338156,Moderate,17.768865255051267,23.815246410241667,1.1546019616883272,23.33122343937275
16,Beginner,1.0207447175199866,Strength,25,Male,2,4,0.6863480277068236,37.6171272097129,92.15987783353704,31.784492897272926,Moderate,15.65737039984832,25.818441068383134,1.1835056216811557,25.293705009227825
16,Beginner,1.0207447175199866,Strength,25,Male,2,5,0.6262605422227432,33.72585686197754,98.15987783353704,29.198697942218605,Moderate,23.041286907514127,21.121173405308678,1.155046563160836,20.691904989447206
16,Beginner,1.0207447175199866,Strength,25,Male,2,6,0.5760866962432287,29.51782506311493,98.15987783353704,27.865204420841643,Moderate,29.206954959630792,17.004826320895454,1.059307642535347,16.659218872071822
16,Beginner,1.0207447175199866,Strength,25,Male,3,4,0.4597392372754874,22.275382439707503,100.15987783353704,24.651139255808186,Moderate,21.495929049700514,10.240867332850913,0.9036248306793468,10.032731126937492
16,Beginner,1.0207447175199866,Strength,25,Male,3,5,0.41342682193582475,20.0,107.15987783353704,23.994748468366964,Moderate,29.40413623525775,8.268536438716495,0.8335156833525864,8.100486043483787
17,Intermediate,1.073947968777169,Endurance,29,Female,0,4,0.902695188644385,55.436901268892676,98.16924012894799,43.87482484970488,Moderate,18.098682436330474,50.042624048783225,1.2635241324670825,46.59683607291256
17,Intermediate,1.073947968777169,Endurance,29,Female,0,5,0.9276699922059285,53.45669445264142,95.16924012894799,47.33683303386792,Moderate,15.832724510204821,49.59017132623657,1.129283264157357,46.17553791471252
17,Intermediate,1.073947968777169,Endurance,29,Female,0,6,0.8217017241116278,49.35375760367396,103.16924012894799,46.07271097620193,Moderate,25.447200012059344,40.55406771432625,1.0712145104279254,37.761633833032455
17,Intermediate,1.073947968777169,Endurance,29,Female,0,7,0.831215516630692,47.99018438446965,101.16924012894799,41.588835657421555,Moderate,24.584015902804385,39.89018590633911,1.1539198554597168,37.14346497465266
17,Intermediate,1.073947968777169,Endurance,29,Female,1,5,0.7432488019044664,40.41699550002449,108.16924012894799,37.686720375183654,Moderate,16.51693933539611,30.039883481971412,1.072446581321311,27.971425417145976
17,Intermediate,1.073947968777169,Endurance,29,Female,1,6,0.7319022713731744,38.40004356813696,112.16924012894799,36.78414534210454,Moderate,17.79140233385565,28.105079108348296,1.0439291756563833,26.169845984720855
17,Intermediate,1.073947968777169,Endurance,29,Female,2,4,0.6902719965483985,37.39023872112146,110.16924012894799,28.024759246647957,Moderate,17.83045369803421,25.809434733449752,1.3341858553667274,24.032272932704767
17,Intermediate,1.073947968777169,Endurance,29,Female,2,5,0.6600635190008336,35.01764285560301,112.16924012894799,31.684016567597126,Moderate,21.426451952299896,23.11386857038372,1.105214727926901,21.52231553115776
17,Intermediate,1.073947968777169,Endurance,29,Female,3,5,0.5462596595875507,28.358916509883755,123.16924012894799,21.369701107654183,Moderate,26.125536599910316,15.491332078960873,1.3270618545368575,14.424644493676247
17,Intermediate,1.073947968777169,Endurance,29,Female,3,6,0.5532434566831638,28.515768607569793,128.169240128948,20.00993772556088,Moderate,25.181069524814447,15.77616239442916,1.4250802563000098,14.689862230970231
17,Intermediate,1.073947968777169,Endurance,29,Female,4,2,0.3662602324068465,20.0,129.169240128948,16.374485220050513,Moderate,16.81368847022838,7.32520464813693,1.2214123686830585,6.820812590823223
17,Intermediate,1.073947968777169,Endurance,29,Female,4,3,0.32853925842833204,20.0,130.169240128948,15.0,Moderate,25.38100868395426,6.5707851685666405,1.3333332444444503,6.11834021876136
18,Beginner,0.8990066322300064,Hypertrophy,24,Male,0,6,0.8669285167151056,52.30729957724055,90.12693282271981,45.57911892595318,Moderate,16.387091150250512,45.34668963586982,1.1476153919210774,50.4408283202073
18,Beginner,0.8990066322300064,Hypertrophy,24,Male,0,7,0.8400232573495716,47.71978591347,96.12693282271981,48.763624893961264,Moderate,18.982030589356018,40.08573000305727,0.978593880964448,44.588865061828024
18,Beginner,0.8990066322300064,Hypertrophy,24,Male,0,8,0.8509466450361135,49.15467566926087,96.12693282271981,44.2638028269718,Moderate,17.92849941422979,41.828006348595814,1.1104937086159066,46.52686456603333
18,Beginner,0.8990066322300064,Hypertrophy,24,Male,0,9,0.7836021197400582,42.19527780037343,102.12693282271981,42.99626564432868,Moderate,24.423696592014128,33.064309127393244,0.9813707350319241,36.77867455404863
18,Beginner,0.8990066322300064,Hypertrophy,24,Male,1,4,0.8151286772603208,44.94104158955152,93.12693282271981,42.57504882517751,Moderate,19.12106424771293,36.63273178559219,1.0555722606101294,40.74796528114446
18,Beginner,0.8990066322300064,Hypertrophy,24,Male,1,5,0.7991617576354236,44.84524173946998,95.12693282271981,39.655595972615025,Moderate,20.705338611417552,35.83860221010029,1.1308679017097831,39.86462508800055
18,Beginner,0.8990066322300064,Hypertrophy,24,Male,1,6,0.7342532091048874,40.31054915797685,98.12693282271981,37.19592075241502,Moderate,27.1457135765335,29.598150080024823,1.0837357231336688,32.9231354872995
18,Beginner,0.8990066322300064,Hypertrophy,24,Male,2,3,0.6342091944574355,32.207374057477836,105.12693282271981,35.59099801208556,Moderate,18.62935347770957,20.426212756582323,0.9049303180992827,22.72084465614012
18,Beginner,0.8990066322300064,Hypertrophy,24,Male,2,4,0.6129064149628883,30.368499648623626,102.12693282271981,35.31059405090474,Moderate,21.362554060958814,18.61304824743964,0.8600393056204109,20.703993581533453
18,Beginner,0.8990066322300064,Hypertrophy,24,Male,2,5,0.5859235725850016,31.20266924628131,104.12693282271981,29.89652392756998,Moderate,24.824521103514925,18.282379438969304,1.0436888341329205,20.33617822978821
18,Beginner,0.8990066322300064,Hypertrophy,24,Male,2,6,0.5514695113194339,27.260151317124436,111.12693282271981,29.727940087644306,Moderate,29.24506445892351,15.033142325348434,0.916987531587058,16.72192958813756
18,Beginner,0.8990066322300064,Hypertrophy,24,Male,3,4,0.536029685758854,26.27973433873524,116.12693282271981,23.550459087180826,Moderate,16.998060893250326,14.086717739418415,1.1158904854279272,15.669185927238491
18,Beginner,0.8990066322300064,Hypertrophy,24,Male,4,2,0.3752707073673739,20.0,112.12693282271981,17.439141115946544,Moderate,28.037686533597416,7.505414147347478,1.146845404838566,8.348554426317992
19,Intermediate,0.8216554870697557,Endurance,29,Male,0,6,1.168455977516472,51.79434468778304,90.04559104152717,46.12211741966334,Moderate,15.770993871482636,60.51941165198862,1.1229827783821276,73.65536888513695
19,Intermediate,0.8216554870697557,Endurance,29,Male,0,7,1.0627711492576761,50.91911201078433,89.04559104152717,44.469687289201055,Moderate,23.38936222971711,54.1153631908816,1.145029658846281,65.86129853836036
19,Intermediate,0.8216554870697557,Endurance,29,Male,0,8,1.0925977529818645,50.01852970551189,91.04559104152717,39.79039121682538,Moderate,21.23928962431414,54.650133163698925,1.257050431494906,66.51214226835323
19,Intermediate,0.8216554870697557,Endurance,29,Male,0,9,1.0249528367560548,45.01732042657405,100.04559104152717,43.21908845803207,Moderate,26.115523023758964,46.140630274373365,1.0416073311837855,56.15562099305399
19,Intermediate,0.8216554870697557,Endurance,29,Male,1,5,0.941417500931662,42.935696118468606,99.04559104152717,42.21441973937199,Moderate,24.4403570540768,40.420415740609975,1.0170859949387843,49.19381320137795
19,Intermediate,0.8216554870697557,Endurance,29,Male,1,6,1.0207802404786404,45.95175559184746,95.04559104152717,35.249779452352,Moderate,18.070579290815015,46.90664412346175,1.303604022554455,57.08790091920682
19,Intermediate,0.8216554870697557,Endurance,29,Male,1,7,0.9433155018471915,41.46501107936292,100.04559104152717,33.80391551249413,Moderate,24.2880205282033,39.114587735428586,1.2266333418507056,47.60455050372882
19,Intermediate,0.8216554870697557,Endurance,29,Male,2,5,0.7685435703404419,32.59559760115857,109.04559104152717,29.717193575814953,Moderate,24.02081862274917,25.05113695777475,1.0968598505488192,30.488576859063976
19,Intermediate,0.8216554870697557,Endurance,29,Male,2,6,0.7547807023050045,32.154936879277486,108.04559104152717,31.332935578741104,Moderate,25.381433020020694,24.26992584031415,1.0262343843345374,29.53780104246134
19,Intermediate,0.8216554870697557,Endurance,29,Male,2,7,0.7633155232740754,32.12133064633169,111.04559104152717,30.68751269526827,Moderate,24.537669913468193,24.51871031056427,1.0467231384497762,29.840585081978084
19,Intermediate,0.8216554870697557,Endurance,29,Male,3,3,0.6869974725454813,27.97647978258333,106.04559104152717,24.700046637763446,Moderate,19.20035617737275,19.2197709013545,1.1326488188553372,23.391491704638376
19,Intermediate,0.8216554870697557,Endurance,29,Male,3,4,0.6689806176547349,28.10367387659075,110.04559104152717,22.818251725143405,Moderate,21.31936755099886,18.80081310832892,1.231631282864325,22.881597607021387
19,Intermediate,0.8216554870697557,Endurance,29,Male,4,1,0.5199278418638636,20.34583049359762,116.04559104152717,17.916803074915503,Moderate,18.723847808375968,10.578363739464198,1.1355725278082873,12.874435857239368
19,Intermediate,0.8216554870697557,Endurance,29,Male,4,2,0.48522987091508585,20.131625213099653,112.04559104152717,16.42596452247349,Moderate,24.14790349553385,9.768465903463232,1.225597678599544,11.888746766060553
20,Intermediate,1.2198364576547065,Hypertrophy,26,Female,0,6,0.8574725342903218,74.91037142692294,94.79882480975886,42.80928945120598,Moderate,17.176496516776247,64.23358603207292,1.749862486328891,52.65749598767873
20,Intermediate,1.2198364576547065,Hypertrophy,26,Female,0,7,0.7782833217001499,68.61265527390191,90.79882480975886,39.909326932099944,Moderate,24.82540393073104,53.40008525723969,1.719213497923007,43.776394077870165
20,Intermediate,1.2198364576547065,Hypertrophy,26,Female,0,8,0.7534110006699569,64.81808908723174,92.79882480975886,36.54932990955857,Moderate,27.227828131040845,48.83466136072568,1.7734411950693243,40.03374470449249
20,Intermediate,1.2198364576547065,Hypertrophy,26,Female,1,6,0.7532183792088657,61.972610367378145,97.79882480975886,31.825057491067856,Moderate,19.715440374604032,46.678909136259115,1.9472897554853392,38.26649923179543
20,Intermediate,1.2198364576547065,Hypertrophy,26,Female,1,7,0.7269584990567864,61.139305400293765,98.79882480975886,33.59844326793334,Moderate,22.514446575222436,44.445737687172034,1.819706439760536,36.43578692248445
20,Intermediate,1.2198364576547065,Hypertrophy,26,Female,1,8,0.683435083428477,56.62931063060098,102.79882480975886,33.59509486568707,Moderate,27.15355039101362,38.70245763532193,1.6856421799480654,31.727553037871417
20,Intermediate,1.2198364576547065,Hypertrophy,26,Female,1,9,0.6926894592850625,53.63564658907337,102.79882480975886,32.30156053661055,Moderate,26.167138600273397,37.15284703418994,1.66046605914958,30.457211164527642
20,Intermediate,1.2198364576547065,Hypertrophy,26,Female,2,3,0.6485080154729487,53.23303913613629,104.79882480975886,29.85339324958897,Moderate,15.64816223691027,34.522052567769556,1.7831486326506816,28.300534920564434
20,Intermediate,1.2198364576547065,Hypertrophy,26,Female,2,4,0.5974257501431524,47.16082379575626,100.79882480975886,30.091145601598914,Moderate,22.292464010925613,28.175090533548712,1.5672657615928245,23.09741380439237
20,Intermediate,1.2198364576547065,Hypertrophy,26,Female,2,5,0.5469107246537039,43.23146409107354,108.79882480975886,25.5662023360518,Moderate,28.8629845488665,23.64375135388961,1.6909614432312419,19.38270644627338
20,Intermediate,1.2198364576547065,Hypertrophy,26,Female,3,2,0.58411618211951,43.39835092685499,112.79882480975886,24.85358090685305,Moderate,16.655862847625514,25.349679053677235,1.746160818569514,20.78119416206093
20,Intermediate,1.2198364576547065,Hypertrophy,26,Female,3,3,0.5199033550511825,38.20113781125723,106.79882480975886,22.200850577401003,Moderate,25.81801727845316,19.86089971484522,1.720705968330668,16.281595215997335
20,Intermediate,1.2198364576547065,Hypertrophy,26,Female,3,4,0.5642192409430248,43.836061104168614,116.79882480975886,20.265689599462604,Moderate,19.4948415390024,24.73314912212607,2.1630677172842576,20.27577442135505
20,Intermediate,1.2198364576547065,Hypertrophy,26,Female,4,3,0.3606095226243311,25.90264223435614,114.79882480975886,15.0,Moderate,25.40945588076269,9.340739450840005,1.726842700500896,7.6573640137258705
21,Intermediate,0.7976572398541362,Endurance,27,Male,0,6,0.7442145561406399,61.26684706255856,92.05925809477094,44.930928610328394,Moderate,21.2828959639256,45.59567939279849,1.3635784434888476,57.1619236342827
21,Intermediate,0.7976572398541362,Endurance,27,Male,0,8,0.7614646360962474,60.34836910412224,92.05925809477094,42.80016855521972,Moderate,19.458319533255054,45.95314891887246,1.4100030381015727,57.610072362915325
21,Intermediate,0.7976572398541362,Endurance,27,Male,0,9,0.7710772441718975,63.799778743150924,97.05925809477094,42.412517558553915,Moderate,18.441574209335368,49.19455757204562,1.5042676292630481,61.673728313822195
21,Intermediate,0.7976572398541362,Endurance,27,Male,1,5,0.7415536148196397,59.988998265385625,91.05925809477094,39.25989371580526,Moderate,15.188086992825486,44.485058513105805,1.5279969215311022,55.76957184224734
21,Intermediate,0.7976572398541362,Endurance,27,Male,1,6,0.6742717547984917,54.91173575261632,101.05925809477094,35.96019033833635,Moderate,22.883151982107997,37.02543242494768,1.527014559960813,46.417664326664934
21,Intermediate,0.7976572398541362,Endurance,27,Male,1,7,0.6539914263536564,52.32769411981766,95.05925809477094,36.411038279851184,Moderate,25.20262479897052,34.221863315217384,1.437138163446334,42.90291456335406
21,Intermediate,0.7976572398541362,Endurance,27,Male,1,8,0.6552573148870153,49.36423445858068,100.05925809477094,36.415309598647205,Moderate,25.057844400058794,32.34627572278266,1.3555900978753295,40.551547149688645
21,Intermediate,0.7976572398541362,Endurance,27,Male,2,3,0.6498829438586431,47.426231003619876,95.05925809477094,31.926927223327553,Moderate,15.491801549306391,30.821498620752536,1.485461760426037,38.63998023312429
21,Intermediate,0.7976572398541362,Endurance,27,Male,2,4,0.5907307754372841,45.84262625935917,99.05925809477094,30.70948101539961,Moderate,23.183714739181337,27.08065015827285,1.4927840930814422,33.950191705190626
21,Intermediate,0.7976572398541362,Endurance,27,Male,3,2,0.48162230812217177,37.533963370661986,108.05925809477094,24.11586690279653,Moderate,25.91227431767194,18.077194071551276,1.5564011016294157,22.6628312331569
21,Intermediate,0.7976572398541362,Endurance,27,Male,4,2,0.29366921748835567,20.0,113.05925809477094,18.677089253445295,Moderate,24.65623065180494,5.873384349767114,1.0708306127240923,7.363284244191034
22,Beginner,1.0206059258197335,Endurance,23,Female,0,7,0.7870791368610652,28.79977006176773,102.41615151804841,40.71096035095577,Moderate,15.667038553345616,22.66769816201329,0.7074205350616609,22.210017969265685
22,Beginner,1.0206059258197335,Endurance,23,Female,0,9,0.7278588409834522,25.5813253271863,107.41615151804841,36.00934355964778,Moderate,22.012300033688707,18.61959380346645,0.710407968820761,18.243648296342418
22,Beginner,1.0206059258197335,Endurance,23,Female,1,4,0.6895351066175541,23.162004578761923,99.41615151804841,36.598606589120095,Moderate,18.008388476793556,15.97101529669288,0.6328657319096327,15.64854685251645
22,Beginner,1.0206059258197335,Endurance,23,Female,1,5,0.6636454898037653,20.8538816651783,102.41615151804841,39.420483163759734,Moderate,21.086884965092317,13.839584511997012,0.529011302310432,13.560151476418115
22,Beginner,1.0206059258197335,Endurance,23,Female,1,6,0.6067314021841194,20.0,107.41615151804841,33.78802431185797,Moderate,27.854455923442327,12.134628043682387,0.5919256841855439,11.889619535881621
22,Beginner,1.0206059258197335,Endurance,23,Female,1,7,0.5996065827164715,20.0,105.41615151804841,31.045952984096985,Moderate,28.701657790842493,11.99213165432943,0.6442063275055043,11.750000270375946
22,Beginner,1.0206059258197335,Endurance,23,Female,2,5,0.6443525644921786,20.152641954622812,110.41615151804841,30.950924836193845,Moderate,24.791181861079906,12.985406524753879,0.6511159653601193,12.723220072531086
22,Beginner,1.0206059258197335,Endurance,23,Female,2,6,0.6116354111044027,20.178761643075447,113.41615151804841,27.163969352098672,Moderate,28.60992733484648,12.342045173140203,0.7428502307107122,12.092848736282376
22,Beginner,1.0206059258197335,Endurance,23,Female,2,8,0.6431565462784898,20.484943689523988,114.41615151804841,22.273604012806267,Moderate,24.930781082501557,13.175025634063593,0.9196959215962622,12.909010610016823
22,Beginner,1.0206059258197335,Endurance,23,Female,3,1,0.5344573037941266,20.0,110.41615151804841,26.518003062242432,Moderate,16.3584029915473,10.689146075882531,0.7542045756180017,10.473323084004353
22,Beginner,1.0206059258197335,Endurance,23,Female,3,3,0.5174640633080219,20.0,113.41615151804841,22.73545844025215,Moderate,19.017814253244637,10.349281266160437,0.8796831246168205,10.140320435164671
22,Beginner,1.0206059258197335,Endurance,23,Female,3,4,0.5141316384326761,20.0,115.41615151804841,20.050701621171587,Moderate,19.539332691679117,10.28263276865352,0.9974712795790981,10.075017627765646
22,Beginner,1.0206059258197335,Endurance,23,Female,4,1,0.3897103360890487,20.0,122.41615151804841,18.3949373843384,Moderate,18.773699079681037,7.794206721780974,1.0872556125019783,7.636835028844042
22,Beginner,1.0206059258197335,Endurance,23,Female,4,4,0.34191780258761173,20.0,121.41615151804841,15.0,Moderate,28.734971205255626,6.838356051752235,1.3333332444444503,6.700283800504085
23,Intermediate,1.20864585370021,Strength,19,Male,0,6,0.721205715158072,97.59624846109145,77.40666640189394,48.328488769380236,Moderate,23.17654007359854,70.38697216812633,2.019435097740755,58.236177054232385
23,Intermediate,1.20864585370021,Strength,19,Male,0,7,0.7654312138506846,112.11776295227128,78.40666640189394,42.845686814244814,Moderate,18.46560149514818,85.81843539078032,2.616780560002954,71.00373043461919
23,Intermediate,1.20864585370021,Strength,19,Male,0,8,0.6642262363431813,94.27478634848977,77.40666640189394,44.16516678962293,Moderate,29.246043705310022,62.61978651831489,2.1345959059311133,51.809828757347645
23,Intermediate,1.20864585370021,Strength,19,Male,0,9,0.709986869100709,94.84786855551417,78.40666640189394,41.703604509198684,Moderate,24.371581311339416,67.34074123660508,2.2743325762227755,55.715812299055656
23,Intermediate,1.20864585370021,Strength,19,Male,1,2,0.7648876334724946,107.96632562727868,76.40666640189394,44.24310872021423,Moderate,15.701313951551816,82.58210730376993,2.44029694815846,68.32608470451818
23,Intermediate,1.20864585370021,Strength,19,Male,1,3,0.7640673264822482,115.14622701785204,79.40666640189394,47.85159206990051,Moderate,15.791720435338446,87.97946983204822,2.406319615099315,72.7917088127964
23,Intermediate,1.20864585370021,Strength,19,Male,1,4,0.7158678236085587,116.3984368762452,83.40666640189394,41.65317286966152,Moderate,21.103814111103876,83.32589567803585,2.7944674093857014,68.9414740318381
23,Intermediate,1.20864585370021,Strength,19,Male,1,5,0.711273592293655,98.36733489913836,78.40666640189394,39.48245244656182,Moderate,21.61014686679346,69.96608765806316,2.4914190054646745,57.88794919199565
23,Intermediate,1.20864585370021,Strength,19,Male,1,7,0.6484334116657753,85.0955670459163,86.40666640189394,37.289281160314914,Moderate,28.53579767634849,55.17880885721723,2.2820382189196224,45.65337566410747
23,Intermediate,1.20864585370021,Strength,19,Male,1,8,0.6434334325953083,84.94549169318137,91.40666640189394,33.9015760872696,Moderate,29.086848114955522,54.65676930363993,2.505650149387277,45.22145499846465
23,Intermediate,1.20864585370021,Strength,19,Male,2,4,0.6244396315970092,85.54249232295103,84.40666640189394,29.407285398922827,Moderate,16.01256889715997,53.416122392033536,2.908887653302292,44.19497906150406
23,Intermediate,1.20864585370021,Strength,19,Male,2,5,0.5652936918645552,70.62166876805274,86.40666640189394,28.458758339949465,Moderate,23.9677262685583,39.92198386352829,2.481544185551208,33.030312982910765
23,Intermediate,1.20864585370021,Strength,19,Male,2,7,0.5487880322684997,76.31938122329983,98.40666640189394,28.11017076993126,Moderate,26.187745431315886,41.883163045484196,2.7150094224944135,34.652936808846235
23,Intermediate,1.20864585370021,Strength,19,Male,3,4,0.4784627206092858,64.53337233144552,100.40666640189394,23.698723592195005,Moderate,23.705378558157378,30.87681289579543,2.7230736439166474,25.54659601459902
23,Intermediate,1.20864585370021,Strength,19,Male,3,5,0.440934877075808,58.89713797736879,102.40666640189394,20.54703380908495,Moderate,29.689486603752574,25.96980229416801,2.866454382572379,21.486675131501645
24,Intermediate,1.0168633682422321,Strength,27,Female,0,5,0.8990576884798488,59.440136050171446,76.72571598727212,45.136254856840836,Moderate,18.03325910718432,53.44011132019487,1.3169044468087558,52.553824275082334
24,Intermediate,1.0168633682422321,Strength,27,Female,0,6,0.8293560437965555,54.74239944426633,81.72571598727212,42.382644597920816,Moderate,24.387931029537455,45.400939831027486,1.29162299030601,44.647979857439864
24,Intermediate,1.0168633682422321,Strength,27,Female,0,7,0.7771466208475454,45.024067591828135,85.72571598727212,41.61172252701745,Moderate,29.147843878134218,34.99030198580071,1.0820043914450008,34.40999908993321
24,Intermediate,1.0168633682422321,Strength,27,Female,0,8,0.7948452137462093,47.99583379323224,86.72571598727212,41.46810030491035,Moderate,27.53427002533163,38.14925877030921,1.1574157553133237,37.516565592965584
24,Intermediate,1.0168633682422321,Strength,27,Female,1,5,0.8054286735467082,49.44852653698611,85.72571598727212,36.79325784275085,Moderate,16.10106962108635,39.82726113752392,1.3439561509982596,39.1667388310301
24,Intermediate,1.0168633682422321,Strength,27,Female,1,6,0.7896720313572673,48.136895390502865,85.72571598727212,36.0969276598955,Moderate,17.742388672016187,38.01235996625067,1.3335454615556819,37.381937211507804
24,Intermediate,1.0168633682422321,Strength,27,Female,1,7,0.7102142121510219,42.62999175323342,91.72571598727212,35.91574020386672,Moderate,26.01925571263129,30.276426007027233,1.1869445074585803,29.774301226980295
24,Intermediate,1.0168633682422321,Strength,27,Female,2,3,0.6891313254511089,43.69424941755699,87.72571598727212,30.616386049262506,Moderate,21.709727735516392,30.111076015712392,1.4271523725922293,29.611693512049083
24,Intermediate,1.0168633682422321,Strength,27,Female,2,4,0.6483844693928766,41.670636994192364,87.72571598727212,29.250819009129753,Moderate,26.338863484979647,27.01859385674259,1.424597224323494,26.570499174287484
24,Intermediate,1.0168633682422321,Strength,27,Female,3,3,0.5417050547278868,30.71828798022888,98.72571598727212,23.67226158745708,Moderate,26.032903214759322,16.64025187147687,1.2976490044726519,16.36427865029972
24,Intermediate,1.0168633682422321,Strength,27,Female,3,4,0.5442503327151849,32.16275596520941,103.72571598727212,19.634082450439948,Moderate,25.685358325545778,17.50459063510252,1.6381083459482153,17.21428263374125
24,Intermediate,1.0168633682422321,Strength,27,Female,3,5,0.5549657768745172,31.977059083572836,102.72571598727212,22.23835316177086,Moderate,24.222218396699596,17.746173436477335,1.4379238162572043,17.451858862115163
24,Intermediate,1.0168633682422321,Strength,27,Female,4,3,0.3903532345764177,21.457078198247327,107.72571598727212,15.0,Moderate,25.69504539311756,8.375839879244976,1.4304717845183696,8.236929270836372
24,Intermediate,1.0168633682422321,Strength,27,Female,4,4,0.41178214426778165,22.512137023471073,103.72571598727212,15.0,Moderate,21.615985657338502,9.270096055575033,1.5008090348441359,9.116354496322325
25,Intermediate,0.7294894398659109,Endurance,38,Male,0,8,1.0144541583182676,48.221300036025205,99.06375317010524,46.06282476918603,Moderate,17.47147711973804,48.918298341058595,1.0468593541710831,67.05817604689976
25,Intermediate,0.7294894398659109,Endurance,38,Male,0,9,0.9742003421327738,43.394621249486434,98.06375317010524,45.229555029017085,Moderate,20.746231294524648,42.275054867971825,0.959430625886457,57.95148580116072
25,Intermediate,0.7294894398659109,Endurance,38,Male,1,3,0.8820778222623583,43.328901719923216,94.06375317010524,42.533213358700024,Moderate,25.548976381862698,38.21946327012962,1.0187074354294703,52.39200019832312
25,Intermediate,0.7294894398659109,Endurance,38,Male,1,4,0.9737044803339148,49.87277008420081,94.06375317010524,43.4618942637504,Moderate,17.815306730538612,48.561339677649556,1.1475056433122794,66.56885001340896
25,Intermediate,0.7294894398659109,Endurance,38,Male,1,5,0.8872777961455894,43.817813316707415,100.06375317010524,39.875276800167185,Moderate,25.110077036903327,38.87857283156701,1.0988716752344156,53.295520690734975
25,Intermediate,0.7294894398659109,Endurance,38,Male,2,5,0.7565607265431321,36.72288452916634,111.06375317010524,31.318878868421844,Moderate,23.62083762881729,27.783092200145635,1.172547826852302,38.08561522101989
25,Intermediate,0.7294894398659109,Endurance,38,Male,2,6,0.7713884938180569,36.45072210175613,109.06375317010524,29.426470314144936,Moderate,22.12388912943068,28.117667620654213,1.2387051683031638,38.54425786007912
25,Intermediate,0.7294894398659109,Endurance,38,Male,2,7,0.6962671644196381,28.795238041899403,108.06375317010524,27.862492955209902,Moderate,29.70781995528464,20.049178740221787,1.0334766904997421,27.48381287067596
25,Intermediate,0.7294894398659109,Endurance,38,Male,3,2,0.641354775386519,27.978931944430215,110.06375317010524,28.2772634121673,Moderate,19.360680281339814,17.94442161277474,0.9894497408452029,24.5985699498312
25,Intermediate,0.7294894398659109,Endurance,38,Male,3,3,0.5763830028625753,24.556375403171074,115.06375317010524,25.583093916243147,Moderate,27.52976194770591,14.153877394300427,0.9598672671764904,19.402416564776477
25,Intermediate,0.7294894398659109,Endurance,38,Male,3,4,0.5921108629872148,25.546448688564723,116.06375317010524,23.315209192591233,Moderate,25.552254350110132,15.12632977924466,1.095698836834098,20.735473630093168
25,Intermediate,0.7294894398659109,Endurance,38,Male,4,3,0.3852747348866359,20.0,122.06375317010524,15.568294465638555,Moderate,25.103209395384646,7.705494697732718,1.2846621548353092,10.562845346059751
25,Intermediate,0.7294894398659109,Endurance,38,Male,4,4,0.3663198094998719,20.0,121.06375317010524,15.0,Moderate,28.78801649293879,7.326396189997438,1.3333332444444503,10.043169573742622
26,Intermediate,0.9581492079931055,Strength,30,Female,0,5,0.9446913347756813,72.56253403266352,74.74592996378966,43.243807908197425,Moderate,18.581770659792955,68.5491971300227,1.6779866497585127,71.54326801598519
26,Intermediate,0.9581492079931055,Strength,30,Female,0,7,0.979557691726663,72.99835093739317,80.74592996378966,42.36446316706455,Moderate,15.576813440441928,71.50609614408573,1.723103369123794,74.62931756165757
26,Intermediate,0.9581492079931055,Strength,30,Female,0,8,0.9718892425747582,72.81674088375969,83.74592996378966,41.575199176669294,Moderate,16.237718784600457,70.76980714427964,1.7514465492489002,73.8608691559026
26,Intermediate,0.9581492079931055,Strength,30,Female,0,9,0.8718252116232063,60.732316662688156,86.74592996378966,36.45038233187261,Moderate,24.861737996816007,52.94796482681568,1.6661640046342987,55.26060985543998
26,Intermediate,0.9581492079931055,Strength,30,Female,1,5,0.8575384036959147,59.42100586667162,90.74592996378966,36.931014090499296,Moderate,22.351539864644486,50.95579451691116,1.6089729925121392,53.18142613947835
26,Intermediate,0.9581492079931055,Strength,30,Female,1,8,0.7847100301897846,48.42699143825132,94.74592996378966,31.67489255136341,Moderate,28.94600960797135,38.00114591351063,1.5288762173651198,39.66094835287462
26,Intermediate,0.9581492079931055,Strength,30,Female,2,3,0.81240654387273,54.77941312152261,89.74592996378966,30.261388544599956,Moderate,15.048201462514218,44.50315368943266,1.8102081215004158,46.44694883764288
26,Intermediate,0.9581492079931055,Strength,30,Female,2,4,0.7792596503253676,54.28737906076832,90.74592996378966,29.799584894712908,Moderate,18.51430872619494,42.303964023975006,1.821749444860577,44.15170363797427
26,Intermediate,0.9581492079931055,Strength,30,Female,2,5,0.6799779684007978,47.32228652204204,95.74592996378966,28.335683348090484,Moderate,28.89600432543678,32.178112249338604,1.670059771301449,33.58357800363817
26,Intermediate,0.9581492079931055,Strength,30,Female,3,4,0.585147818983078,38.57940637172744,100.74592996378966,20.837593021325507,Moderate,24.60222286666648,22.574655496078172,1.8514328637099222,23.560664400795716
26,Intermediate,0.9581492079931055,Strength,30,Female,3,5,0.5795140569221023,37.0174622367555,105.74592996378966,20.157735207611683,Moderate,25.328147363888192,21.4521397177829,1.8363898532801257,22.389119721338368
27,Intermediate,0.849802801870305,Hypertrophy,22,Male,0,7,0.93661240150862,51.87241983389098,83.46905469457332,48.31229074998893,Moderate,18.802212263741062,48.584351712684004,1.0736899028165614,57.171257184018614
27,Intermediate,0.849802801870305,Hypertrophy,22,Male,0,8,0.9094196125707389,55.78950665335659,84.46905469457332,43.8586607177244,Moderate,21.1596381323058,50.73607152620821,1.272029388685397,59.7032767028635
27,Intermediate,0.849802801870305,Hypertrophy,22,Male,0,9,0.9160011140399801,53.66507533973957,88.46905469457332,44.31227160462427,Moderate,20.589067682432884,49.15726879624091,1.211065742860123,57.84543289645482
27,Intermediate,0.849802801870305,Hypertrophy,22,Male,1,6,0.9420245335678186,56.36034915155997,87.46905469457332,41.348584510335584,Moderate,18.709735465692937,53.092831621217684,1.3630538615999819,62.476575774746394
27,Intermediate,0.849802801870305,Hypertrophy,22,Male,1,7,0.9419694997342939,49.65479092514548,91.46905469457332,35.784258579019244,Moderate,18.71448450855344,46.773298567170244,1.3876154350908716,55.040114511406564
27,Intermediate,0.849802801870305,Hypertrophy,22,Male,1,8,0.8851050723417541,45.75798540654818,88.46905469457332,35.661271342283236,Moderate,23.62149508058614,40.50062498347575,1.2831282341065933,47.65879476455538
27,Intermediate,0.849802801870305,Hypertrophy,22,Male,2,3,0.8030219195439415,43.59206976051663,87.46905469457332,31.22903508920953,Moderate,19.783589146755858,35.00538753598347,1.3958826534379927,41.19231693120374
27,Intermediate,0.849802801870305,Hypertrophy,22,Male,2,4,0.8467776121060614,45.15620947937902,94.46905469457332,30.6765275047484,Moderate,15.412693998931465,38.23726723470966,1.47201171972211,44.99540617558374
27,Intermediate,0.849802801870305,Hypertrophy,22,Male,2,5,0.7797817988017267,36.97856821530515,96.46905469457332,29.208862355375636,Moderate,22.105118644724307,28.835214440043007,1.2660050398195166,33.9316138343704
27,Intermediate,0.849802801870305,Hypertrophy,22,Male,2,6,0.7639748670349099,40.69515905266888,92.46905469457332,28.33110156818829,Moderate,23.684123279686563,31.090078726227215,1.4364128241999174,36.58500780745166
27,Intermediate,0.849802801870305,Hypertrophy,22,Male,3,3,0.5497005448483624,26.706015852810612,99.46905469457332,26.79714076045424,Moderate,22.204802770239375,14.680311465018997,0.9965994168908675,17.274942089820716
27,Intermediate,0.849802801870305,Hypertrophy,22,Male,3,4,0.4989518046076151,24.056121576178345,99.46905469457332,23.33251999936071,Moderate,29.386909997875293,12.002845272294373,1.0310125329722177,14.124254617216007
27,Intermediate,0.849802801870305,Hypertrophy,22,Male,4,1,0.3920258539318946,20.0,97.46905469457332,16.996840078513692,Moderate,29.88059903597808,7.840517078637892,1.1766892393482873,9.226267358867961
27,Intermediate,0.849802801870305,Hypertrophy,22,Male,4,2,0.41790267688489763,20.620812464073015,105.46905469457332,18.125050850681927,Moderate,25.25216112526863,8.617492728277576,1.1376967433777128,10.140567398394337
28,Beginner,0.9584665966346795,Strength,24,Male,0,7,0.8545796415000986,40.81383178843801,88.88781974009713,48.560366355616296,Moderate,22.919750038819167,34.87866973800868,0.8404761745221363,36.39003536527767
28,Beginner,0.9584665966346795,Strength,24,Male,0,8,0.8345583370829497,38.49202181547892,86.88781974009713,42.915091118507675,Moderate,24.725605308567662,32.12383771728671,0.8969343863735703,33.515830717781405
28,Beginner,0.9584665966346795,Strength,24,Male,1,4,0.7503689166471925,33.74368627308637,86.88781974009713,41.9793028367108,Moderate,24.137588270315582,25.32021331241856,0.8038171953575275,26.417391053512446
28,Beginner,0.9584665966346795,Strength,24,Male,1,5,0.8332649010509022,36.315857845514145,92.88781974009713,41.929451066517366,Moderate,15.756791624752328,30.260729694220977,0.8661181116295594,31.571990331724145
28,Beginner,0.9584665966346795,Strength,24,Male,1,6,0.7849790170072934,33.9317510215963,89.88781974009713,35.38643940261546,Moderate,20.638501853922644,26.63571256226889,0.9588913333901864,27.78989363416227
28,Beginner,0.9584665966346795,Strength,24,Male,2,2,0.6416641992004344,25.25569207464577,95.88781974009713,34.89744747881888,Moderate,18.229508814372604,16.205673430330336,0.7237117088939838,16.90789911649683
28,Beginner,0.9584665966346795,Strength,24,Male,2,5,0.5791810063867686,24.041891224750042,93.88781974009713,31.80295513468513,Moderate,26.192055850012576,13.92460675499195,0.7559640406675696,14.527989056576654
28,Beginner,0.9584665966346795,Strength,24,Male,3,1,0.5615426575393756,23.769517510204828,99.88781974009713,27.54192719242473,Moderate,20.57486955084942,13.347598031109142,0.8630302622291534,13.92597733921785
28,Beginner,0.9584665966346795,Strength,24,Male,3,2,0.5414746640610285,21.416462377757288,96.88781974009713,25.46690238119193,Moderate,23.41330573814594,11.596471771371784,0.840952747854456,12.098971120243084
28,Beginner,0.9584665966346795,Strength,24,Male,3,3,0.496403579247234,20.0,102.88781974009713,23.175724320719922,Moderate,29.788203072760886,9.92807158494468,0.8629719123448226,10.358275668164055
28,Beginner,0.9584665966346795,Strength,24,Male,4,1,0.3902091263168637,20.0,101.88781974009713,19.239700839902582,Moderate,27.454362151106764,7.804182526337274,1.0395171487803714,8.142354059478803
28,Beginner,0.9584665966346795,Strength,24,Male,4,2,0.4264955186099154,20.0,110.88781974009713,18.17608911854192,Moderate,20.708186071162952,8.529910372198309,1.1003466570402543,8.899529209070893
28,Beginner,0.9584665966346795,Strength,24,Male,4,3,0.4049978895992881,20.0,112.88781974009713,16.286519997005477,Moderate,24.704912707301165,8.099957791985762,1.2280093461137158,8.45094588531308
29,Beginner,0.9068899380096165,Hypertrophy,24,Male,0,6,0.7301776305797367,48.29165445225448,83.32556653643316,39.89565855383847,Moderate,18.838662877674313,35.26148582472257,1.2104488305823284,38.881726949562555
29,Beginner,0.9068899380096165,Hypertrophy,24,Male,0,7,0.7592382621003247,49.66788206767288,82.32556653643316,47.41098757294509,Moderate,15.608490364778401,37.70975646326384,1.047602751232563,41.58135767243047
29,Beginner,0.9068899380096165,Hypertrophy,24,Male,0,8,0.7338490083000603,48.53932267893344,83.32556653643316,44.35302197207635,Moderate,18.43057871789802,35.62053381149193,1.0943858935949573,39.27763782673746
29,Beginner,0.9068899380096165,Hypertrophy,24,Male,0,9,0.6482509757110027,38.826187368648384,85.32556653643316,47.199177376097786,Moderate,27.945045457248057,25.169113844864523,0.8226030347238082,27.753187059189287
29,Beginner,0.9068899380096165,Hypertrophy,24,Male,1,5,0.666321265050076,44.224228630405314,87.32556653643316,36.95672988260458,Moderate,22.66358824104458,29.46754396687546,1.1966488261877495,32.49293022107912
29,Beginner,0.9068899380096165,Hypertrophy,24,Male,1,6,0.6796358868469139,41.26889267606378,94.32556653643316,40.619287273561746,Moderate,21.11822997663795,28.047820473086716,1.0159925107039567,30.92744595578846
29,Beginner,0.9068899380096165,Hypertrophy,24,Male,1,7,0.635942424666353,36.19589569330605,89.32556653643316,42.39875332357642,Moderate,26.189500787897824,23.018505670171454,0.8537018662640005,25.38177933577209
29,Beginner,0.9068899380096165,Hypertrophy,24,Male,1,8,0.6248649868558239,37.40515029847872,95.32556653643316,35.15635618278687,Moderate,27.475200849841535,23.373168749599024,1.0639654758312929,25.77285511408559
29,Beginner,0.9068899380096165,Hypertrophy,24,Male,1,9,0.6070569664707354,35.58523099840538,99.32556653643316,34.25355024572699,Moderate,29.54208430284011,21.60226238105235,1.0388771296478205,23.8201325822745
29,Beginner,0.9068899380096165,Hypertrophy,24,Male,2,1,0.5542245405544204,35.99489748857141,87.32556653643316,33.788501762394304,Moderate,15.394597656703665,19.94925552290695,1.065300162652746,21.997414117611804
29,Beginner,0.9068899380096165,Hypertrophy,24,Male,2,2,0.5542212767683848,31.7387440595228,91.32556653643316,38.137853195390385,Moderate,15.395095891463214,17.590287255693717,0.8322110598282946,19.396254299662207
29,Beginner,0.9068899380096165,Hypertrophy,24,Male,2,3,0.5333175212491947,32.662201524972645,88.32556653643316,35.016782018726566,Moderate,18.586168312070544,17.41932435584008,0.9327584863379735,19.207738908573553
29,Beginner,0.9068899380096165,Hypertrophy,24,Male,2,6,0.4749300111608091,28.03516378279752,94.32556653643316,27.344077441324465,Moderate,27.499340539899897,13.314740648259138,1.0252736746259707,14.681744066691678
29,Beginner,0.9068899380096165,Hypertrophy,24,Male,3,1,0.5210512792735226,31.35008516991925,99.32556653643316,28.393326634168016,Moderate,21.764616693127092,16.335001983120314,1.104135646721208,18.01209086835875
29,Beginner,0.9068899380096165,Hypertrophy,24,Male,3,3,0.4886021085486719,28.160813798144506,97.32556653643316,25.419901246740647,Moderate,26.636830639494143,13.75943300021994,1.1078254166675758,15.172092280928753
29,Beginner,0.9068899380096165,Hypertrophy,24,Male,4,2,0.34199256818645785,20.07398009021634,108.32556653643316,16.473846017550652,Moderate,17.566171196395942,6.86515200477691,1.218536269568986,7.569986331370877
30,Advanced,1.2799937617940123,Strength,42,Male,0,6,0.8721672979623069,191.5530078505412,71.17749103702971,44.534617858328765,Moderate,19.16364636525567,167.06626927355907,4.3012158352561585,130.5210570076105
30,Advanced,1.2799937617940123,Strength,42,Male,0,7,0.8094077386510801,182.83801955056467,73.17749103702971,41.67281947551022,Moderate,24.98048212864185,147.99050794386451,4.387464478388563,115.61805748051992
30,Advanced,1.2799937617940123,Strength,42,Male,0,8,0.7809864673602758,167.37220650385274,78.17749103702971,43.40146814069349,Moderate,27.614692264908335,130.71542829173853,3.85637191131218,102.12184627109778
30,Advanced,1.2799937617940123,Strength,42,Male,1,4,0.7693999138681599,167.8655470380136,78.17749103702971,38.437444836272775,Moderate,15.809113790013313,129.1557374324792,4.367239898120434,100.90333280071975
30,Advanced,1.2799937617940123,Strength,42,Male,1,5,0.7520521347220629,160.36095472322418,82.17749103702971,38.28790092403667,Moderate,17.70737875438306,120.59979832566881,4.18829308122918,94.21897801881535
30,Advanced,1.2799937617940123,Strength,42,Male,2,4,0.7014645630300856,156.39350256936365,86.17749103702971,32.144648547237374,Moderate,20.066448668376843,109.70449994056325,4.865304328160102,85.70699132143625
30,Advanced,1.2799937617940123,Strength,42,Male,2,5,0.7142650161869777,146.1022335153242,92.17749103702971,31.223242523241886,Moderate,18.60780665934269,104.35571418677664,4.6792779041859935,81.52823535036502
30,Advanced,1.2799937617940123,Strength,42,Male,2,6,0.670127201295948,143.9307490661454,88.17749103702971,28.051618750033604,Moderate,23.637415392558882,96.45191005212541,5.130924714818757,75.35336310044
30,Advanced,1.2799937617940123,Strength,42,Male,3,2,0.6771033199250575,144.80015676719648,89.17749103702971,26.769305129914844,Moderate,15.239881300396732,98.04466687273751,5.409186030615173,76.59770945884208
30,Advanced,1.2799937617940123,Strength,42,Male,3,3,0.64425444327647,129.65654071279752,88.17749103702971,24.63991393894291,Moderate,19.351919451665974,83.53180245407633,5.262053096939789,65.25948773180916
30,Advanced,1.2799937617940123,Strength,42,Male,3,5,0.5773898661300934,103.26783681189869,96.17749103702971,21.679132259725655,Moderate,27.722059323898385,59.62580247236651,4.763467043387025,46.582848814784455
30,Advanced,1.2799937617940123,Strength,42,Male,4,3,0.4786739850322649,94.0206635827743,101.17749103702971,15.453466458684577,Moderate,21.990297676723454,45.00524571254452,6.084114379775417,35.16049210190999
30,Advanced,1.2799937617940123,Strength,42,Male,4,4,0.5068439156718545,100.89032880625372,99.17749103702971,15.0,Moderate,17.399432134879543,51.13564930558253,6.726021472015484,39.949889508853886
31,Advanced,0.905313829563895,Strength,34,Female,0,4,1.0367337012802313,98.18528009327916,77.64909681133815,45.87065156701065,Moderate,16.233960879316044,101.79198884234152,2.14048143199716,112.43822095720712
31,Advanced,0.905313829563895,Strength,34,Female,0,5,1.0405197714795829,94.02585312605055,84.64909681133815,45.17200773307099,Moderate,15.928053871527156,97.83575920789094,2.081507016472638,108.06821672745606
31,Advanced,0.905313829563895,Strength,34,Female,0,6,0.9172774390476721,89.12028480958527,83.64909681133815,42.92273171775652,Moderate,25.88579135712019,81.74802661733553,2.0762956868474847,90.29789852963626
31,Advanced,0.905313829563895,Strength,34,Female,0,7,0.8864154269777749,75.59834707663646,86.64909681133815,43.88315797981496,Moderate,28.37938108724825,67.01154110275073,1.7227188934007602,74.02015179076575
31,Advanced,0.905313829563895,Strength,34,Female,0,8,0.8864905104040544,78.22540194842999,85.64909681133815,40.475796988418246,Moderate,28.373314494433455,69.34607649982601,1.9326463179506288,76.59885184166392
31,Advanced,0.905313829563895,Strength,34,Female,0,9,0.9200161485069596,75.83917184175903,92.64909681133815,40.45626319233346,Moderate,25.66450903223429,69.7732627838126,1.8745965144288015,77.07071673334184
31,Advanced,0.905313829563895,Strength,34,Female,1,4,1.0015428872959262,91.95532205360455,90.64909681133815,38.075670225778566,Moderate,16.320044365502834,92.09719875179385,2.415067655888035,101.7294710572217
31,Advanced,0.905313829563895,Strength,34,Female,1,5,0.9966098791168239,94.83806130748002,86.64909681133815,37.271662027206084,Moderate,16.732202357744587,94.51654881532158,2.5445084443442707,104.40185638056073
31,Advanced,0.905313829563895,Strength,34,Female,1,6,0.958271251916876,83.59603747352038,94.64909681133815,33.0601821914883,Moderate,19.935434754353125,80.10767948504046,2.5286017621052714,88.48599058476668
31,Advanced,0.905313829563895,Strength,34,Female,1,8,0.8416624233649439,75.03811270650189,91.64909681133815,32.044092440769354,Moderate,29.678224327909565,63.15675978528617,2.3417143270164016,69.76220616612434
31,Advanced,0.905313829563895,Strength,34,Female,2,3,0.7312888348971309,58.810881280865594,92.64909681133815,30.963129972800907,Moderate,21.947648541695024,43.007740851157685,1.8993841847753419,47.50583934637989
31,Advanced,0.905313829563895,Strength,34,Female,2,4,0.6844342560626996,59.04056428176409,91.64909681133815,29.89633089407139,Moderate,26.94855909864388,40.409384691711196,1.974843084126724,44.63572601718792
31,Advanced,0.905313829563895,Strength,34,Female,2,7,0.6646748095793974,52.355075768305326,96.64909681133815,27.291284739588356,Moderate,29.05753600070915,34.79910001681326,1.9183806973359188,38.438672250156955
31,Advanced,0.905313829563895,Strength,34,Female,3,1,0.5762234088980854,44.791841629213174,99.64909681133815,24.459441750785793,Moderate,19.456424907547984,25.81010767440839,1.8312699142654905,28.509538153530016
31,Advanced,0.905313829563895,Strength,34,Female,4,3,0.4423930602282542,31.889834538038265,111.64909681133815,15.0,Moderate,23.753925474167364,14.107841491455423,2.1259888274699628,15.583354023098684
32,Advanced,0.7947734188111895,Strength,27,Male,0,7,0.8652692053198782,97.44190448242634,83.56666168173585,48.33381694671503,Moderate,15.885017603639554,84.31347925636452,2.016019189501021,106.08479244019861
32,Advanced,0.7947734188111895,Strength,27,Male,0,9,0.7854207748574802,80.680447005585,83.56666168173585,44.71660406327029,Moderate,23.647283129128397,63.368099202974435,1.804261457045517,79.73092452794265
32,Advanced,0.7947734188111895,Strength,27,Male,1,5,0.7298392886530788,76.87494200618515,82.56666168173585,37.56462003968136,Moderate,20.978858611396014,56.10635298904086,2.046471916353911,70.59405997611726
32,Advanced,0.7947734188111895,Strength,27,Male,1,6,0.7715671363707638,78.16291921116907,90.56666168173585,38.34571410572075,Moderate,16.460902116581032,60.30793974614108,2.0383742745615936,75.88057481310068
32,Advanced,0.7947734188111895,Strength,27,Male,1,7,0.7188452227714509,72.47773758490683,85.56666168173585,37.12778158868323,Moderate,22.16920784029413,52.100275420193114,1.952115977079614,65.55353844695183
32,Advanced,0.7947734188111895,Strength,27,Male,1,8,0.7183426047841686,70.26277457343596,89.56666168173585,36.279836176582016,Moderate,22.223627282567225,50.47274450644484,1.9366893580985896,63.50574869022727
32,Advanced,0.7947734188111895,Strength,27,Male,2,5,0.7102013714309737,69.27112834506491,92.56666168173585,30.938815076512928,Moderate,15.805923863995666,49.196450351236095,2.2389715292839467,61.89989157530175
32,Advanced,0.7947734188111895,Strength,27,Male,2,6,0.6942350631117632,68.92774919227142,97.56666168173585,29.955663121164726,Moderate,17.698723050696735,47.85206031064833,2.300992190107097,60.20835494708632
32,Advanced,0.7947734188111895,Strength,27,Male,2,7,0.6270025816170909,63.32430947119461,94.56666168173585,26.49823371824588,Moderate,25.669105668192298,39.70450551755862,2.3897557759797263,49.95694951650302
32,Advanced,0.7947734188111895,Strength,27,Male,3,3,0.521977759105837,47.69621450495818,101.56666168173585,25.177087479809465,Moderate,18.4935702182407,24.896363165129387,1.894429315892015,31.325068567718823
32,Advanced,0.7947734188111895,Strength,27,Male,3,4,0.5056727398178316,48.865424768138645,102.56666168173585,27.061424195421562,Moderate,21.039586569520875,24.709913224866796,1.8057225151765486,31.090473774718966
32,Advanced,0.7947734188111895,Strength,27,Male,3,5,0.4567356435348059,41.72534952716836,104.56666168173585,19.834902302391736,Moderate,28.6810769057152,19.05745436800595,2.103632616254652,23.978444596281516
32,Advanced,0.7947734188111895,Strength,27,Male,4,3,0.3393655108211601,30.47663529103051,107.56666168173585,16.111781574924354,Moderate,23.82679118706018,10.342718903650766,1.8915743896931032,13.01340186454571
32,Advanced,0.7947734188111895,Strength,27,Male,4,4,0.35409133543536614,31.642707947438215,106.56666168173585,15.0,Moderate,20.521466168715087,11.20440871389967,2.1095137225282996,14.097596058336958
32,Advanced,0.7947734188111895,Strength,27,Male,4,5,0.3593632200930386,32.11160790576707,110.56666168173585,15.0,Moderate,19.338150958236188,11.539730819381532,2.1407737176662236,14.519504586776298
33,Intermediate,1.1584151877504985,Hypertrophy,36,Female,0,9,0.7681373830359927,69.3711037132627,103.07936245061157,39.57054118704697,Moderate,23.135013981872017,53.28653806462404,1.75309965138589,45.99947637826085
33,Intermediate,1.1584151877504985,Hypertrophy,36,Female,1,5,0.7370644951742145,67.03619831219402,101.07936245061157,35.26005308817873,Moderate,21.63528845179901,49.41000166737581,1.9011938593329767,42.65306561653282
33,Intermediate,1.1584151877504985,Hypertrophy,36,Female,1,6,0.7032494543891852,61.3989325922463,102.07936245061157,32.93239212694246,Moderate,25.230504249682657,43.17876584557557,1.8643932846172349,37.27396621539226
33,Intermediate,1.1584151877504985,Hypertrophy,36,Female,1,7,0.6833162737462646,62.313068660253926,107.07936245061157,33.33107486249805,Moderate,27.349800405647194,42.57953388261985,1.8695186713239138,36.75668065835998
33,Intermediate,1.1584151877504985,Hypertrophy,36,Female,2,5,0.6750802874116428,59.28881531536515,106.07936245061157,28.557350921417964,Moderate,15.746170111255427,40.02471048339252,2.0761314101710755,34.55123547704869
33,Intermediate,1.1584151877504985,Hypertrophy,36,Female,2,6,0.6219059508607775,56.17057729870211,113.07936245061157,27.271227555665238,Moderate,22.382627418253655,34.93281628534814,2.0597010209513797,30.155670004217885
33,Intermediate,1.1584151877504985,Hypertrophy,36,Female,3,2,0.6186972208670166,50.57399988603961,107.07936245061157,24.39810131625639,Moderate,17.777646077108724,31.289993177621522,2.072866128294834,27.01101167999287
33,Intermediate,1.1584151877504985,Hypertrophy,36,Female,3,3,0.6006349722558741,53.38492157850934,113.07936245061157,21.044707957573564,Moderate,20.17804573603627,32.06485089118998,2.536738411832357,27.67990574566812
33,Intermediate,1.1584151877504985,Hypertrophy,36,Female,4,2,0.3862301992502265,32.179319700868525,116.07936245061157,16.061017989782492,Moderate,16.654995732841194,12.42862505980319,2.0035665060442294,10.728980819871008
33,Intermediate,1.1584151877504985,Hypertrophy,36,Female,4,3,0.3683773834300934,30.016208272822674,124.07936245061157,15.0,Moderate,20.50747286590401,11.057292264035139,2.0010804181161506,9.545181067874267
33,Intermediate,1.1584151877504985,Hypertrophy,36,Female,4,4,0.3253939535996885,25.595821491006507,122.07936245061157,15.0,Moderate,29.782910544228226,8.32872555059048,1.706387985641235,7.189752386630439
34,Intermediate,1.0856711863057111,Strength,24,Female,0,4,0.807168353103759,74.99387302686534,71.06238518786503,44.02178031802424,Moderate,16.125097850313093,60.53268098396732,1.7035628904948452,55.75594709665161
34,Intermediate,1.0856711863057111,Strength,24,Female,0,5,0.8080609997591435,69.93345503608303,77.06238518786503,41.67828685109659,Moderate,16.032340681890023,56.510497593068365,1.6779349306750142,52.05116084382745
34,Intermediate,1.0856711863057111,Strength,24,Female,0,6,0.7750141714478269,68.04286519088446,80.06238518786503,41.717367707560335,Moderate,19.46632007455443,52.7341847888495,1.6310440303142422,48.5728431233848
34,Intermediate,1.0856711863057111,Strength,24,Female,0,7,0.7070462226790211,56.69224341947534,79.06238518786503,38.73667193439927,Moderate,26.529041290491033,40.08403656493963,1.4635289797728348,36.92093900032223
34,Intermediate,1.0856711863057111,Strength,24,Female,0,8,0.7062151427926128,59.204674440500696,83.06238518786503,40.77699796615573,Moderate,26.615400900457193,41.811237613988354,1.451913479205266,38.511843760373225
34,Intermediate,1.0856711863057111,Strength,24,Female,1,5,0.6354865119374301,53.0433208819837,85.06238518786503,34.70318087278489,Moderate,21.470152191239173,33.70831496886967,1.5284858050316594,31.04833613134292
34,Intermediate,1.0856711863057111,Strength,24,Female,1,6,0.6672758798360883,56.01432660190268,84.06238518786503,33.03933579736443,Moderate,17.54180095777644,37.37700906671061,1.6953828990408484,34.42752751536893
34,Intermediate,1.0856711863057111,Strength,24,Female,1,7,0.6289921143264446,54.453020196416354,93.06238518786503,32.64516924367519,Moderate,22.272693309610673,34.25052030480452,1.6680268410291508,31.547755148219316
34,Intermediate,1.0856711863057111,Strength,24,Female,1,8,0.6252853485864335,49.65734666926659,88.06238518786503,32.681794477628756,Moderate,22.730754564976017,31.05001132196973,1.5194191733822546,28.599803618093663
34,Intermediate,1.0856711863057111,Strength,24,Female,2,4,0.7290389224745786,62.372833851939035,90.06238518786503,32.13922670193538,Moderate,15.142231537631737,45.47222358310355,1.9407073010713023,41.883935276849
34,Intermediate,1.0856711863057111,Strength,24,Female,2,5,0.6491220157545808,49.497707942150605,96.06238518786503,24.50790439898808,Moderate,24.44430054604016,32.13005195464033,2.0196629265671286,29.594616459662095
34,Intermediate,1.0856711863057111,Strength,24,Female,2,6,0.6143299213607173,49.85132466209023,92.06238518786503,28.02270520300044,Moderate,28.493987605784604,30.625160359389476,1.7789618283459203,28.20847834704115
34,Intermediate,1.0856711863057111,Strength,24,Female,2,8,0.6043640827354654,47.8738532843477,95.06238518786503,23.83184254171593,Moderate,29.65397893206999,28.933237427207047,2.008818713522853,26.650067849357086
34,Intermediate,1.0856711863057111,Strength,24,Female,3,4,0.5319327174295624,42.28081966810847,96.06238518786503,23.15043882048777,Moderate,19.79065537800225,22.490551301206228,1.826350600505249,20.71578473216333
34,Intermediate,1.0856711863057111,Strength,24,Female,3,5,0.46807729828783456,34.56945283826993,102.06238518786503,18.855434812472502,Moderate,29.419319214795063,16.181176087826103,1.833394527821145,14.904292743177724
34,Intermediate,1.0856711863057111,Strength,24,Female,3,6,0.4786315988340312,34.41424728007757,102.06238518786503,19.548644544643587,Moderate,27.827851906965616,16.471746198333236,1.7604415201802674,15.171933486094677
34,Intermediate,1.0856711863057111,Strength,24,Female,4,2,0.31103323322473625,22.81940772203494,100.06238518786503,15.50674416983141,Moderate,25.99039355160456,7.09759416405804,1.4715794624929037,6.537511279725693
35,Intermediate,0.8947243672464342,Strength,19,Male,0,8,0.6896906224272656,83.40972344271145,82.70290958591977,47.92524918572002,Moderate,18.54003512145249,57.52690407768975,1.7404128954879097,64.29559972657522
35,Intermediate,0.8947243672464342,Strength,19,Male,0,9,0.6572926265253745,78.87554779608678,85.70290958591977,43.324113926148456,Moderate,22.366590858886344,51.84431597951759,1.8205922482326604,57.94439039888997
35,Intermediate,0.8947243672464342,Strength,19,Male,1,5,0.6143408042305442,72.52350359600878,83.70290958591977,38.11674026959717,Moderate,22.546513944130357,44.554147524788796,1.9026679926034304,49.79645057109155
35,Intermediate,0.8947243672464342,Strength,19,Male,1,6,0.5834531426643464,70.11708815409486,87.70290958591977,38.61453815659368,Moderate,26.440699464514793,40.910035437979666,1.8158209235580614,45.72356718115919
35,Intermediate,0.8947243672464342,Strength,19,Male,1,7,0.6245716994589937,68.98224230246481,91.70290958591977,37.22658050917722,Moderate,21.256646015028238,43.08435630734253,1.8530372520361316,48.153721672089134
35,Intermediate,0.8947243672464342,Strength,19,Male,2,3,0.514144292940186,58.412066492735,93.70290958591977,33.555028380583956,Moderate,15.851557413350955,30.03223062608237,1.7407842451937816,33.56586470606974
35,Intermediate,0.8947243672464342,Strength,19,Male,2,4,0.5079080803714968,57.88216149679687,89.70290958591977,31.92609679117089,Moderate,16.872219477483863,29.398817533591064,1.813004579369674,32.857923346990276
35,Intermediate,0.8947243672464342,Strength,19,Male,2,5,0.44638685235346215,50.67749377056208,96.70290958591977,31.0042004149202,Moderate,26.94121293869885,22.621766929403393,1.6345363356520601,25.28347553062355
35,Intermediate,0.8947243672464342,Strength,19,Male,3,4,0.49259852970143186,57.32499742684045,101.70290958591977,23.103210846379277,Moderate,26.24479610686064,28.23820944759997,2.481256623884717,31.560756497275346
35,Intermediate,0.8947243672464342,Strength,19,Male,4,2,0.3196141829666625,32.710506894331175,99.70290958591977,17.488270765104048,Moderate,24.414201590326265,10.454741935457038,1.870425353270267,11.6848614314268
35,Intermediate,0.8947243672464342,Strength,19,Male,4,3,0.2993513267723336,31.832360169877415,101.70290958591977,16.283384131471827,Moderate,29.206179684954513,9.529059251147592,1.9548981930270257,10.650261633325304
35,Intermediate,0.8947243672464342,Strength,19,Male,4,4,0.3506313580407833,37.79400891367465,110.70290958591977,15.0,Moderate,17.078926538922826,13.251764671207214,2.5196004262716154,14.81098575755177
36,Advanced,1.110462061680402,Endurance,24,Female,0,8,1.152900729908561,87.33190726421141,90.30555371460706,43.80645822707627,Moderate,17.937302255582715,100.68501962921609,1.9935851654094099,90.66940009409683
36,Advanced,1.110462061680402,Endurance,24,Female,0,9,1.0609753848248318,81.7158554949895,90.30555371460706,38.077929779819726,Moderate,24.480486428304705,86.69851123008682,2.14601617843942,78.07419645178544
36,Advanced,1.110462061680402,Endurance,24,Female,1,4,1.0721825614637988,81.31780854075988,95.30555371460706,37.78621285906507,Moderate,17.445517201560754,87.1875362538547,2.152049656101002,78.51457582201668
36,Advanced,1.110462061680402,Endurance,24,Female,1,5,1.0499343749527452,77.97237495076723,94.30555371460706,39.152044075346,Moderate,19.158553392072655,81.86587675751488,1.9915275128211978,73.72228719938853
36,Advanced,1.110462061680402,Endurance,24,Female,1,6,1.0446565822905105,69.78756101385748,97.30555371460706,35.45054317902358,Moderate,19.564925831998682,72.90403497512683,1.9685892735929125,65.65192259957321
36,Advanced,1.110462061680402,Endurance,24,Female,2,3,0.9672508438381139,69.2904194829797,97.30555371460706,31.25918869972975,Moderate,18.011700251618127,67.021216714809,2.2166415747999615,60.35429635398185
36,Advanced,1.110462061680402,Endurance,24,Female,2,4,0.9077541138811068,60.075285279162145,102.30555371460706,28.135606815081257,Moderate,23.054896399586593,54.53358735474053,2.135204814980417,49.10887109762831
36,Advanced,1.110462061680402,Endurance,24,Female,3,2,0.8686920486092471,61.66766481295052,101.30555371460706,23.251833696029344,Moderate,17.472549371399936,53.57021007931037,2.6521633935184195,48.24132555858775
36,Advanced,1.110462061680402,Endurance,24,Female,3,4,0.8536776425826532,54.8483019889006,110.30555371460706,21.792152976091106,Moderate,18.89894743048341,46.82276914154612,2.516883005189688,42.16508478066063
36,Advanced,1.110462061680402,Endurance,24,Female,3,5,0.7748698861401382,47.697223031589765,109.30555371460706,20.272633514319413,Moderate,26.38583906184209,36.959141779688736,2.352788582949059,33.28263951775264
36,Advanced,1.110462061680402,Endurance,24,Female,4,2,0.49748068368196013,31.188137928825228,115.30555371460706,15.0,Moderate,15.99693496834915,15.515496179599246,2.079209056641078,13.972095709442609
36,Advanced,1.110462061680402,Endurance,24,Female,4,3,0.4481097678199082,26.184581067063178,114.30555371460706,15.0,Moderate,24.33355665411392,11.733566542423244,1.745638621428304,10.566372666793159
37,Beginner,0.9734386164236759,Hypertrophy,31,Male,0,7,0.694085727155403,70.95019441696385,82.27751822790157,45.216398853389045,Moderate,17.560308136728622,49.245517283715564,1.569125243208544,50.589185454192716
37,Beginner,0.9734386164236759,Hypertrophy,31,Male,0,8,0.6980763934758325,65.9201035185984,87.27751822790157,43.75773858646443,Moderate,17.0863187015422,46.017268121816706,1.5064787199151726,47.27285323652611
37,Beginner,0.9734386164236759,Hypertrophy,31,Male,0,9,0.6478252472686321,62.470287955582435,94.27751822790157,46.35988738389562,Moderate,23.054873949142426,40.46982974176784,1.347507298513756,41.57405252361736
37,Beginner,0.9734386164236759,Hypertrophy,31,Male,1,3,0.6327655969303911,56.946483557289625,90.27751822790157,42.78792312266881,Moderate,16.017354627200696,36.033775661215074,1.330900825990754,37.01696032631148
37,Beginner,0.9734386164236759,Hypertrophy,31,Male,1,4,0.6254746859258976,58.66196930204761,92.27751822790157,43.125844559796114,Moderate,16.9850273267049,36.69157682499288,1.3602508783441682,37.69270965136412
37,Beginner,0.9734386164236759,Hypertrophy,31,Male,1,5,0.5716600821845157,49.152037061382245,89.27751822790157,38.18301782298309,Moderate,24.12747123297083,28.098257546046135,1.2872747775457896,28.864920917515608
37,Beginner,0.9734386164236759,Hypertrophy,31,Male,2,3,0.5398274061675415,48.62874496841761,91.27751822790157,34.24245924719992,Moderate,18.741679015735148,26.251129261483765,1.420129997008439,26.967393578995587
37,Beginner,0.9734386164236759,Hypertrophy,31,Male,2,4,0.5114171243356991,47.45511638869417,99.27751822790157,31.19367531867802,Moderate,23.018178826544666,24.26935915852188,1.521305661567027,24.931550708492
37,Beginner,0.9734386164236759,Hypertrophy,31,Male,2,6,0.46649343339107624,41.39278773120036,99.27751822790157,31.563896461581322,Moderate,29.78038403670979,19.309463666355672,1.3113965973809945,19.83632404164605
37,Beginner,0.9734386164236759,Hypertrophy,31,Male,3,3,0.33878342854847593,27.766146885393244,101.27751822790157,21.3865520969711,Moderate,23.170423477767052,9.406710439414109,1.2982992986057982,9.663373342019367
37,Beginner,0.9734386164236759,Hypertrophy,31,Male,3,4,0.3586953831729074,30.840419087870618,101.27751822790157,23.7139050179767,Moderate,18.65477450379108,11.062315941936799,1.3005204231007559,11.36415218293528
38,Intermediate,0.9337588884799567,Strength,31,Male,0,7,0.896029258651544,80.36418507226837,78.50529364365697,50.0,Moderate,18.357165792902638,72.00866117244011,1.6072836692996941,77.11689274815727
38,Intermediate,0.9337588884799567,Strength,31,Male,0,8,0.8748045627112213,72.1963831227105,82.50529364365697,47.37904655481552,Moderate,20.29108069023492,63.157725366994555,1.523804019892599,67.63807928160992
38,Intermediate,0.9337588884799567,Strength,31,Male,0,9,0.8568048278532419,72.47087144410507,81.50529364365697,42.51729784863871,Moderate,21.931149197588446,62.093392532040866,1.7045031882693413,66.49824360427505
38,Intermediate,0.9337588884799567,Strength,31,Male,1,5,0.8144110309177419,69.2605547779184,85.50529364365697,40.83249241405372,Moderate,18.37635382150468,56.40655981861926,1.6962117418496987,60.407991941527946
38,Intermediate,0.9337588884799567,Strength,31,Male,1,6,0.7590324452253567,62.6581078266554,81.50529364365697,39.828921014227994,Moderate,23.9266250148197,47.559536796860314,1.5731811120640473,50.93336882812694
38,Intermediate,0.9337588884799567,Strength,31,Male,1,8,0.7195210365681011,62.33841050774594,85.50529364365697,36.48236443153318,Moderate,27.886622016112177,44.85379774654116,1.7087272102664797,48.0356870110982
38,Intermediate,0.9337588884799567,Strength,31,Male,2,3,0.7458174485908303,59.54263885501426,83.50529364365697,34.30413184445848,Moderate,15.211033220441736,44.40793899321197,1.7357278531129765,47.558199426945286
38,Intermediate,0.9337588884799567,Strength,31,Male,2,5,0.7075900909716005,59.24006740305572,95.50529364365697,33.39071750802975,Moderate,19.556946769891802,41.917684682891945,1.7741477287710883,44.89128864930003
38,Intermediate,0.9337588884799567,Strength,31,Male,3,1,0.6115416468274516,48.86059060864565,89.50529364365697,27.56743518588262,Moderate,22.389146706188768,29.880286045773076,1.77240241998519,31.999967458887543
38,Intermediate,0.9337588884799567,Strength,31,Male,3,2,0.5935404722009396,45.641788294797,96.50529364365697,24.252453961528566,Moderate,24.673678806827024,27.090248576589133,1.881945080083568,29.01200716673388
38,Intermediate,0.9337588884799567,Strength,31,Male,3,3,0.5664839002118217,44.56204976373988,97.50529364365697,24.95912350806794,Moderate,28.10743291036948,25.243683751596656,1.7854011565724337,27.034448644704785
38,Intermediate,0.9337588884799567,Strength,31,Male,4,1,0.41386691158223154,30.64376576015914,101.50529364365697,18.026964268919226,Moderate,18.13392319136819,12.682440694406397,1.6998848837298688,13.582121968262966
38,Intermediate,0.9337588884799567,Strength,31,Male,4,2,0.4228611392460559,31.13060654001133,102.50529364365697,18.156751128541327,Moderate,16.354795379613503,13.163923746929909,1.7145470907803977,14.097761008302804
39,Intermediate,0.8988570935172121,Strength,18,Male,0,7,0.7367064357471879,79.84855927897281,82.0594535110225,47.12441614667912,Moderate,21.480871338741633,58.824947505960104,1.6944200928880835,65.44408725940194
39,Intermediate,0.8988570935172121,Strength,18,Male,0,8,0.7676897580041658,78.56285850043655,84.0594535110225,45.84937889953094,Moderate,18.17862861544916,60.311901830315655,1.7134988231594444,67.09835764432681
39,Intermediate,0.8988570935172121,Strength,18,Male,1,3,0.7494822499899857,84.20098172234928,76.0594535110225,43.97750528492459,Moderate,16.574002092501846,63.107141232632,1.914637478005733,70.2081248283532
39,Intermediate,0.8988570935172121,Strength,18,Male,1,4,0.7546974198274677,78.61501674460509,76.0594535110225,41.85860984520597,Moderate,15.99349368425757,59.33055029684663,1.8781085936015671,66.00658182281865
39,Intermediate,0.8988570935172121,Strength,18,Male,1,5,0.6756664428298398,69.78420590092468,85.0594535110225,43.50831918531631,Moderate,24.790550748277088,47.15084616678289,1.603927837335266,52.456384947575714
39,Intermediate,0.8988570935172121,Strength,18,Male,1,6,0.6951854479579881,75.81173764835445,80.0594535110225,40.478731226668536,Moderate,22.617860893381785,52.70321679754476,1.8728782616963369,58.63352310854567
39,Intermediate,0.8988570935172121,Strength,18,Male,1,7,0.6317827833039877,67.20743224947697,86.0594535110225,37.25077645705986,Moderate,29.675306975427247,42.46049860528874,1.8041887132946175,47.23826698733026
39,Intermediate,0.8988570935172121,Strength,18,Male,2,5,0.5676596386325244,51.69555698446818,91.0594535110225,27.790678141093895,Moderate,22.02167949154584,29.345481196710285,1.860176094366341,32.64751289258803
39,Intermediate,0.8988570935172121,Strength,18,Male,2,6,0.5312421428089912,52.84239299035538,89.0594535110225,29.849901804529555,Moderate,27.024281346917668,28.072106083351205,1.7702701860167143,31.230854220275933
39,Intermediate,0.8988570935172121,Strength,18,Male,3,3,0.4086153209421598,36.565554051132345,94.0594535110225,25.142709891617695,Moderate,25.509801206542175,14.941245604031336,1.4543202683574943,16.622474350279884
39,Intermediate,0.8988570935172121,Strength,18,Male,4,3,0.3493033758016745,33.2818295170738,100.0594535110225,16.27380927116015,Moderate,15.729818427247869,11.625455403169692,2.0451159846722953,12.933582605547377
39,Intermediate,0.8988570935172121,Strength,18,Male,4,5,0.31315312487986763,29.151728337912218,103.0594535110225,15.0,Moderate,24.4511432701285,9.1289548246662,1.9434484262975862,10.156169133377661
40,Intermediate,1.057182432191474,Endurance,35,Male,0,6,1.2307166716882416,60.516362247776144,101.0,49.71892642709095,Moderate,16.024986993729552,74.47849592826302,1.2171695042399864,70.44992728827943
40,Intermediate,1.057182432191474,Endurance,35,Male,0,7,1.178015806796461,55.89055494767657,106.0,48.066539822901454,Moderate,19.62090465417548,65.83995717898915,1.1627746451237728,62.278650207851925
40,Intermediate,1.057182432191474,Endurance,35,Male,0,8,1.1112986893762802,55.4914374009,109.0,42.70312465524522,Moderate,24.17318783354868,61.66756165522606,1.2994701570301563,58.33194105907726
40,Intermediate,1.057182432191474,Endurance,35,Male,0,9,1.1297285854933241,54.55528599380352,112.0,40.85436950314162,Moderate,22.915667884615203,61.63266607696341,1.335359848210324,58.29893299519726
40,Intermediate,1.057182432191474,Endurance,35,Male,1,5,0.9998675017229564,44.81251784569752,115.0,39.61588799888135,Moderate,21.687317884074016,44.806580264292975,1.1311753687254857,42.382976217676614
40,Intermediate,1.057182432191474,Endurance,35,Male,1,6,0.9942010873221905,46.68605020754885,109.0,34.88858975018031,Moderate,22.13112879795972,46.41532187912345,1.3381466319991036,43.904700419781875
40,Intermediate,1.057182432191474,Endurance,35,Male,2,3,0.9654135281537245,42.78595416172052,112.0,34.062852883377275,Moderate,19.7995074129621,41.306138962690135,1.2560883567832857,39.07187504543572
40,Intermediate,1.057182432191474,Endurance,35,Male,2,4,0.996736277192457,45.828407529443844,118.0,32.783589141570566,Moderate,17.197410147046728,45.678836310556626,1.3979069202470313,43.20805162058519
40,Intermediate,1.057182432191474,Endurance,35,Male,2,5,1.0169507577332966,47.9151457394639,120.0,33.262649790888574,Moderate,15.518118061854121,48.727343766649156,1.4405089372068025,46.09166421161224
40,Intermediate,1.057182432191474,Endurance,35,Male,3,2,0.8238530963367771,34.99716834113127,122.0,25.879290289491895,Moderate,18.961377716174486,28.832525500860424,1.3523232900640376,27.272963823404265
40,Intermediate,1.057182432191474,Endurance,35,Male,3,3,0.778716685446615,33.21692630735423,121.0,23.169761053154637,Moderate,23.40123789226606,25.866574754787354,1.433632604044444,24.467442420250187
40,Intermediate,1.057182432191474,Endurance,35,Male,3,4,0.8123357603643813,33.333288067796225,123.0,23.49517906176455,Moderate,20.094284837277737,27.077821907998203,1.4187287767179941,25.61317277917192
40,Intermediate,1.057182432191474,Endurance,35,Male,4,3,0.5741000765624493,22.497891606569894,135.0,15.8161634078259,Moderate,19.166737610937258,12.916041293825462,1.422461921010245,12.217407973421727
41,Advanced,0.7129989497915796,Endurance,22,Male,0,6,1.2490631219550135,73.15877225447973,93.58088040765011,46.57182286439297,Moderate,18.311249458391877,91.37992447057627,1.5708805493102906,128.16259594027736
41,Advanced,0.7129989497915796,Endurance,22,Male,0,7,1.1881476911718905,65.95154602775075,95.58088040765011,44.314658558655445,Moderate,22.295119722361093,78.36017714208872,1.4882557303741994,109.90207946717885
41,Advanced,0.7129989497915796,Endurance,22,Male,0,8,1.181110015658228,64.25585972605495,98.58088040765011,44.51725675042625,Moderate,22.755383826971386,75.89323948717366,1.4433921353891055,106.44213861355581
41,Advanced,0.7129989497915796,Endurance,22,Male,0,9,1.1354553389587945,65.07624634619766,100.58088040765011,45.71462211462579,Moderate,25.741200500607924,73.89117135318787,1.4235323822537953,103.63418871878932
41,Advanced,0.7129989497915796,Endurance,22,Male,1,3,1.1576052906391154,63.62941661973812,94.58088040765011,39.821576203815575,Moderate,15.40842280994733,73.65774931928931,1.5978627941848913,103.30680856404064
41,Advanced,0.7129989497915796,Endurance,22,Male,1,4,1.115780580865469,63.3667070403346,104.58088040765011,41.130978573683784,Moderate,18.464747961429328,70.70334118899655,1.5406077778142093,99.16317835599311
41,Advanced,0.7129989497915796,Endurance,22,Male,1,5,1.0967443443170926,66.13123059205279,98.58088040765011,43.43444092715613,Moderate,19.855813885550187,72.52905313456338,1.5225527866332766,101.72378435056649
41,Advanced,0.7129989497915796,Endurance,22,Male,1,6,0.9841626070640058,51.808686798330804,107.58088040765011,41.892914480878176,Moderate,28.082682572178935,50.98817226800779,1.2366932738777427,71.51216810451723
41,Advanced,0.7129989497915796,Endurance,22,Male,1,7,1.0699402642123308,54.703067546022545,106.58088040765011,36.67413226806335,Moderate,21.814512096007117,58.52901454341634,1.4915981012060942,82.08838522432607
41,Advanced,0.7129989497915796,Endurance,22,Male,2,3,1.028718092231518,53.91238902025332,107.58088040765011,32.991644097544004,Moderate,16.87794642451005,55.460649980558436,1.6341224834607209,77.78492831138404
41,Advanced,0.7129989497915796,Endurance,22,Male,2,5,1.0073182804694913,50.600373328987494,109.58088040765011,27.87268393217622,Moderate,18.607085158650495,50.97068105286999,1.815410802802655,71.48763624425145
41,Advanced,0.7129989497915796,Endurance,22,Male,4,2,0.570316727186607,28.12881477616122,122.58088040765011,17.501078815139767,Moderate,17.619810750180694,16.04233358277854,1.607261670324345,22.499768180163194
41,Advanced,0.7129989497915796,Endurance,22,Male,4,3,0.5123815300442423,23.987926644525178,119.58088040765011,16.006768634190756,Moderate,25.988340511454854,12.290970556710857,1.4986113496183842,17.238389091477057
41,Advanced,0.7129989497915796,Endurance,22,Male,4,4,0.5718783764474075,28.37687761599442,120.58088040765011,15.0,Moderate,17.394236160634257,16.228122699681666,1.891791714946847,22.760341995010496
42,Advanced,0.9641477125393119,Hypertrophy,21,Female,0,9,1.1499449438131946,61.75053862820858,78.6929558149821,40.17747338330563,Moderate,18.13769930288956,71.00971967324982,1.5369442598379677,73.65017320432764
42,Advanced,0.9641477125393119,Hypertrophy,21,Female,1,4,0.9856210618645962,48.820730991959735,83.6929558149821,35.74768484942579,Moderate,19.544365931697072,48.11874072130115,1.3657032569212852,49.908007027846516
42,Advanced,0.9641477125393119,Hypertrophy,21,Female,1,5,0.8970904298267955,43.91950414485541,78.6929558149821,36.67464989509219,Moderate,26.771066344930922,39.39976685108807,1.197543891296665,40.86482338115614
42,Advanced,0.9641477125393119,Hypertrophy,21,Female,1,6,0.9941521494011542,52.16343135129671,79.6929558149821,36.34494394494466,Moderate,18.847978563769395,51.85838739803118,1.4352320915691,53.7867102072355
42,Advanced,0.9641477125393119,Hypertrophy,21,Female,1,7,0.938796778034026,45.163215108084984,85.6929558149821,32.28549288102023,Moderate,23.366603088699158,42.399080829127826,1.3988701945995388,43.9756650376682
42,Advanced,0.9641477125393119,Hypertrophy,21,Female,2,4,0.7310375751250572,36.23493580552705,91.6929558149821,28.219000726721113,Moderate,20.863071432861,26.489099606084608,1.2840615751199835,27.474080773617743
42,Advanced,0.9641477125393119,Hypertrophy,21,Female,2,6,0.6520069515428237,31.12412800301609,91.6929558149821,27.172924749094655,Moderate,29.418364656979822,20.293147818675155,1.1454095260262167,21.04773626179346
42,Advanced,0.9641477125393119,Hypertrophy,21,Female,3,3,0.7904879174308693,37.52462341019685,90.6929558149821,21.252407958314613,Moderate,21.696845318666306,29.662761411904157,1.7656644704983449,30.765753276566965
42,Advanced,0.9641477125393119,Hypertrophy,21,Female,4,1,0.5096626133167088,23.635700650789794,99.6929558149821,16.30421542013934,Moderate,19.15972316925398,12.046232961252962,1.4496679902748615,12.49416485712705
42,Advanced,0.9641477125393119,Hypertrophy,21,Female,4,2,0.4843352187276055,22.281572666537905,98.6929558149821,15.675243201391313,Moderate,23.177034889767278,10.791750371042673,1.4214497956312684,11.193035089597398
42,Advanced,0.9641477125393119,Hypertrophy,21,Female,4,4,0.44545914759228816,20.647565158577976,101.6929558149821,15.0,Moderate,29.3433737001008,9.197646775396374,1.3765042521382482,9.539655714700082
43,Intermediate,0.9951094359398727,Hypertrophy,21,Male,0,7,0.8658472993999504,72.61297516749393,80.90419751209178,50.0,Moderate,20.004272161407545,62.87174845017028,1.4522594743046893,63.180674405035745
43,Intermediate,0.9951094359398727,Hypertrophy,21,Male,0,8,0.8744061879791868,73.29673326436223,87.90419751209178,46.22569752012843,Moderate,19.21351549812532,64.09111712501823,1.5856273806754062,64.40603455684268
43,Intermediate,0.9951094359398727,Hypertrophy,21,Male,0,9,0.9083086272170462,73.0254013564696,84.90419751209178,45.23701340400774,Moderate,16.081265384028153,66.32960205806873,1.6142842828725668,66.6555184856654
43,Intermediate,0.9951094359398727,Hypertrophy,21,Male,1,6,0.767979946478233,59.59544297932025,87.90419751209178,36.79343511149823,Moderate,19.720221387546218,45.768105109604946,1.6197302909878595,45.99299078436193
43,Intermediate,0.9951094359398727,Hypertrophy,21,Male,1,7,0.7440318647895258,55.68245552770227,94.90419751209178,36.24147951647108,Moderate,22.223602764857826,41.429521222336156,1.5364288305604852,41.63308887742329
43,Intermediate,0.9951094359398727,Hypertrophy,21,Male,2,3,0.7264386289270657,58.4710802840431,87.90419751209178,34.230310287629756,Moderate,15.995689047227193,42.47565139342465,1.7081667704603534,42.6843593026002
43,Intermediate,0.9951094359398727,Hypertrophy,21,Male,2,4,0.6654695794455374,53.27228582885372,91.90419751209178,33.69988008650913,Moderate,23.046061628192334,35.45108564662975,1.580785572866009,35.62527772422216
43,Intermediate,0.9951094359398727,Hypertrophy,21,Male,2,5,0.7071087381120362,56.37976261544468,97.90419751209178,29.63179526962616,Moderate,18.230969625721745,39.86662279806325,1.9026778566656222,40.0625110120663
43,Intermediate,0.9951094359398727,Hypertrophy,21,Male,2,6,0.6124652390904464,46.31710979085525,93.90419751209178,28.970669999150623,Moderate,29.175406781012818,28.367619722034615,1.5987586132269147,28.507006556756345
43,Intermediate,0.9951094359398727,Hypertrophy,21,Male,2,7,0.6218845654843731,48.600772401968165,96.90419751209178,29.07061546106946,Moderate,28.08616951876844,30.224070227402883,1.6718177430827081,30.37257889759394
43,Intermediate,0.9951094359398727,Hypertrophy,21,Male,3,1,0.5993190712702207,46.21824958105048,94.90419751209178,30.23888528271144,Moderate,18.938941623995195,27.69947841465044,1.5284375604625016,27.835582277346468
43,Intermediate,0.9951094359398727,Hypertrophy,21,Male,3,2,0.5566332803749673,40.16641241835454,101.90419751209178,26.636298441285234,Moderate,24.71241948154523,22.35796190532251,1.5079576840954922,22.467819749278
44,Beginner,1.0076257789914758,Strength,31,Female,0,7,0.8553797977859879,39.19796227675383,86.55672301694133,39.243271917454884,Moderate,18.375165919232987,33.52914504591247,0.9988453908827544,33.275361220025815
44,Beginner,1.0076257789914758,Strength,31,Female,0,8,0.8086934934766405,33.35678855091187,91.55672301694133,40.29593902389696,Moderate,22.830218345018842,26.97541786439853,0.8277952699733542,26.77123953712105
44,Beginner,1.0076257789914758,Strength,31,Female,0,9,0.8474706733512458,36.8954707036743,88.55672301694133,40.03752973003762,Moderate,19.12989612373507,31.267829400854023,0.9215221326322697,31.031161589561666
44,Beginner,1.0076257789914758,Strength,31,Female,1,5,0.7600620391489048,33.370378309524334,96.55672301694133,36.785613138875384,Moderate,21.15234572241766,25.36355778510745,0.9071583848931369,25.171579709794532
44,Beginner,1.0076257789914758,Strength,31,Female,1,6,0.7505867844429817,31.462002781287815,94.55672301694133,37.50985887431042,Moderate,22.135293914490564,23.614963499742966,0.8387662040517344,23.436220624643347
44,Beginner,1.0076257789914758,Strength,31,Female,1,7,0.7311421558706495,33.04549976819993,96.55672301694133,31.311876406896058,Moderate,24.1524494521412,24.160957942344744,1.0553662860509943,23.97808240718575
44,Beginner,1.0076257789914758,Strength,31,Female,2,4,0.7297227707775255,32.07338812754693,97.55672301694133,30.51335961003793,Moderate,15.945683774667657,23.40468165265653,1.051126047289455,23.2275304116888
44,Beginner,1.0076257789914758,Strength,31,Female,2,5,0.7037321983847604,31.512200421204334,98.55672301694133,26.085424741248573,Moderate,18.939450556059356,22.1761500783553,1.2080385704180578,22.008297656153207
44,Beginner,1.0076257789914758,Strength,31,Female,2,6,0.7056777862771791,28.136061732685334,100.55672301694133,27.258834198229554,Moderate,18.71534481823334,19.85499375807944,1.0321813653472895,19.70471028762467
44,Beginner,1.0076257789914758,Strength,31,Female,2,7,0.6213760531833211,24.59459136818152,100.55672301694133,25.432301125735677,Moderate,28.42577844532791,15.28249011401721,0.9670611510742295,15.1668161591669
44,Beginner,1.0076257789914758,Strength,31,Female,2,8,0.627233351659169,24.054356980145588,108.55672301694133,26.042246177112226,Moderate,27.751095897337123,15.087694950662845,0.9236667180275542,14.973495410437563
44,Beginner,1.0076257789914758,Strength,31,Female,3,2,0.6283747179923446,24.76154630769807,103.55672301694133,25.272029289128326,Moderate,26.685508083454057,15.559529678154155,0.9798004364671143,15.441758796573017
44,Beginner,1.0076257789914758,Strength,31,Female,4,2,0.29540685309452686,20.0,108.55672301694133,15.38979487055089,Moderate,26.23210623811074,5.908137061890537,1.29956239629344,5.863418068150131
44,Beginner,1.0076257789914758,Strength,31,Female,4,3,0.2855758138511392,20.0,108.55672301694133,15.0,Moderate,28.687076564215946,5.711516277022785,1.3333332444444503,5.668285516130673
45,Beginner,1.18560546903454,Endurance,27,Female,0,5,0.9533876089490718,34.372551378047646,104.47666083122172,43.25960117333995,Moderate,17.621222619291796,32.770364571795966,0.7945646665985935,27.64017018098885
45,Beginner,1.18560546903454,Endurance,27,Female,0,6,0.9507646250827807,30.47935834557563,107.47666083122172,44.36883841220371,Moderate,17.847865174708026,28.978695710194938,0.6869541495645307,24.44208636428308
45,Beginner,1.18560546903454,Endurance,27,Female,0,7,0.8311979940076346,27.81935424707463,104.47666083122172,40.91207906073958,Moderate,28.179185606235556,23.123391444756205,0.679978974566265,19.503428876856574
45,Beginner,1.18560546903454,Endurance,27,Female,0,8,0.8607495479493134,26.770536439021193,106.47666083122172,39.59143343240043,Moderate,25.625742640788346,23.04272713824811,0.6761699044961351,19.435392552313086
45,Beginner,1.18560546903454,Endurance,27,Female,0,9,0.810769999708964,25.30759564429482,105.47666083122172,39.27290846599508,Moderate,29.944294758975193,20.51863931315949,0.6444033810687673,17.306450200012975
45,Beginner,1.18560546903454,Endurance,27,Female,1,6,0.8996680890707549,28.169088138133773,109.47666083122172,33.964376275462534,Moderate,20.34218528812534,25.34282969610048,0.829371547420787,21.37541448870264
45,Beginner,1.18560546903454,Endurance,27,Female,1,7,0.816085487286068,26.361578930535664,110.47666083122172,33.2080050502104,Moderate,27.742700530338592,21.513301987156343,0.7938320322718877,18.14539862006236
45,Beginner,1.18560546903454,Endurance,27,Female,2,3,0.7993647709750255,25.558176304876632,117.47666083122172,27.33540468300716,Moderate,16.101011974789103,20.43030574848703,0.9349843423309672,17.231945238223766
45,Beginner,1.18560546903454,Endurance,27,Female,2,5,0.7389467045925893,20.88029701757669,117.47666083122172,27.014337331085333,Moderate,22.442315484754243,15.429426672052765,0.7729338679951966,13.013952837670681
45,Beginner,1.18560546903454,Endurance,27,Female,2,6,0.6720412136127866,20.837855613422914,116.47666083122172,24.983032577241975,Moderate,29.464520103164553,14.003897775532751,0.8340802788819422,11.811590220940994
45,Beginner,1.18560546903454,Endurance,27,Female,3,2,0.6677387848271392,20.0,119.47666083122172,21.97083043927004,Moderate,16.201314927788584,13.354775696542784,0.910297821695203,11.26408808094461
45,Beginner,1.18560546903454,Endurance,27,Female,3,3,0.5970113758670583,20.0,118.47666083122172,21.993125024328123,Moderate,25.077336516011346,11.940227517341167,0.9093750464520874,10.070987152308899
46,Beginner,0.9303397327885133,Strength,41,Female,0,8,0.7220351304549381,52.30654920050276,82.60632072590371,42.40158794564078,Moderate,17.15648366015141,37.767166075632645,1.233598799034636,40.59498283218557
46,Beginner,0.9303397327885133,Strength,41,Female,0,9,0.6774945935040382,44.74756916095556,90.60632072590371,38.03684912323407,Moderate,22.266892482437637,30.31623617899542,1.1764267812918183,32.586164520743345
46,Beginner,0.9303397327885133,Strength,41,Female,1,5,0.6312246279810626,42.81029676882882,86.60632072590371,36.76073151094661,Moderate,21.545119299406277,27.022913651662858,1.1645659333932143,29.046254452029622
46,Beginner,0.9303397327885133,Strength,41,Female,1,7,0.6337138784212505,38.544313444728004,91.60632072590371,32.42393129628838,Moderate,21.235730473841155,24.426066364142933,1.1887612240400662,26.2549682103358
46,Beginner,0.9303397327885133,Strength,41,Female,1,8,0.6314555131648331,40.16248573339541,90.60632072590371,32.51589182316997,Moderate,21.51642259027092,25.360823038756482,1.23516478393534,27.25971479582798
46,Beginner,0.9303397327885133,Strength,41,Female,2,4,0.5251615524739012,35.49526484850468,91.60632072590371,26.8956960508204,Moderate,21.853498554995525,18.64074839331301,1.3197376807686034,20.03647452631794
46,Beginner,0.9303397327885133,Strength,41,Female,2,5,0.5086468652983641,31.841413321938255,98.60632072590371,29.555669376035986,Moderate,24.310961442648633,16.196035072873464,1.077336866896295,17.408713283281745
46,Beginner,0.9303397327885133,Strength,41,Female,2,7,0.4839255553569002,29.423624397153617,104.60632072590371,24.42972085247095,Moderate,27.989608278012735,14.238843777005401,1.2044191323519942,15.304977278945175
46,Beginner,0.9303397327885133,Strength,41,Female,3,3,0.4230800039619234,24.652501459544858,104.60632072590371,23.68459841244579,Moderate,19.90130465071512,10.429980415175562,1.0408663043120945,11.210925253066957
46,Beginner,0.9303397327885133,Strength,41,Female,3,4,0.4093797353464756,24.990291878347215,100.60632072590371,21.81174455597643,Moderate,22.495078007422578,10.230519075388962,1.1457263617078948,10.996529244425313
46,Beginner,0.9303397327885133,Strength,41,Female,3,5,0.37138991640837504,22.460614193112114,104.60632072590371,19.55225107774265,Moderate,29.687417293141383,8.34164562766067,1.148748190428672,8.966226387463685
46,Beginner,0.9303397327885133,Strength,41,Female,3,6,0.3772277916560749,23.663003517147732,108.60632072590371,18.3224524021241,Moderate,28.582174344824864,8.926342560723572,1.2914757100380732,9.594702506433977
46,Beginner,0.9303397327885133,Strength,41,Female,4,5,0.43574799938767,25.622944988669538,112.60632072590371,15.0,Moderate,22.502938285101738,11.165147017233076,1.7081962186982214,12.001137458281272
47,Beginner,1.0237145374607064,Strength,32,Female,0,7,0.6664193526852411,45.61773465136018,92.55817375181444,44.16969809357415,Moderate,16.200462274400802,30.400541197326543,1.0327834598718535,29.696278003881933
47,Beginner,1.0237145374607064,Strength,32,Female,0,8,0.585993041196775,39.332390691243475,90.55817375181444,46.596354265405026,Moderate,26.313745594508337,23.048507238701486,0.8441087391323372,22.5145622932251
47,Beginner,1.0237145374607064,Strength,32,Female,0,9,0.6002369291997844,43.39142320812458,89.55817375181444,41.24977263414631,Moderate,24.52263429910877,26.045134620052956,1.0519190624649981,25.441769385133178
47,Beginner,1.0237145374607064,Strength,32,Female,1,5,0.5715364937399471,38.534583194181494,93.55817375181444,32.64075731727074,Moderate,17.43803014668812,22.02392056653278,1.1805664200452182,21.513711339345704
47,Beginner,1.0237145374607064,Strength,32,Female,1,6,0.5877320558042701,35.07256983277228,90.55817375181444,35.31599984200416,Moderate,15.098481366237914,20.613273570154078,0.9931070618578549,20.135743588775302
47,Beginner,1.0237145374607064,Strength,32,Female,1,7,0.49902734240244395,32.997340732661016,93.55817375181444,35.25493401274086,Moderate,27.912424052215457,16.46657525216774,0.9359637372962405,16.08510826456005
47,Beginner,1.0237145374607064,Strength,32,Female,1,9,0.5421527773471522,32.74922410717713,104.55817375181444,32.20713300317689,Moderate,21.68268912047543,17.75508280567039,1.0168313673593796,17.343766071687558
47,Beginner,1.0237145374607064,Strength,32,Female,2,4,0.47327418877778465,28.89252888583852,94.55817375181444,29.975895567107994,Moderate,19.108391003467805,13.674088170183936,0.9638587063161195,13.3573123292649
47,Beginner,1.0237145374607064,Strength,32,Female,2,5,0.41654359480217096,26.193868340822608,96.55817375181444,27.26305278884505,Moderate,28.804734338538303,10.910888080461026,0.9607826233882899,10.658124919667758
47,Beginner,1.0237145374607064,Strength,32,Female,2,6,0.45896784930741324,28.477146532385532,102.55817375181444,25.03256184204624,Moderate,21.553617990381106,13.070094698381048,1.1376041163693218,12.767311054788717
47,Beginner,1.0237145374607064,Strength,32,Female,3,3,0.43457882271926035,24.92195715297768,106.55817375181444,21.572358759590557,Moderate,17.687555450950818,10.83055479940089,1.1552726466050136,10.579652650643297
47,Beginner,1.0237145374607064,Strength,32,Female,3,4,0.4366028137000999,25.959812818435452,105.55817375181444,20.852150733921526,Moderate,17.304196583310468,11.334127319656838,1.2449464760130708,11.071559339394984
47,Beginner,1.0237145374607064,Strength,32,Female,3,5,0.383572967716994,21.900132827603553,111.55817375181444,18.37124227106106,Moderate,27.34844178977521,8.400298942080259,1.192087683151053,8.205696440748502
47,Beginner,1.0237145374607064,Strength,32,Female,4,1,0.35900830067953843,20.199308384727146,104.55817375181444,16.344426022167337,Moderate,21.79880055429944,7.2517193781028455,1.2358529520387331,7.083725031751011
47,Beginner,1.0237145374607064,Strength,32,Female,4,2,0.335774748238786,20.0,112.55817375181444,15.0,Moderate,26.85966311600727,6.71549496477572,1.3333332444444503,6.559922868254292
48,Advanced,0.9665210570610695,Hypertrophy,26,Male,0,8,1.1068737157990827,86.435254639207,80.87939713429135,43.00788829402748,Moderate,15.806480445151994,95.67291147853895,2.0097534675157913,98.98678543297214
48,Advanced,0.9665210570610695,Hypertrophy,26,Male,0,9,1.0781179859081202,82.60089691839222,83.87939713429135,41.55160933829696,Moderate,17.993763485964696,89.05351261986128,1.987910847398886,92.1381069053393
48,Advanced,0.9665210570610695,Hypertrophy,26,Male,1,6,0.9125251446064776,68.74168489011446,81.87939713429135,36.189018084528286,Moderate,25.615327258024443,62.72851594484461,1.8995177716630418,64.90127719959641
48,Advanced,0.9665210570610695,Hypertrophy,26,Male,2,5,0.8243249113419404,53.50949334892207,94.87939713429135,29.913688160453745,Moderate,15.84101024851785,44.109208360802334,1.7887961950096833,45.63704267125205
48,Advanced,0.9665210570610695,Hypertrophy,26,Male,3,1,0.7244661080691747,47.525990258672955,94.87939713429135,29.255407564964564,Moderate,16.003786123289913,34.430969194834304,1.6245197927465869,35.62357314382406
48,Advanced,0.9665210570610695,Hypertrophy,26,Male,3,2,0.728467489266488,50.92903141856642,96.87939713429135,23.472818633116805,Moderate,15.539857076633002,37.10014364825716,2.169702328676049,38.38520122455208
48,Advanced,0.9665210570610695,Hypertrophy,26,Male,3,3,0.6871476824350169,46.72076541857577,96.87939713429135,24.206303991082407,Moderate,20.33056749538622,32.104065678964425,1.9301072772481254,33.21607142270933
48,Advanced,0.9665210570610695,Hypertrophy,26,Male,3,4,0.6084789838870097,37.851281341960366,99.87939713429135,23.270029615228044,Moderate,29.451591591671345,23.03170920977737,1.626610723803271,23.82947087603001
49,Beginner,1.1383189852792346,Endurance,18,Female,0,9,0.8068613815649854,35.13692920028255,120.05413208918489,38.67333447355137,Moderate,22.759722891820477,28.350631238491058,0.9085569881685701,24.90567819692328
49,Beginner,1.1383189852792346,Endurance,18,Female,1,5,0.8129404899680969,38.05642465353106,122.05413208918489,34.15391530335711,Moderate,18.199612371882502,30.937608504275502,1.1142623971878258,27.178305664805123
49,Beginner,1.1383189852792346,Endurance,18,Female,1,6,0.8068192785829785,34.339689470727585,117.05413208918489,37.217748520768644,Moderate,18.815546096718837,27.705923485535934,0.922669691555772,24.339310425740752
49,Beginner,1.1383189852792346,Endurance,18,Female,1,7,0.7552862963591149,33.06113825063606,125.05413208918489,34.74574874274696,Moderate,24.000941551323837,24.97062466273958,0.9515160413983424,21.936384308155837
49,Beginner,1.1383189852792346,Endurance,18,Female,2,3,0.7789930252174513,36.16733768177714,120.05413208918489,28.366241280477748,Moderate,19.0438049788993,28.174103794788696,1.2750133529906522,24.75060102531493
49,Beginner,1.1383189852792346,Endurance,18,Female,2,4,0.746767732086139,30.33443137672921,128.0541320891849,27.28114375720014,Moderate,22.3927914664515,22.652774523322687,1.1119192998205558,19.90018168552656
49,Beginner,1.1383189852792346,Endurance,18,Female,2,5,0.7031148136977846,34.058888958769096,130.0541320891849,29.72031143047472,Moderate,26.929384298333815,23.947309364998468,1.1459801789918491,21.037414500918295
49,Beginner,1.1383189852792346,Endurance,18,Female,2,6,0.6887992614743716,30.258627197047527,125.05413208918489,25.827774846973444,Moderate,28.417116023929,20.842120066554674,1.1715537325523637,18.309544184486946
49,Beginner,1.1383189852792346,Endurance,18,Female,3,3,0.5747495334680631,24.816109624662342,131.0541320891849,22.31344053403775,Moderate,17.123906824123207,14.263047429266992,1.112159663349418,12.529910406315329
49,Beginner,1.1383189852792346,Endurance,18,Female,4,1,0.4007602186847463,20.0,132.0541320891849,17.72592743276923,Moderate,18.646162108919178,8.015204373694926,1.1282906887419664,7.041257710791016
49,Beginner,1.1383189852792346,Endurance,18,Female,4,2,0.4038459204636042,20.0,139.0541320891849,15.126133690261845,Moderate,18.019768393691432,8.076918409272084,1.3222148559126565,7.095472726230651
44,Beginner,1.0076257789914758,Strength,31,Female,1,8,0.5830870740080334,24.60527416707806,100.55672301694133,27.626015164759895,High,39.51145346425405,14.347017319246998,0.8906558955273786,14.238424006165054
10,Intermediate,0.965530055413721,Endurance,23,Male,3,6,0.40984579721705783,24.002015382888693,123.60900750988625,21.323220369976454,High,41.19177638395388,9.837125129416101,1.125628016819449,10.188305258810123
45,Beginner,1.18560546903454,Endurance,27,Female,2,7,0.5833817698740148,20.0,125.47666083122172,24.65979671251452,High,38.76995596755477,11.667635397480296,0.8110366610935443,9.84106927738127
12,Advanced,0.9620004503267581,Hypertrophy,31,Female,4,4,0.35791676445233805,20.0,111.79701765766903,15.0,High,38.58235932740561,7.158335289046761,1.3333332444444503,7.441085755759855
10,Intermediate,0.965530055413721,Endurance,23,Male,1,9,0.7368637543611213,44.94864074688777,112.60900750988625,37.34305820523941,High,33.39397390766189,33.121024174180995,1.2036678757315433,34.303427102082125
3,Beginner,1.0293767882646523,Strength,22,Male,4,9,0.2,20.0,119.28014867156938,15.0,High,44.57137615110719,4.0,1.3333332444444503,3.885842540612119
5,Intermediate,0.7552748767923754,Strength,42,Male,2,7,0.5827746535788806,25.410215149025678,96.46691650205761,27.587333899070416,High,42.489286813033225,14.808429330838264,0.9210826359990976,19.60664941892363
47,Beginner,1.0237145374607064,Strength,32,Female,4,4,0.29439066612764475,20.0,110.55817375181444,15.0,High,35.8741757412722,5.887813322552895,1.3333332444444503,5.751415414830401
45,Beginner,1.18560546903454,Endurance,27,Female,3,6,0.4967608793806739,20.0,130.47666083122172,19.39301193330727,High,37.65839362140344,9.93521758761348,1.0312992658118758,8.37986114878734
49,Beginner,1.1383189852792346,Endurance,18,Female,3,7,0.3258237822783245,20.0,135.0541320891849,16.474005722845284,High,53.017791983096096,6.51647564556649,1.2140337403325843,5.724643096701822
16,Beginner,1.0207447175199866,Strength,25,Male,3,6,0.3669120061449934,20.0,107.15987783353704,22.00209710024489,High,37.346904881074686,7.338240122899869,0.9090042190011595,7.189097144320063
0,Intermediate,0.833217982292962,Strength,32,Male,1,9,0.5848219729527013,41.456456287722695,94.09560932988242,37.65781839445933,High,38.05383830951417,24.244646557813407,1.1008724603374742,29.09756867407628
18,Beginner,0.8990066322300064,Hypertrophy,24,Male,2,9,0.4982184716697881,24.102774554485958,115.12693282271981,24.62049922144048,High,36.077307766248516,12.008447501537452,0.9789717648992499,13.357447780226579
9,Beginner,0.8121409833380322,Strength,32,Female,2,8,0.3697071122062521,20.0,109.18369275866755,26.68220931895481,High,45.025533915222965,7.3941422441250415,0.7495630894488592,9.104494529064912
36,Advanced,1.110462061680402,Endurance,24,Female,4,7,0.2764270628956724,20.0,117.30555371460706,15.0,High,53.32337253966942,5.5285412579134485,1.3333332444444503,4.978590867801955
45,Beginner,1.18560546903454,Endurance,27,Female,3,8,0.381876436986441,20.0,134.47666083122172,17.197254444333506,High,52.07595543845914,7.63752873972882,1.1629762705298419,6.441875056525454
14,Beginner,0.8551502794715188,Strength,43,Male,2,9,0.28300974799396333,20.0,109.0103113550766,24.976081321680887,High,48.34533311454599,5.6601949598792665,0.8007660986382432,6.618939941687571
8,Intermediate,0.9755399554084354,Endurance,24,Male,3,9,0.419929032884674,20.806574729356452,111.53192666523107,16.74230536374441,High,49.78454730111781,8.737284803741352,1.2427543898260782,8.956348531859701
7,Beginner,1.157516589416337,Strength,23,Female,3,7,0.4725901158776051,27.104083006706045,118.51234611250892,19.064707423474427,High,35.044547086573125,12.809121728895436,1.4216888296771806,11.066027718295206
23,Intermediate,1.20864585370021,Strength,19,Male,4,8,0.2,21.578567474504005,113.40666640189394,15.0,High,56.432316426676685,4.315713494900801,1.4385710690621958,3.5706984895451197
2,Intermediate,0.7590330519613642,Strength,31,Male,2,5,0.4017023547313163,29.340288280495137,100.43570817536282,31.917680600803994,High,37.46073429438261,11.786062890770541,0.9192487301382212,15.52771296665155
12,Advanced,0.9620004503267581,Hypertrophy,31,Female,3,7,0.42854022141675463,20.0,104.79701765766903,18.088918042508663,High,54.68047654617615,8.570804428335093,1.1056492625678918,8.909346680739297
15,Advanced,1.1536748423298229,Strength,27,Male,2,6,0.6876672484592324,74.270994674065,83.30419132231759,28.661475926360968,High,36.15459301880179,51.07373054784458,2.591317776989899,44.27043427094938
45,Beginner,1.18560546903454,Endurance,27,Female,3,7,0.4621418185017683,20.0,127.47666083122172,15.846216042201446,High,42.00295446766032,9.242836370035366,1.2621308888257843,7.7958720801869195
41,Advanced,0.7129989497915796,Endurance,22,Male,1,8,0.9276283372238937,46.90265752628777,110.58088040765011,36.46704899342318,High,32.21390336888313,43.50823421249206,1.286165388610997,61.02137065396731
38,Intermediate,0.9337588884799567,Strength,31,Male,2,9,0.41386484626239545,31.693097966192447,97.50529364365697,26.038696006587323,High,52.9493808876803,13.116659117357274,1.2171537599663556,14.04714346716
48,Advanced,0.9665210570610695,Hypertrophy,26,Male,2,8,0.5694006218726533,36.50902113158855,97.87939713429135,28.043742514406116,High,41.86736268511205,20.78825933628836,1.301859757518956,21.508313425872345
12,Advanced,0.9620004503267581,Hypertrophy,31,Female,4,9,0.270529353388524,20.0,118.79701765766903,15.0,High,53.57782515935142,5.41058706777048,1.3333332444444503,5.624302401969034
17,Intermediate,1.073947968777169,Endurance,29,Female,2,8,0.5204047903778525,27.438615383002862,118.16924012894799,24.21769358706647,High,38.05133956970609,14.279186886650123,1.1329986545315727,13.29596405582366
0,Intermediate,0.833217982292962,Strength,32,Male,3,9,0.3565225211846887,24.811311362169302,107.09560932988242,16.616225322894934,High,57.33591442466852,8.845791280738913,1.493197726127661,10.616406333417773
4,Intermediate,0.8685521998038728,Strength,30,Male,1,7,0.5427971845867597,47.28953486750521,92.97705142498316,38.86396382305086,High,36.0944741376167,25.668626386499238,1.2167964612673026,29.553315090308168
6,Intermediate,0.8393118775460912,Strength,30,Female,4,9,0.21650254821742115,20.0,123.96955986618076,15.0,High,60.50853997316396,4.330050964348423,1.3333332444444503,5.159042688595751
20,Intermediate,1.2198364576547065,Hypertrophy,26,Female,4,4,0.30166064891617456,21.764076337788463,123.79882480975886,15.0,High,37.60277937679319,6.565365391118427,1.4509383257900093,5.38216411532499
5,Intermediate,0.7552748767923754,Strength,42,Male,2,8,0.4879069716904239,22.089828050478335,104.46691650205761,27.241650642905515,High,51.851238315718064,10.777781109271064,0.8108843156810259,14.269992515905372
44,Beginner,1.0076257789914758,Strength,31,Female,4,8,0.20185252060949962,20.0,120.55672301694133,15.0,High,49.59414400881748,4.037050412189992,1.3333332444444503,4.006493769677935
29,Beginner,0.9068899380096165,Hypertrophy,24,Male,4,6,0.2,20.0,116.32556653643316,15.0,High,51.792034990268974,4.0,1.3333332444444503,4.410673690023778
44,Beginner,1.0076257789914758,Strength,31,Female,3,8,0.356362605113207,20.0,112.55672301694133,16.390606172743407,High,58.42203293059642,7.12725210226414,1.2202110507082857,7.073305563988424
27,Intermediate,0.849802801870305,Hypertrophy,22,Male,4,4,0.2842994437116254,20.0,111.46905469457332,15.0,High,49.149000027617895,5.685988874232509,1.3333332444444503,6.690943087943834
49,Beginner,1.1383189852792346,Endurance,18,Female,4,3,0.2553903219605622,20.0,138.0541320891849,15.07555210295396,High,48.15607467248513,5.107806439211244,1.3266511592255363,4.4871446563931485
37,Beginner,0.9734386164236759,Hypertrophy,31,Male,2,5,0.46290379639556317,39.00999406816122,94.27751822790157,33.66680194981611,High,30.32071946960159,18.05787435152023,1.158708004627279,18.550585004813275
19,Intermediate,0.8216554870697557,Endurance,29,Male,3,8,0.3529452029202809,20.0,120.04559104152717,18.042839249669505,High,58.48915341828186,7.058904058405618,1.10847293016222,8.59106472046431
37,Beginner,0.9734386164236759,Hypertrophy,31,Male,2,7,0.43297445618958685,38.409669910875394,104.27751822790157,28.110133082794206,High,34.82587779524185,16.63040594208281,1.3663993845687623,17.084167997170006
1,Intermediate,0.9333251883671226,Strength,18,Male,2,8,0.5701522287181031,37.91596662706692,95.32876454424816,24.83692896895414,High,42.42565916258075,21.617872876423423,1.5265963496479402,23.162183967262752
21,Intermediate,0.7976572398541362,Endurance,27,Male,4,4,0.23314752350898849,20.0,117.05925809477094,15.0,High,40.183675410036344,4.662950470179769,1.3333332444444503,5.845799914299713
21,Intermediate,0.7976572398541362,Endurance,27,Male,2,8,0.3937321964101349,28.310305929115557,112.05925809477094,25.653284157989678,High,48.800628012954064,11.146678934513533,1.103574289014534,13.974254107312765
28,Beginner,0.9584665966346795,Strength,24,Male,2,7,0.3628304299191347,20.0,103.88781974009713,28.258684573093664,High,53.762696269248366,7.2566085983826945,0.7077470021833882,7.571052609250133
0,Intermediate,0.833217982292962,Strength,32,Male,4,4,0.28705462090144135,20.0,102.09560932988242,15.344420654771113,High,45.323614520991484,5.741092418028827,1.3034052667459974,6.890256391218705
48,Advanced,0.9665210570610695,Hypertrophy,26,Male,4,1,0.42869552811515504,28.10058467587094,103.87939713429135,19.141631248983074,High,32.72575612028286,12.046594987967126,1.468034925671703,12.46385936043461
48,Advanced,0.9665210570610695,Hypertrophy,26,Male,4,8,0.2568269822326331,20.0,117.87939713429135,15.0,High,59.69670802591435,5.136539644652663,1.3333332444444503,5.3144567235966464
45,Beginner,1.18560546903454,Endurance,27,Female,4,4,0.3351707296571848,20.0,135.47666083122172,15.0,High,46.178041379897536,6.703414593143696,1.3333332444444503,5.653996303345413
7,Beginner,1.157516589416337,Strength,23,Female,2,5,0.5315548293937442,33.19111100378084,107.51234611250892,32.322017210277764,High,35.377360666898376,17.64289534700355,1.026888568277173,15.242010582232057
25,Intermediate,0.7294894398659109,Endurance,38,Male,4,6,0.23912915903163182,20.0,124.06375317010524,15.0,High,53.51367497087559,4.782583180632637,1.3333332444444503,6.556060119871801
35,Intermediate,0.8947243672464342,Strength,19,Male,3,6,0.41782094762526567,45.021315888272376,100.70290958591977,22.502920960723674,High,37.441004540544824,18.810848867774393,2.000687553680897,21.02415954257092
8,Intermediate,0.9755399554084354,Endurance,24,Male,3,7,0.4809630523101329,23.46595313009177,112.53192666523107,19.636769263340753,High,42.486049994494344,11.286256442815455,1.195000644983844,11.56922872406743
49,Beginner,1.1383189852792346,Endurance,18,Female,4,5,0.20618087277104052,20.0,141.0541320891849,15.0,High,58.1455331202632,4.123617455420811,1.3333332444444503,3.6225468310734006
40,Intermediate,1.057182432191474,Endurance,35,Male,4,4,0.488187926665727,20.451179004047653,130.0,15.348343852830167,High,31.263164067788335,9.98401867585567,1.3324680413521297,9.443979513715455
44,Beginner,1.0076257789914758,Strength,31,Female,4,9,0.2,20.0,127.55672301694133,15.0,High,50.0567485221581,4.0,1.3333332444444503,3.9697237939662173
46,Beginner,0.9303397327885133,Strength,41,Female,2,8,0.3710268210927064,21.002119560982052,105.60632072590371,24.179518805978226,High,44.7894693088799,7.792349656920117,0.868591259442192,8.375801878053949
28,Beginner,0.9584665966346795,Strength,24,Male,4,5,0.21659655456552912,20.0,109.88781974009713,15.0,High,59.731502553148154,4.331931091310582,1.3333332444444503,4.519642715643834
43,Intermediate,0.9951094359398727,Hypertrophy,21,Male,3,6,0.3449731321840126,23.302263353526474,107.90419751209178,20.049088696715664,High,53.340568410656964,8.038654776042762,1.1622604171073028,8.078153424700371
12,Advanced,0.9620004503267581,Hypertrophy,31,Female,3,6,0.6323846688227007,29.127208783208733,105.79701765766903,18.974065004620122,High,33.12326265245048,18.419600280099115,1.5351063275586978,19.147164771781398
13,Beginner,1.0978969610765617,Endurance,20,Male,2,6,0.42179739114212417,33.15273527596471,106.14999772290562,30.319826766510808,High,35.58018281891176,13.983737248627383,1.0934341557369576,12.736827778526344
30,Advanced,1.2799937617940123,Strength,42,Male,3,8,0.4253729246609774,85.7496465736682,102.17749103702971,18.597761230766217,High,46.7516130479874,36.475577951686404,4.610750772574823,28.496661893024505
17,Intermediate,1.073947968777169,Endurance,29,Female,1,7,0.5625839429989901,29.88018487965394,112.16924012894799,30.80937986184715,High,36.80954571070596,16.810112227134518,0.9698404850665504,15.652617317818207
26,Intermediate,0.9581492079931055,Strength,30,Female,1,9,0.6697930308942731,42.44770442087267,98.74592996378966,32.131288290687316,High,39.351523810267494,28.43117659856054,1.321070687106707,29.672984842440403
4,Intermediate,0.8685521998038728,Strength,30,Male,4,7,0.2,20.0,111.97705142498316,15.0,High,43.9121380301278,4.0,1.3333332444444503,4.6053598108938365
38,Intermediate,0.9337588884799567,Strength,31,Male,4,5,0.29826615492909336,22.538875634415845,111.50529364365697,15.0,High,41.00064715130331,6.722583771902244,1.5025916087882825,7.199477997331586
14,Beginner,0.8551502794715188,Strength,43,Male,3,7,0.2089033403853239,20.0,106.0103113550766,20.340233012535464,High,50.046120770809665,4.178066807706478,0.9832728565302749,4.885763382460834
32,Advanced,0.7947734188111895,Strength,27,Male,4,9,0.2,20.0,116.56666168173585,15.0,High,55.10845599564664,4.0,1.3333332444444503,5.03287461866618
25,Intermediate,0.7294894398659109,Endurance,38,Male,1,9,0.7302951222322025,31.735775482241394,106.06375317010524,34.29712083448544,High,38.360065267179536,23.176482034937212,0.9253189126304868,31.77078240970139
20,Intermediate,1.2198364576547065,Hypertrophy,26,Female,4,6,0.2326961657528122,20.0,121.79882480975886,15.0,High,51.86778903771692,4.653923315056244,1.3333332444444503,3.815199546342844
23,Intermediate,1.20864585370021,Strength,19,Male,3,6,0.38533353297740974,45.89825500335469,100.40666640189394,20.058435144540415,High,38.55555561377482,17.686136757940737,2.2882269920054292,14.63300607931551
15,Advanced,1.1536748423298229,Strength,27,Male,1,9,0.7130816782965617,73.48689420365261,77.30419132231759,35.29077033691273,High,38.66580422740892,52.40215785154247,2.0823260988571333,45.42190789547736
0,Intermediate,0.833217982292962,Strength,32,Male,1,8,0.6155147347567899,44.120409982057964,92.09560932988242,36.16768633372908,High,34.80276554997987,27.15676244746723,1.2198847433883995,32.59258733248451
10,Intermediate,0.965530055413721,Endurance,23,Male,3,8,0.25400286510407666,20.0,126.60900750988625,19.635432148499998,High,63.553469642520376,5.080057302081533,1.0185667842793604,5.261412642915744
12,Advanced,0.9620004503267581,Hypertrophy,31,Female,4,7,0.25467786347038124,20.0,114.79701765766903,15.0,High,56.297902028082135,5.093557269407625,1.3333332444444503,5.294750093856431
5,Intermediate,0.7552748767923754,Strength,42,Male,2,6,0.6983093917396969,30.89741984338841,93.46691650205761,30.992551410778983,High,31.08782117156525,21.5759584571626,0.9969304700648828,28.56699004977463
38,Intermediate,0.9337588884799567,Strength,31,Male,2,7,0.5497049271914675,43.66366120763447,94.50529364365697,27.2834547412955,High,37.50627194595528,24.00212970505561,1.6003713613721715,25.70481983770801
38,Intermediate,0.9337588884799567,Strength,31,Male,3,8,0.3153245986061806,22.7912926026561,106.50529364365697,19.472817843447967,High,59.9821021359495,7.186655191648548,1.170415684852155,7.6964702385615595
34,Intermediate,1.0856711863057111,Strength,24,Female,4,6,0.2,20.0,112.06238518786503,15.0,High,52.41048316215136,4.0,1.3333332444444503,3.6843533899593264
28,Beginner,0.9584665966346795,Strength,24,Male,1,7,0.6695446604044489,26.98601544736057,95.88781974009713,35.50923761431199,High,32.308932883348696,18.068342548372243,0.7599716721744595,18.851281578858636
15,Advanced,1.1536748423298229,Strength,27,Male,4,3,0.33746433771270967,32.9966201317429,93.30419132231759,15.160182559537418,High,38.2780709541574,11.135182559516482,2.176531702413617,9.651916206400948
9,Beginner,0.8121409833380322,Strength,32,Female,4,6,0.20601529747179115,20.0,122.18369275866755,15.0,High,55.114805543841726,4.1203059494358225,1.3333332444444503,5.073381297812868
4,Intermediate,0.8685521998038728,Strength,30,Male,2,9,0.3804023582498609,32.60553681392941,105.97705142498316,27.501068876564794,High,39.3577829162002,12.403223096021405,1.185609758466685,14.2803262929918
20,Intermediate,1.2198364576547065,Hypertrophy,26,Female,3,9,0.24740388589611204,20.0,118.79882480975886,15.0,High,64.69937997037515,4.94807771792224,1.3333332444444503,4.0563418403592495
24,Intermediate,1.0168633682422321,Strength,27,Female,0,9,0.7031852992455881,42.093965790591355,85.72571598727212,40.141816609092125,High,35.89086889367939,29.599857930890533,1.0486312852225474,29.108953814614743
37,Beginner,0.9734386164236759,Hypertrophy,31,Male,4,6,0.2,20.0,117.27751822790157,15.0,High,41.011981865548364,4.0,1.3333332444444503,4.109140343697555
6,Intermediate,0.8393118775460912,Strength,30,Female,3,9,0.20954259535878958,20.0,115.96955986618076,15.526291576583127,High,69.19570365380595,4.190851907175792,1.2881375190729147,4.993193860469095
36,Advanced,1.110462061680402,Endurance,24,Female,2,9,0.5664420946824814,35.24441454708102,109.30555371460706,23.42832442272624,High,51.98595633719457,19.963920001906292,1.504350563309693,17.97801357903432
15,Advanced,1.1536748423298229,Strength,27,Male,4,7,0.24773818292126437,23.729314935836673,102.30419132231759,15.0,High,54.688905346704544,5.878657364170596,1.5819542235921633,5.095588508032532
33,Intermediate,1.1584151877504985,Hypertrophy,36,Female,4,9,0.2,20.0,129.07936245061157,15.0,High,56.84179827007148,4.0,1.3333332444444503,3.4529904211434643
8,Intermediate,0.9755399554084354,Endurance,24,Male,1,8,0.7258254582712309,37.57642904868047,99.53192666523107,32.871201878959376,High,35.17797759213158,27.273928834454892,1.1431412834829016,27.957748655499508
16,Beginner,1.0207447175199866,Strength,25,Male,3,8,0.25671001300857776,20.0,110.15987783353704,18.096533797246103,High,56.164757234324036,5.134200260171555,1.1051839605803184,5.029852363863604
43,Intermediate,0.9951094359398727,Hypertrophy,21,Male,4,8,0.2017734350606592,20.0,114.90419751209178,15.0,High,44.000151150415654,4.035468701213184,1.3333332444444503,4.055297337326908
5,Intermediate,0.7552748767923754,Strength,42,Male,3,7,0.4481750271097266,20.0,111.46691650205761,18.86491586222738,High,39.6865650207329,8.963500542194533,1.0601689976193511,11.86784963960737
21,Intermediate,0.7976572398541362,Endurance,27,Male,3,9,0.2648626765552327,20.0,117.05925809477094,17.014234685921675,High,59.256303137990166,5.297253531104654,1.1754862439427047,6.641006469228396
21,Intermediate,0.7976572398541362,Endurance,27,Male,3,6,0.3496750876663933,25.399908958071435,114.05925809477094,19.88983086261647,High,46.20965113933198,8.881715391632039,1.2770298478898314,11.13473784619362
2,Intermediate,0.7590330519613642,Strength,31,Male,2,8,0.36221379692026284,24.167083602781638,111.43570817536282,28.89265652871614,High,43.608533479998336,8.753651112252962,0.8364437774116901,11.53261976802397
31,Advanced,0.905313829563895,Strength,34,Female,4,4,0.37780510455931365,29.71381053805136,109.64909681133815,15.0,High,34.88560570184626,11.22602929718413,1.980920570475386,12.400138527049085
17,Intermediate,1.073947968777169,Endurance,29,Female,1,8,0.5872174059664604,31.867139526600166,115.16924012894799,32.69829509229652,High,34.0426702337147,18.712939008381408,0.9745810435091092,17.424421040869877
20,Intermediate,1.2198364576547065,Hypertrophy,26,Female,2,8,0.3934903252873332,30.81028039555866,109.79882480975886,26.091578964690015,High,48.81847056928619,12.123547255042322,1.1808514638536458,9.938657957226033
30,Advanced,1.2799937617940123,Strength,42,Male,3,9,0.3067849981594933,53.41742766781619,107.17749103702971,15.623711189321163,High,61.59650662747559,16.387665448755858,3.418997164088001,12.802916025833786
29,Beginner,0.9068899380096165,Hypertrophy,24,Male,3,6,0.3279431582893135,20.0,102.32556653643316,19.207590359414326,High,50.75962825117145,6.55886316578627,1.0412549718368143,7.2322513004498905
48,Advanced,0.9665210570610695,Hypertrophy,26,Male,2,7,0.6029295837082089,38.86629493689682,99.87939713429135,28.144231566584647,High,38.44424212103406,23.43363902658367,1.3809683687393333,24.245322551498706
0,Intermediate,0.833217982292962,Strength,32,Male,3,8,0.4223964409693164,29.80115148158197,102.09560932988242,19.374823595229092,High,49.4529606591251,12.587900322607695,1.5381378724285475,15.107553464476588
38,Intermediate,0.9337588884799567,Strength,31,Male,2,6,0.5883669928427948,49.1782421921594,94.50529364365697,30.14937972845496,High,33.110938199965204,28.93485447189548,1.631152647382406,30.987467794314632
21,Intermediate,0.7976572398541362,Endurance,27,Male,4,8,0.2,20.0,122.05925809477094,15.0,High,48.688003466905734,4.0,1.3333332444444503,5.014678969192947
36,Advanced,1.110462061680402,Endurance,24,Female,2,8,0.6337040675167855,40.68087808049287,106.30555371460706,23.406428558388306,High,46.28454514118695,25.779637909762773,1.7380215115258282,23.21521426453563
16,Beginner,1.0207447175199866,Strength,25,Male,4,6,0.22375116002666254,20.0,115.15987783353704,15.0,High,51.278744576749055,4.475023200533251,1.3333332444444503,4.38407247145333
39,Intermediate,0.8988570935172121,Strength,18,Male,4,9,0.2,20.0,113.0594535110225,15.0,High,51.74957506245311,4.0,1.3333332444444503,4.450090652628033
16,Beginner,1.0207447175199866,Strength,25,Male,2,9,0.4385048128775727,20.0,107.15987783353704,24.86596366910109,High,46.113855482345635,8.770096257551454,0.8043122503448407,8.591852120486347
30,Advanced,1.2799937617940123,Strength,42,Male,1,8,0.5711121374302492,114.18914093955509,88.17749103702971,32.708625440154016,High,37.50657348816453,65.21480435331328,3.4911016868434848,50.94927440320902
48,Advanced,0.9665210570610695,Hypertrophy,26,Male,3,5,0.5052653975614295,33.385222583398104,100.87939713429135,23.19777308306157,High,41.41840463568183,16.868397761277457,1.4391562942142433,17.452677502849404
27,Intermediate,0.849802801870305,Hypertrophy,22,Male,4,5,0.24106233934258173,20.0,105.46905469457332,15.453363437146841,High,56.88257123821192,4.821246786851635,1.2942165494993405,5.673364576906708
13,Beginner,1.0978969610765617,Endurance,20,Male,0,9,0.4825361580742432,37.661875598454934,94.14999772290562,43.30387280741167,High,38.63183972603939,18.173216757148534,0.8697114665988362,16.55273750515803
30,Advanced,1.2799937617940123,Strength,42,Male,3,6,0.5122189154496384,99.09784623614355,95.17749103702971,19.933465868240095,High,35.88019022193142,50.75979132247248,4.97143055401144,39.65624925787093
23,Intermediate,1.20864585370021,Strength,19,Male,4,4,0.28989203603311,35.4588501166827,103.40666640189394,15.0,High,36.85037751841512,10.279238255718026,2.363923183517301,8.504749111991371
40,Intermediate,1.057182432191474,Endurance,35,Male,2,8,0.7518503677769048,32.21665374996492,121.0,25.954908613668955,High,37.540993482067826,24.222102970452326,1.2412547078568235,22.91192070636356
39,Intermediate,0.8988570935172121,Strength,18,Male,3,7,0.21634253190631622,20.0,103.0594535110225,18.93076032314849,High,60.56095456229197,4.3268506381263245,1.05648154654742,4.813719395010899
31,Advanced,0.905313829563895,Strength,34,Female,4,2,0.39397287524616803,30.002133826563767,107.64909681133815,16.733941344867645,High,32.099103924285735,11.820026927171645,1.7928909523084091,13.056261248769719
38,Intermediate,0.9337588884799567,Strength,31,Male,4,7,0.2132391300159193,20.0,114.50529364365697,15.0,High,57.819650452968084,4.2647826003183855,1.3333332444444503,4.567322555759932
7,Beginner,1.157516589416337,Strength,23,Female,4,4,0.35045465089169575,20.0,119.51234611250892,15.0,High,30.795130373018072,7.009093017833915,1.3333332444444503,6.0552799213774
24,Intermediate,1.0168633682422321,Strength,27,Female,2,8,0.45389213763314445,25.899473819985094,97.72571598727212,23.946429605941344,High,48.43459044508573,11.755567535726696,1.0815588446638549,11.56060523199132
41,Advanced,0.7129989497915796,Endurance,22,Male,4,8,0.28759661311180434,20.0,129.5808804076501,15.0,High,58.45770904768601,5.751932262236087,1.3333332444444503,8.067226742326506
49,Beginner,1.1383189852792346,Endurance,18,Female,4,8,0.20435210345471724,20.0,146.0541320891849,15.0,High,58.51677107144663,4.087042069094345,1.3333332444444503,3.5904158074601287
0,Intermediate,0.833217982292962,Strength,32,Male,3,7,0.4728140263070042,33.724008682640076,102.09560932988242,22.006920649971768,High,43.41962462133128,15.945184328451422,1.5324273525862868,19.136847176202537
2,Intermediate,0.7590330519613642,Strength,31,Male,1,6,0.5398980002684284,45.048067796105485,97.43570817536282,36.85003550056834,High,33.61565054390775,24.321361719073938,1.22247009973547,32.042517270769196
37,Beginner,0.9734386164236759,Hypertrophy,31,Male,4,5,0.2,20.0,118.27751822790157,15.0,High,41.011981865548364,4.0,1.3333332444444503,4.109140343697555
39,Intermediate,0.8988570935172121,Strength,18,Male,2,8,0.4333549566950935,40.387248306277755,93.0594535110225,24.118706718719558,High,40.47085716979646,17.502014240800985,1.6745195794603658,19.471387493787795
48,Advanced,0.9665210570610695,Hypertrophy,26,Male,3,9,0.2504951631691045,20.0,106.87939713429135,16.65082184953356,High,70.95703295671017,5.009903263382089,1.2011418403001182,5.183433970059453
21,Intermediate,0.7976572398541362,Endurance,27,Male,2,7,0.44327169281649353,30.62025441188591,103.05925809477094,28.230380337782204,High,42.35870853650358,13.573092007628372,1.0846560677133048,17.016174759393717
13,Beginner,1.0978969610765617,Endurance,20,Male,0,8,0.5466266104866035,43.5927699301803,97.14999772290562,42.83618883885715,High,30.48092069155902,23.828968068656792,1.0176621705658064,21.70417371509727
27,Intermediate,0.849802801870305,Hypertrophy,22,Male,3,8,0.22317464092667696,20.0,109.46905469457332,17.653059392930075,High,68.41568492103058,4.463492818533539,1.1329480302469173,5.252380383224911
11,Beginner,0.8656665859680498,Hypertrophy,37,Female,2,8,0.36080037457629877,20.0,117.96248279515736,22.65865302079113,High,53.81545178080037,7.216007491525975,0.8826649624310604,8.335771846483697
17,Intermediate,1.073947968777169,Endurance,29,Female,0,8,0.7599710167564386,40.6817616620799,106.16924012894799,39.978894214708376,High,31.048012257574737,30.916959773773968,1.0175809372319258,28.788108813938305
45,Beginner,1.18560546903454,Endurance,27,Female,1,9,0.7599354047434306,22.664552765313175,121.47666083122172,32.76529699192937,High,32.71430386447231,17.223596079037108,0.6917242983993562,14.527245362504292
8,Intermediate,0.9755399554084354,Endurance,24,Male,1,9,0.733586469141128,36.05860466917527,96.53192666523107,34.557320551672454,High,34.48485720790804,26.452104481416075,1.0434432719346607,27.115319284920457
32,Advanced,0.7947734188111895,Strength,27,Male,1,9,0.5579949372604686,55.97245004019866,89.56666168173585,34.40146624950979,High,39.584785970128806,31.23234374849536,1.627036708470516,39.29711753331491
0,Intermediate,0.833217982292962,Strength,32,Male,3,6,0.4116458117924889,29.563381669518247,101.09560932988242,20.668167475316306,High,50.73945936799971,12.169642246680024,1.4303822665673238,14.60557489123687
47,Beginner,1.0237145374607064,Strength,32,Female,4,8,0.2,20.0,120.55817375181444,15.0,High,56.43487947343853,4.0,1.3333332444444503,3.907335440001108
28,Beginner,0.9584665966346795,Strength,24,Male,2,8,0.3112892589412726,20.0,101.88781974009713,28.246094408811935,High,60.330846514179996,6.2257851788254515,0.7080624670608667,6.495561457356615
10,Intermediate,0.965530055413721,Endurance,23,Male,4,8,0.22392505652685937,20.0,137.60900750988625,15.0,High,47.97300553981091,4.478501130537188,1.3333332444444503,4.638381236342721
11,Beginner,0.8656665859680498,Hypertrophy,37,Female,1,9,0.5009798136376138,20.416308677331493,110.96248279515736,30.205799914635083,High,43.79179173597085,10.228158516337528,0.6759068807687049,11.815341918918783
45,Beginner,1.18560546903454,Endurance,27,Female,2,9,0.505415303948211,20.0,121.47666083122172,22.92535716252941,High,46.953088160256065,10.108306078964219,0.8723964030664179,8.525852669474375
43,Intermediate,0.9951094359398727,Hypertrophy,21,Male,3,4,0.4629057403600885,33.05848510524694,105.90419751209178,23.781462166678295,High,37.38956252069905,15.302962522827293,1.390094666318398,15.378154996810766
44,Beginner,1.0076257789914758,Strength,31,Female,3,4,0.5937229599479014,25.529027500782735,110.55672301694133,21.477737568819983,High,30.72843973283717,15.1571697723561,1.1886273510119056,15.042444373626882
46,Beginner,0.9303397327885133,Strength,41,Female,4,8,0.32814615661015295,20.0,114.60632072590371,15.0,High,41.63974823508214,6.562923132203059,1.3333332444444503,7.054322035897522
37,Beginner,0.9734386164236759,Hypertrophy,31,Male,1,6,0.5209883517096998,43.04603022098455,91.27751822790157,39.98338504871861,High,30.852783088635245,22.426480332476665,1.0765979191590775,23.038388775329906
29,Beginner,0.9068899380096165,Hypertrophy,24,Male,4,5,0.24060603054337906,20.0,111.32556653643316,15.0,High,42.00436449217254,4.812120610867582,1.3333332444444503,5.306173442893697
6,Intermediate,0.8393118775460912,Strength,30,Female,4,3,0.3182924942972388,20.0,108.96955986618076,15.0,High,41.9413978316866,6.365849885944776,1.3333332444444503,7.584596943819908
36,Advanced,1.110462061680402,Endurance,24,Female,4,5,0.2648133353532854,20.0,113.30555371460706,15.0,High,55.28443101289993,5.2962667070657075,1.3333332444444503,4.769421775318814
2,Intermediate,0.7590330519613642,Strength,31,Male,3,8,0.2,20.0,113.43570817536282,16.770424451364523,High,64.63905839146422,4.0,1.1925755883773779,5.269855798516408
28,Beginner,0.9584665966346795,Strength,24,Male,3,5,0.45371085828041535,20.0,102.88781974009713,23.51207239433421,High,35.82670235058465,9.074217165608307,0.8506268105142727,9.46742195298956
7,Beginner,1.157516589416337,Strength,23,Female,4,5,0.21387811943974805,20.0,120.51234611250892,15.0,High,57.76512785825163,4.277562388794961,1.3333332444444503,3.6954621060677497
49,Beginner,1.1383189852792346,Endurance,18,Female,1,8,0.6787167690767181,30.670609097887652,124.05413208918489,33.89835986080677,High,31.705585482206878,20.8166567125333,0.9047814796658491,18.28717494354357
48,Advanced,0.9665210570610695,Hypertrophy,26,Male,4,4,0.3610348219709312,22.11572976122432,107.87939713429135,15.0,High,43.343601531998225,7.9845485571008465,1.4743818857894957,8.26111364843518
18,Beginner,0.8990066322300064,Hypertrophy,24,Male,4,6,0.2,20.0,124.12693282271981,15.0,High,61.64778542336129,4.0,1.3333332444444503,4.449350435521798
23,Intermediate,1.20864585370021,Strength,19,Male,1,6,0.6043995147710713,86.51547594970532,80.40666640189394,38.745359729935075,High,33.38879763003367,52.28991168419019,2.232924776536215,43.26318438186251
28,Beginner,0.9584665966346795,Strength,24,Male,1,9,0.6035558855565895,25.2702946446625,101.88781974009713,34.2082874754959,High,38.980408068400244,15.252035062535215,0.7387184735291311,15.912937605911093
9,Beginner,0.8121409833380322,Strength,32,Female,3,7,0.28014057060637987,20.0,113.18369275866755,17.089553147594366,High,39.501938803493346,5.602811412127597,1.1703055461406129,6.898807754155443
27,Intermediate,0.849802801870305,Hypertrophy,22,Male,4,6,0.23306591071481278,20.0,109.46905469457332,15.0,High,58.31284625606349,4.661318214296256,1.3333332444444503,5.485169875725803
22,Beginner,1.0206059258197335,Endurance,23,Female,4,3,0.3211480267880425,20.0,124.41615151804841,15.0,High,33.06396097769491,6.42296053576085,1.3333332444444503,6.293275474886712
34,Intermediate,1.0856711863057111,Strength,24,Female,4,5,0.23658970475339347,20.0,110.06238518786503,15.0,High,43.70405130988372,4.731794095067869,1.3333332444444503,4.358400403688207
13,Beginner,1.0978969610765617,Endurance,20,Male,4,9,0.2,20.0,129.14999772290562,15.0,High,46.80987553590711,4.0,1.3333332444444503,3.6433258297316953
0,Intermediate,0.833217982292962,Strength,32,Male,4,3,0.3353157230905748,21.233917181740676,99.09560932988242,15.0,High,36.13113882194716,7.120066293840755,1.415594384409753,8.54525214277622
39,Intermediate,0.8988570935172121,Strength,18,Male,1,8,0.553404657413362,57.22279006912731,85.0594535110225,33.72261483791249,High,38.39969419958411,31.667358534442133,1.6968668843534633,35.230654051885374
12,Advanced,0.9620004503267581,Hypertrophy,31,Female,2,9,0.7356227723663523,33.94069995852169,100.79701765766903,21.307720054065303,High,33.47507834456142,24.967551799542264,1.592882686628101,25.953756921116558
47,Beginner,1.0237145374607064,Strength,32,Female,2,9,0.3479537023330259,21.38722514791273,106.55817375181444,23.18511005625003,High,40.52805856430412,7.4417641728462325,0.9224551521890321,7.2693672221731545
44,Beginner,1.0076257789914758,Strength,31,Female,3,3,0.588820135981005,24.158879414390682,108.55672301694133,21.927119664894537,High,31.300467915698672,14.225234661930225,1.1017807483072415,14.117563128054348
32,Advanced,0.7947734188111895,Strength,27,Male,4,7,0.20533937954721582,20.0,112.56666168173585,15.0,High,53.90999103614773,4.106787590944316,1.3333332444444503,5.167236757679219
41,Advanced,0.7129989497915796,Endurance,22,Male,3,6,0.724607391187561,36.653324387021854,122.58088040765011,18.609784599949272,High,37.039439356495244,26.559269762431313,1.9695726310313733,37.25003034038779
19,Intermediate,0.8216554870697557,Endurance,29,Male,2,9,0.5521067177957693,22.626941457727142,110.04559104152717,24.538329070699508,High,45.41803735028138,12.49248638198275,0.9221060028345328,15.204025743816933
27,Intermediate,0.849802801870305,Hypertrophy,22,Male,4,7,0.2253521476301735,20.0,116.46905469457332,15.0,High,59.69256252030573,4.50704295260347,1.3333332444444503,5.303627664037356
5,Intermediate,0.7552748767923754,Strength,42,Male,1,8,0.7619480632141513,36.15707469858769,90.46691650205761,35.90492540873416,High,35.60294477150674,27.549813038078288,1.0070226655524408,36.47649009403183
31,Advanced,0.905313829563895,Strength,34,Female,4,7,0.2502098314829601,20.0,113.64909681133815,15.0,High,56.87654447268524,5.004196629659202,1.3333332444444503,5.527576116332709
15,Advanced,1.1536748423298229,Strength,27,Male,4,5,0.24768274485517985,23.042003684926932,101.30419132231759,15.0,High,54.6990449199836,5.707106719645871,1.5361334765862305,4.946889334286913
45,Beginner,1.18560546903454,Endurance,27,Female,1,8,0.7551293034429064,23.623100208425534,113.47666083122172,29.695749341489957,High,33.139842495367944,17.838495205550352,0.7955044050670136,15.045882146777211
14,Beginner,0.8551502794715188,Strength,43,Male,2,8,0.34154638648090085,24.082425010444513,104.0103113550766,26.693410078689656,High,37.661282183192554,8.225265240014595,0.9021861214908726,9.618491414873152
4,Intermediate,0.8685521998038728,Strength,30,Male,4,6,0.2,20.0,115.97705142498316,15.0,High,43.9121380301278,4.0,1.3333332444444503,4.6053598108938365
5,Intermediate,0.7552748767923754,Strength,42,Male,3,8,0.3957082274282741,20.0,107.46691650205761,18.31728084142381,High,46.747317449454826,7.914164548565482,1.0918650579897062,10.478508306364295
1,Intermediate,0.9333251883671226,Strength,18,Male,4,9,0.22762824389207567,20.0,112.32876454424816,15.0,High,61.949757459447596,4.5525648778415135,1.3333332444444503,4.877785424414522
32,Advanced,0.7947734188111895,Strength,27,Male,4,6,0.22673192834764122,20.0,115.56666168173585,15.0,High,49.10826830694987,4.534638566952824,1.3333332444444503,5.705566837110412
16,Beginner,1.0207447175199866,Strength,25,Male,4,9,0.2,20.0,121.15987783353704,15.0,High,56.450500263377194,4.0,1.3333332444444503,3.9187036804018516
1,Intermediate,0.9333251883671226,Strength,18,Male,3,8,0.4505238069318199,26.720774356209542,103.32876454424816,17.79699503533101,High,48.58322476005414,12.038344987125672,1.5014204814769212,12.898325512741751
3,Beginner,1.0293767882646523,Strength,22,Male,3,9,0.203348871531731,20.0,114.28014867156938,15.649665522711134,High,63.91824433982245,4.06697743063462,1.277982503395556,3.950908477917345
18,Beginner,0.8990066322300064,Hypertrophy,24,Male,3,7,0.3415791317641677,20.0,115.12693282271981,19.380997909749446,High,47.107910162310326,6.831582635283354,1.0319385545158444,7.599026293400287
17,Intermediate,1.073947968777169,Endurance,29,Female,1,9,0.622405812774425,34.89640482195641,117.16924012894799,31.83292194635161,High,30.090244218747976,21.719725206115143,1.0962362733943005,20.224168780427142
24,Intermediate,1.0168633682422321,Strength,27,Female,4,5,0.36394739267827264,20.275086672154334,112.72571598727212,15.0,High,30.721479683401565,7.379064930656566,1.3516723546987988,7.256685513931553
47,Beginner,1.0237145374607064,Strength,32,Female,2,7,0.35905995220545595,21.790197979614074,107.55817375181444,26.15983702294998,High,38.629788083045696,7.823987445107652,0.832963795895738,7.642735856598214
17,Intermediate,1.073947968777169,Endurance,29,Female,4,9,0.20325289895117624,20.0,135.169240128948,15.0,High,53.83648707812681,4.065057979023525,1.3333332444444503,3.7851500371122144
40,Intermediate,1.057182432191474,Endurance,35,Male,3,5,0.6553895335391475,24.660252873646662,123.0,20.440457187558202,High,35.53235996391722,16.162071627816708,1.2064432532464944,15.287859358818897
31,Advanced,0.905313829563895,Strength,34,Female,3,5,0.4487073933501157,32.594247147413974,107.64909681133815,18.97888921101528,High,37.28040709081035,14.625279675725569,1.7173947888953165,16.154910091079373
15,Advanced,1.1536748423298229,Strength,27,Male,3,7,0.44364039101694225,46.46714867329248,96.30419132231759,20.48731680012349,High,48.12846458490638,20.614704006861864,2.268093321274705,17.86871428739543
35,Intermediate,0.8947243672464342,Strength,19,Male,2,6,0.4275662390100046,46.49997413954298,91.70290958591977,31.87836981190491,High,30.02152584525814,19.881819056906867,1.458668462510564,22.221141575648225
12,Advanced,0.9620004503267581,Hypertrophy,31,Female,1,9,0.9482970986374817,43.62660446760783,95.79701765766903,29.387617203496717,High,31.649828406913343,41.3709824400375,1.4845233174567671,43.00511441639223
23,Intermediate,1.20864585370021,Strength,19,Male,4,7,0.2,21.899980915071545,107.40666640189394,15.0,High,56.432316426676685,4.379996183014309,1.4599986303381944,3.623884155744233
2,Intermediate,0.7590330519613642,Strength,31,Male,1,8,0.5068435440312105,38.939152144072175,95.43570817536282,37.361273018183994,High,37.67993411754872,19.73605787427205,1.0422329850186645,26.001544757146995
41,Advanced,0.7129989497915796,Endurance,22,Male,2,9,0.6744784636877356,33.17261368620307,122.58088040765011,24.474230281924438,High,45.50107029560376,22.374213515576997,1.3554098310210407,31.380385822070966
14,Beginner,0.8551502794715188,Strength,43,Male,3,6,0.2107560460026551,20.0,111.0103113550766,20.588409282132467,High,49.603093711095376,4.215120920053102,0.9714203149213946,4.929093858876099
31,Advanced,0.905313829563895,Strength,34,Female,3,8,0.3044283451037753,22.03948199541993,112.64909681133815,15.215981051399519,High,57.447498842461044,6.709443030810141,1.4484429543207045,7.411171022175998
17,Intermediate,1.073947968777169,Endurance,29,Female,4,5,0.20766657547454603,20.0,130.169240128948,15.0,High,52.8340373503692,4.15333150949092,1.3333332444444503,3.8673453117796
27,Intermediate,0.849802801870305,Hypertrophy,22,Male,2,9,0.5803696305005218,27.984917298226694,103.46905469457332,24.70248594829707,High,42.02503369594777,16.24159611195949,1.1328785379706843,19.11217162857344
41,Advanced,0.7129989497915796,Endurance,22,Male,4,5,0.46445201658873275,21.786657494448125,123.58088040765011,15.0,High,32.91158543992546,10.11885700802446,1.452443736133626,14.191946312173444
47,Beginner,1.0237145374607064,Strength,32,Female,2,8,0.29838899589848206,20.0,103.55817375181444,24.62721122714921,High,48.9996146896975,5.967779917969641,0.8121097839061078,5.829529492902421
10,Intermediate,0.965530055413721,Endurance,23,Male,4,5,0.2395914131254699,20.0,132.60900750988625,15.0,High,44.33306697907423,4.791828262509398,1.3333332444444503,4.962893980096937
21,Intermediate,0.7976572398541362,Endurance,27,Male,4,3,0.20797283367710928,20.0,116.05925809477094,15.209981699493744,High,46.642493396911895,4.159456673542186,1.3149258875005618,5.214584976020313
43,Intermediate,0.9951094359398727,Hypertrophy,21,Male,2,8,0.5140812623611349,37.48475175385531,101.90419751209178,27.267377128796802,High,40.55238736111522,19.270208500915707,1.3747105268719637,19.36489439256576
4,Intermediate,0.8685521998038728,Strength,30,Male,4,1,0.2430462878258702,20.0,104.97705142498316,19.55247062602415,High,31.840266780663818,4.860925756517404,1.0228885832203534,5.596578030700993
15,Advanced,1.1536748423298229,Strength,27,Male,4,4,0.2452504225976855,23.39559174162431,91.30419132231759,15.0,High,55.14391451068239,5.737778761556283,1.5597060121278867,4.9734756948442005
35,Intermediate,0.8947243672464342,Strength,19,Male,3,7,0.3961699465223339,46.08646287431362,108.70290958591977,19.864199068089306,High,40.682739756046175,18.258071532320354,2.3200764549461455,20.40634165599949
41,Advanced,0.7129989497915796,Endurance,22,Male,4,9,0.29820905454470237,20.0,137.5808804076501,15.0,High,56.924780252212145,5.964181090894048,1.3333332444444503,8.364910954955137
38,Intermediate,0.9337588884799567,Strength,31,Male,3,9,0.24011359059705467,20.0,111.50529364365697,17.65918521201206,High,69.52714381701577,4.802271811941093,1.1325550203664358,5.142940782944303
47,Beginner,1.0237145374607064,Strength,32,Female,4,5,0.2697399394089027,20.0,120.55817375181444,15.0,High,41.24373514411884,5.394798788178053,1.3333332444444503,5.269822124180785
49,Beginner,1.1383189852792346,Endurance,18,Female,2,9,0.5756008933891493,22.805587959024447,138.0541320891849,23.939452432001776,High,40.18116122859497,13.126916803479299,0.952636116935669,11.53183373149617
33,Intermediate,1.1584151877504985,Hypertrophy,36,Female,2,7,0.49158663296997474,40.237451479257714,112.07936245061157,24.427833547349042,High,38.64721378750979,19.78019329198103,1.647196823822616,17.075204491394175
42,Advanced,0.9641477125393119,Hypertrophy,21,Female,3,7,0.450395060004889,20.177803493156258,105.6929558149821,16.13697843812024,High,55.38533445787218,9.087983015066971,1.2504077092327708,9.425914173687621
48,Advanced,0.9665210570610695,Hypertrophy,26,Male,4,7,0.253720680994121,20.0,112.87939713429135,15.0,High,60.1841730293454,5.07441361988242,1.3333332444444503,5.250178806381647
4,Intermediate,0.8685521998038728,Strength,30,Male,1,8,0.5173340489942466,46.07371718611898,88.97705142498316,33.435057187813364,High,39.092343537738145,23.835502664110738,1.378006191205381,27.44276651043714
40,Intermediate,1.057182432191474,Endurance,35,Male,1,9,0.7903965491478077,31.646628899334655,122.0,33.837823856380666,High,38.093723826131644,25.013386274195394,0.9352441840943915,23.660403211526155
29,Beginner,0.9068899380096165,Hypertrophy,24,Male,2,8,0.3400686448911166,20.0,105.32556653643316,27.261842512762378,High,48.086664483368644,6.801372897822332,0.7336261023814177,7.499659124116434
9,Beginner,0.8121409833380322,Strength,32,Female,3,8,0.201803199757321,20.0,122.18369275866755,16.79544414119814,High,56.41937081036551,4.03606399514642,1.1907990429465483,4.969653186204655
30,Advanced,1.2799937617940123,Strength,42,Male,1,6,0.6355520716446831,135.97564225963825,79.17749103702971,38.34496303081199,High,30.455292261018364,86.4196011313294,3.546114742743673,67.5155896811684
18,Beginner,0.8990066322300064,Hypertrophy,24,Male,4,7,0.2,20.0,129.12693282271982,15.0,High,61.64778542336129,4.0,1.3333332444444503,4.449350435521798
12,Advanced,0.9620004503267581,Hypertrophy,31,Female,3,9,0.2827355538370352,20.0,108.79701765766903,15.0,High,70.09979478475523,5.654711076740703,1.3333332444444503,5.878069180477843
27,Intermediate,0.849802801870305,Hypertrophy,22,Male,3,6,0.38812932578409304,20.0,101.46905469457332,18.481886846816423,High,45.07082495550944,7.7625865156818605,1.0821405348720952,9.134563176344281
40,Intermediate,1.057182432191474,Endurance,35,Male,3,7,0.5993714923307614,24.284119924650252,133.0,19.434612095817286,High,41.04259583333545,14.555209199176797,1.249529373439221,13.767912697047073
25,Intermediate,0.7294894398659109,Endurance,38,Male,4,7,0.2321027990686356,20.0,127.06375317010524,15.0,High,54.879588079649835,4.642055981372712,1.3333332444444503,6.363422640913536
4,Intermediate,0.8685521998038728,Strength,30,Male,3,5,0.2784811280140619,21.98085724853847,99.97705142498316,21.962944820400413,High,39.28873902332081,6.121253921289062,1.00081552940505,7.047644200345237
39,Intermediate,0.8988570935172121,Strength,18,Male,1,9,0.5944634294987632,57.66184106019279,86.0594535110225,32.48707827725729,High,33.829380447488056,34.277855787854804,1.7749161310588852,38.134891408416095
43,Intermediate,0.9951094359398727,Hypertrophy,21,Male,2,9,0.4522910124612932,31.57478273546628,103.90419751209178,24.276166840185162,High,47.69772236911489,14.280990451669405,1.3006493835159383,14.35116137454748
17,Intermediate,1.073947968777169,Endurance,29,Female,2,7,0.5402202205450128,26.975252435581925,121.16924012894799,26.97098634333188,High,35.69252316869961,14.572576820007463,1.0001581363038643,13.56915202088256
49,Beginner,1.1383189852792346,Endurance,18,Female,2,7,0.6021317675694589,27.470685277347165,133.0541320891849,23.55429131619393,High,37.423962441581615,16.54097228239336,1.1662708821211605,14.531039159727825
27,Intermediate,0.849802801870305,Hypertrophy,22,Male,2,8,0.6639234589654168,33.197644370841246,100.46905469457332,26.116943411258053,High,33.6785763086974,22.040694880192717,1.2711151751937322,25.936215902640214
31,Advanced,0.905313829563895,Strength,34,Female,1,7,0.7875268002404421,67.33213822599585,92.64909681133815,33.630919767344686,High,34.201312254313734,53.025863370465665,2.0020902398656517,58.57173840398604
20,Intermediate,1.2198364576547065,Hypertrophy,26,Female,4,5,0.2890410946103304,20.487450957829495,118.79882480975886,15.0,High,40.21308044528658,5.921715250626499,1.365829972799968,4.854511733072826
34,Intermediate,1.0856711863057111,Strength,24,Female,0,9,0.6621569995116096,54.91515020026499,84.06238518786503,39.182048284472074,High,31.19359384172084,36.36245108433683,1.4015384902807515,33.49302997995165
16,Beginner,1.0207447175199866,Strength,25,Male,1,8,0.5662326172755566,29.592640227306642,96.15987783353704,35.22688576640991,High,36.11240515031762,16.756318128001762,0.8400583458747277,16.415761379546193
19,Intermediate,0.8216554870697557,Endurance,29,Male,3,7,0.35346210583565746,20.0,120.04559104152717,19.105792206438565,High,58.42835905859003,7.069242116713149,1.0468029138544266,8.60364669172629
30,Advanced,1.2799937617940123,Strength,42,Male,3,7,0.42174820632005056,79.04634650650692,103.17749103702971,18.817150953775705,High,47.20535703031434,33.33765485527249,4.200760386092651,26.045149441508006
25,Intermediate,0.7294894398659109,Endurance,38,Male,3,8,0.2678335782529325,20.0,121.06375317010524,17.434928566251426,High,66.32453927685373,5.356671565058651,1.1471225004954277,7.343031892293573
33,Intermediate,1.1584151877504985,Hypertrophy,36,Female,3,8,0.3530251013592144,27.681560567803317,126.07936245061157,17.067862720853775,High,53.08439435537583,9.772285725229999,1.6218526829448237,8.43590225047405
33,Intermediate,1.1584151877504985,Hypertrophy,36,Female,3,9,0.361544600908315,28.71778180900704,125.07936245061157,15.0,High,51.95218738313435,10.382758963109518,1.9145186596325587,8.962891811164654
26,Intermediate,0.9581492079931055,Strength,30,Female,3,9,0.3149336130506635,20.0,106.74592996378966,15.788681178276123,High,59.42000705077205,6.2986722610132695,1.266730166214777,6.573783743371678
0,Intermediate,0.833217982292962,Strength,32,Male,2,7,0.5765234642317192,42.22452928419307,93.09560932988242,26.438194060361173,High,36.69810584791524,24.343431898476663,1.5971033267509387,29.216127351641934
1,Intermediate,0.9333251883671226,Strength,18,Male,4,3,0.37453599098530993,22.899537280881656,100.32876454424816,15.65362755640946,High,37.39271957870905,8.57670088860006,1.4628900384572703,9.189392728393502
22,Beginner,1.0206059258197335,Endurance,23,Female,4,6,0.2,20.0,125.41615151804841,15.0,High,58.31452573956941,4.0,1.3333332444444503,3.919236582474953
13,Beginner,1.0978969610765617,Endurance,20,Male,4,6,0.2,20.0,123.14999772290562,15.0,High,46.80987553590711,4.0,1.3333332444444503,3.6433258297316953
15,Advanced,1.1536748423298229,Strength,27,Male,3,9,0.3128601236227423,28.965324538509734,97.30419132231759,16.98290483899613,High,63.419617980978906,9.062095015891005,1.7055576244201733,7.854975100796342
42,Advanced,0.9641477125393119,Hypertrophy,21,Female,1,8,0.7564340310242367,33.09540068063226,85.6929558149821,34.86044825298624,High,38.25276066872635,25.034487345212927,0.9493681633433689,25.965379634515852
24,Intermediate,1.0168633682422321,Strength,27,Female,3,9,0.34815003858245813,20.0,111.72571598727212,15.0,High,52.46186577943285,6.963000771649162,1.3333332444444503,6.847521645079881
22,Beginner,1.0206059258197335,Endurance,23,Female,4,9,0.2,20.0,133.41615151804842,15.0,High,58.31452573956941,4.0,1.3333332444444503,3.919236582474953
21,Intermediate,0.7976572398541362,Endurance,27,Male,3,5,0.35329244855703157,24.350859689648296,112.05925809477094,20.6697833740302,High,45.65319427086897,8.602974844224564,1.1780896814890363,10.785289255957222
6,Intermediate,0.8393118775460912,Strength,30,Female,4,8,0.21840499168875266,20.0,121.96955986618076,15.0,High,60.1615220238604,4.368099833775053,1.3333332444444503,5.204376044540289
16,Beginner,1.0207447175199866,Strength,25,Male,4,4,0.21872793333765286,20.0,105.15987783353704,15.0,High,52.37253962359918,4.374558666753058,1.3333332444444503,4.285649786884756
42,Advanced,0.9641477125393119,Hypertrophy,21,Female,4,8,0.26134032290552917,20.0,111.6929558149821,15.0,High,58.5474321664808,5.226806458110583,1.3333332444444503,5.421162098888834
37,Beginner,0.9734386164236759,Hypertrophy,31,Male,3,8,0.21990939185238434,20.0,113.27751822790157,17.281975729447634,High,50.1287724677982,4.398187837047686,1.1572750220130195,4.518192770093134
41,Advanced,0.7129989497915796,Endurance,22,Male,4,6,0.28723788335305106,20.0,130.5808804076501,15.0,High,58.50952626434284,5.744757667061021,1.3333332444444503,8.057164195790333
29,Beginner,0.9068899380096165,Hypertrophy,24,Male,2,4,0.4356114899276857,23.88663872376951,94.32556653643316,31.308183452756122,High,33.501527496731704,10.40529428382559,0.7629518971249936,11.473589433656084
7,Beginner,1.157516589416337,Strength,23,Female,4,9,0.2,20.0,133.5123461125089,15.0,High,60.505663456942415,4.0,1.3333332444444503,3.4556710296013278
29,Beginner,0.9068899380096165,Hypertrophy,24,Male,4,9,0.2,20.0,121.32556653643316,15.0,High,51.792034990268974,4.0,1.3333332444444503,4.410673690023778
29,Beginner,0.9068899380096165,Hypertrophy,24,Male,3,7,0.3362933984259615,20.0,109.32556653643316,19.606071305802665,High,49.50584716707942,6.72586796851923,1.0200921269723537,7.41640222283036
4,Intermediate,0.8685521998038728,Strength,30,Male,4,5,0.2,20.0,109.97705142498316,15.0,High,43.9121380301278,4.0,1.3333332444444503,4.6053598108938365
23,Intermediate,1.20864585370021,Strength,19,Male,3,8,0.3169726583225062,37.01362914408238,105.40666640189394,16.61898497338881,High,49.45623152555222,11.732308423963183,2.227189384680301,9.706978004406603
17,Intermediate,1.073947968777169,Endurance,29,Female,0,9,0.7697793238558609,42.38171461382866,103.16924012894799,37.695054640193895,High,30.158106911210652,32.62456761928509,1.1243308676440162,30.378135803261134
9,Beginner,0.8121409833380322,Strength,32,Female,2,7,0.40590198947738965,20.0,110.18369275866755,25.826330716338433,High,39.64345175534621,8.118039789547794,0.7744034352097886,9.99583811217512
32,Advanced,0.7947734188111895,Strength,27,Male,4,8,0.2,20.0,112.56666168173585,15.0,High,55.10845599564664,4.0,1.3333332444444503,5.03287461866618
11,Beginner,0.8656665859680498,Hypertrophy,37,Female,1,8,0.5669306118715537,23.417585138423625,110.96248279515736,33.485562065002746,High,36.392339499770124,13.276145871080708,0.6993337723772185,15.336309325056218
11,Beginner,0.8656665859680498,Hypertrophy,37,Female,4,4,0.25643837250069906,20.0,125.96248279515736,15.0,High,48.42182051484586,5.1287674500139815,1.3333332444444503,5.924638432983067
1,Intermediate,0.9333251883671226,Strength,18,Male,2,9,0.5050788896916325,29.895484858740893,96.32876454424816,25.351185909529423,High,48.99680702770878,15.099578299245861,1.1792538536924786,16.178243455980752
7,Beginner,1.157516589416337,Strength,23,Female,2,9,0.39492391917849407,22.37311005445925,113.51234611250892,23.017534986766954,High,51.98797079466972,8.835676306918819,0.9720028272062573,7.6332976601885525
19,Intermediate,0.8216554870697557,Endurance,29,Male,4,5,0.34150808141992123,20.0,117.04559104152717,15.0,High,46.614778888062084,6.830161628398424,1.3333332444444503,8.31267291852899
10,Intermediate,0.965530055413721,Endurance,23,Male,2,8,0.5068253775794115,30.169920219433806,115.60900750988625,26.769104817860658,High,44.139200768689996,15.290881206755259,1.1270425102994692,15.836757524286218
2,Intermediate,0.7590330519613642,Strength,31,Male,4,7,0.2,20.0,119.43570817536282,15.0,High,51.21141638257476,4.0,1.3333332444444503,5.269855798516408
33,Intermediate,1.1584151877504985,Hypertrophy,36,Female,4,7,0.22001154978873788,20.0,132.07936245061157,15.0,High,52.523485756517196,4.400230995774757,1.3333332444444503,3.7984888698072012
28,Beginner,0.9584665966346795,Strength,24,Male,3,6,0.39365213058419574,20.0,108.88781974009713,21.275852635238397,High,44.32146622619951,7.873042611683915,0.9400327875387688,8.214197996184037
11,Beginner,0.8656665859680498,Hypertrophy,37,Female,4,5,0.30418222569742404,20.0,123.96248279515736,15.0,High,38.81896347952905,6.083644513948481,1.3333332444444503,7.02769124379923
26,Intermediate,0.9581492079931055,Strength,30,Female,4,7,0.23234788223759828,20.0,113.74592996378966,15.0,High,59.98118378465883,4.646957644751966,1.3333332444444503,4.849926040808628
20,Intermediate,1.2198364576547065,Hypertrophy,26,Female,2,7,0.4715391702482444,35.18732443114572,107.79882480975886,25.023130858882904,High,38.66660914173233,16.59220176551823,1.406191863975438,13.601977592505529
3,Beginner,1.0293767882646523,Strength,22,Male,0,9,0.576163099300377,51.25935209178424,93.28014867156938,42.29536661436036,High,32.00559123870968,29.53374716933167,1.2119377365189368,28.690872783567936
48,Advanced,0.9665210570610695,Hypertrophy,26,Male,1,8,0.7623853316646526,51.29537135597039,93.87939713429135,35.94304998950537,High,37.85400464376954,39.106838704083,1.427129026162737,40.461403253430404
43,Intermediate,0.9951094359398727,Hypertrophy,21,Male,1,8,0.6621974667882221,48.224602019425625,89.90419751209178,35.95099119984331,High,30.77805445927364,31.93420929413383,1.341398361173348,32.0911208854646
13,Beginner,1.0978969610765617,Endurance,20,Male,4,5,0.2,20.0,121.14999772290562,15.0,High,46.80987553590711,4.0,1.3333332444444503,3.6433258297316953
8,Intermediate,0.9755399554084354,Endurance,24,Male,3,8,0.430295877720253,21.377091440300344,117.53192666523107,17.84377824477728,High,48.54487162806036,9.198474324410144,1.1980136689124998,9.429101129392322
12,Advanced,0.9620004503267581,Hypertrophy,31,Female,3,8,0.26483852681146774,20.0,103.79701765766903,17.365309574402843,High,71.99246365340302,5.296770536229355,1.151721411160984,5.505990177489054
37,Beginner,0.9734386164236759,Hypertrophy,31,Male,4,8,0.2,20.0,122.27751822790157,15.0,High,41.011981865548364,4.0,1.3333332444444503,4.109140343697555
1,Intermediate,0.9333251883671226,Strength,18,Male,3,6,0.5076789813551208,33.155128278820065,103.32876454424816,21.34731873187105,High,42.060295867269794,16.83216175128973,1.5531283877910085,18.034597079867666
39,Intermediate,0.8988570935172121,Strength,18,Male,3,8,0.20518011353468185,20.0,107.0594535110225,18.74453366547826,High,62.59585320877833,4.103602270693637,1.0669776741288715,4.565350526729231
43,Intermediate,0.9951094359398727,Hypertrophy,21,Male,4,3,0.20385076482966435,20.0,111.90419751209178,16.215995747033197,High,43.42361265296649,4.077015296593287,1.2333500254098846,4.097048075616435
27,Intermediate,0.849802801870305,Hypertrophy,22,Male,4,3,0.28951241172496583,20.0,102.46905469457332,16.779919543379506,High,48.21658653836997,5.790248234499317,1.1919007571159788,6.813629477481451
17,Intermediate,1.073947968777169,Endurance,29,Female,4,7,0.20997937037039424,20.0,134.169240128948,15.0,High,52.30874724326093,4.1995874074078845,1.3333332444444503,3.910416164549851
24,Intermediate,1.0168633682422321,Strength,27,Female,2,6,0.5730009432738865,30.714224676506184,98.72571598727212,28.353859027763168,High,34.902973932649694,17.599279711564126,1.083246677751524,17.307401322347957
21,Intermediate,0.7976572398541362,Endurance,27,Male,3,8,0.24153179777201364,20.0,121.05925809477094,17.885986531172527,High,62.84528088687864,4.830635955440273,1.1181937796357664,6.0560221333934035
16,Beginner,1.0207447175199866,Strength,25,Male,4,5,0.24167032783238068,20.0,115.15987783353704,15.0,High,47.37689060857095,4.833406556647613,1.3333332444444503,4.735172015603361
5,Intermediate,0.7552748767923754,Strength,42,Male,1,7,0.8263871626444185,41.35304989502576,88.46691650205761,35.173876536072136,High,30.15678847132467,34.173629569443406,1.1756750404505916,45.24655244462111
21,Intermediate,0.7976572398541362,Endurance,27,Male,4,7,0.2,20.0,123.05925809477094,15.0,High,48.688003466905734,4.0,1.3333332444444503,5.014678969192947
44,Beginner,1.0076257789914758,Strength,31,Female,1,9,0.5825129063666064,23.702563890778777,103.55672301694133,30.85307436458849,High,39.57101672272083,13.807049380357721,0.7682399116032145,13.702543112418141
42,Advanced,0.9641477125393119,Hypertrophy,21,Female,4,5,0.3895091823714023,20.0,108.6929558149821,15.0,High,38.2178929584251,7.790183647428046,1.3333332444444503,8.079856920527094
43,Intermediate,0.9951094359398727,Hypertrophy,21,Male,3,9,0.2081442159910131,20.0,112.90419751209178,17.302476050238724,High,71.84739940393479,4.162884319820262,1.1559038594259576,4.1833390239631605
8,Intermediate,0.9755399554084354,Endurance,24,Male,0,9,0.7910477226711962,41.19507319623939,95.53192666523107,45.54676723436299,High,30.433820316617815,32.587268837158405,0.904456557362495,33.40430625335961
11,Beginner,0.8656665859680498,Hypertrophy,37,Female,2,5,0.4953820319219425,20.06305752420056,107.96248279515736,26.726558493329396,High,36.588216220419135,9.93887820290529,0.7506786471789622,11.481171715342608
18,Beginner,0.8990066322300064,Hypertrophy,24,Male,2,8,0.46305989720711954,22.40756253407553,114.12693282271981,27.014817802522234,High,40.58824194984531,10.376043603691118,0.8294544819224718,11.54166353176906
5,Intermediate,0.7552748767923754,Strength,42,Male,4,4,0.24722580751072767,20.0,107.46691650205761,15.0,High,49.64907642731917,4.944516150214554,1.3333332444444503,6.54663587458096
21,Intermediate,0.7976572398541362,Endurance,27,Male,2,6,0.5354496817437366,40.73883071258152,107.05925809477094,30.570281640005692,High,30.37224873683899,21.813593939663736,1.3326285266093285,27.347042692936615
24,Intermediate,1.0168633682422321,Strength,27,Female,2,5,0.6018939942969699,36.58593268690992,93.72571598727212,26.860019415413284,High,31.620515644067225,22.020853160004283,1.3620962352625594,21.655644398347718
42,Advanced,0.9641477125393119,Hypertrophy,21,Female,3,8,0.508017120508632,22.077093643621247,103.6929558149821,16.153920709209956,High,49.67748109643689,11.215541542031888,1.3666708333143813,11.632584679279535
7,Beginner,1.157516589416337,Strength,23,Female,3,6,0.4947540547180615,29.99249047466391,115.51234611250892,18.378960389094235,High,31.998210234914982,14.838906273432807,1.63189256670733,12.819594630017786
43,Intermediate,0.9951094359398727,Hypertrophy,21,Male,4,5,0.20585161145724606,20.0,114.90419751209178,15.0,High,42.86830115379866,4.117032229144922,1.3333332444444503,4.1372616349424804
31,Advanced,0.905313829563895,Strength,34,Female,3,6,0.3939676521882194,29.918393170523117,104.64909681133815,19.655196344395094,High,44.93183947750531,11.786879114635049,1.5221619323529556,13.019646569042708
6,Intermediate,0.8393118775460912,Strength,30,Female,2,9,0.5424417018654426,24.457578421234867,107.96955986618076,24.787369467188306,High,39.269294128730046,13.266810462322166,0.9866951580689047,15.80675194822519
38,Intermediate,0.9337588884799567,Strength,31,Male,4,3,0.3374525219631625,23.831794670749556,99.50529364365697,15.0,High,33.24928060402877,8.042099214552694,1.5887862054642234,8.61259871383447
26,Intermediate,0.9581492079931055,Strength,30,Female,4,2,0.387072760299321,22.57728063420654,107.74592996378966,15.840825999173656,High,33.331892216073214,8.73905033513473,1.4252589612514737,9.120751905318807
23,Intermediate,1.20864585370021,Strength,19,Male,4,6,0.23897959486072695,29.34055071141102,104.40666640189394,15.0,High,47.94106315313423,7.011792922003619,1.9560365836916291,5.801357857787307
41,Advanced,0.7129989497915796,Endurance,22,Male,2,8,0.6713454009969105,31.497856965684495,119.58088040765011,27.238225703700927,High,45.754226730596756,21.14594141517079,1.1563842723067137,29.65770393301158
19,Intermediate,0.8216554870697557,Endurance,29,Male,4,3,0.38614612224646816,20.0,120.04559104152717,15.65331669407352,High,39.6368717485858,7.722922444929363,1.2776844111183006,9.399210699925643
3,Beginner,1.0293767882646523,Strength,22,Male,2,9,0.37117250980813465,30.457242716443684,105.28014867156938,25.06154329215572,High,44.39661468663177,11.30489122089793,1.215297922641456,10.982256805789413
2,Intermediate,0.7590330519613642,Strength,31,Male,4,6,0.2,20.0,117.43570817536282,15.0,High,51.21141638257476,4.0,1.3333332444444503,5.269855798516408
21,Intermediate,0.7976572398541362,Endurance,27,Male,3,7,0.24803034829906564,20.0,117.05925809477094,20.48153483500597,High,61.84561201635188,4.960606965981313,0.9764892711716006,6.21896285668463
29,Beginner,0.9068899380096165,Hypertrophy,24,Male,3,8,0.3091325832120956,20.0,108.32556653643316,17.566658231058554,High,53.58401926589214,6.182651664241911,1.138520406010905,6.817414757513379
28,Beginner,0.9584665966346795,Strength,24,Male,0,9,0.7694166505955891,32.86735553838277,91.88781974009713,44.059127548387615,High,30.60116942629542,25.288690612276852,0.7459828784921707,26.384502408917275
19,Intermediate,0.8216554870697557,Endurance,29,Male,4,6,0.26575916857693993,20.0,119.04559104152717,15.0,High,58.455999289927455,5.315183371538799,1.3333332444444503,6.468863150456158
3,Beginner,1.0293767882646523,Strength,22,Male,4,7,0.2,20.0,123.28014867156938,15.0,High,44.57137615110719,4.0,1.3333332444444503,3.885842540612119
34,Intermediate,1.0856711863057111,Strength,24,Female,4,4,0.2759957551086036,20.499029695432025,105.06238518786503,15.0,High,34.327476825421805,5.65764517978445,1.366601888588676,5.211191049331471
6,Intermediate,0.8393118775460912,Strength,30,Female,1,8,0.5803174284941425,26.499421204353517,101.96955986618076,31.41610012999996,High,43.63555195339153,15.378075969893585,0.8434980870063665,18.32222092773632
47,Beginner,1.0237145374607064,Strength,32,Female,4,9,0.2,20.0,126.55817375181444,15.0,High,56.43487947343853,4.0,1.3333332444444503,3.907335440001108
28,Beginner,0.9584665966346795,Strength,24,Male,2,9,0.309245194576172,20.0,102.88781974009713,26.02478411315752,High,60.59133190101876,6.18490389152344,0.768498180216999,6.45290869846779
20,Intermediate,1.2198364576547065,Hypertrophy,26,Female,0,9,0.7004750467772787,57.76270088845085,96.79882480975886,39.3800670298172,High,32.3409262027437,40.461330606819566,1.4668004342886096,33.169444300072286
12,Advanced,0.9620004503267581,Hypertrophy,31,Female,4,6,0.2662910423200979,20.0,114.79701765766903,15.0,High,54.30510896417006,5.3258208464019585,1.3333332444444503,5.536187959584639
20,Intermediate,1.2198364576547065,Hypertrophy,26,Female,3,6,0.39112143785070597,29.094425180119025,117.79882480975886,17.57650729616487,High,44.19315924243017,11.379453409887939,1.655301763574243,9.328663698986908
22,Beginner,1.0206059258197335,Endurance,23,Female,4,5,0.2496619745989541,20.0,127.41615151804841,15.0,High,47.96361092023512,4.9932394919790815,1.3333332444444503,4.892421720505767
47,Beginner,1.0237145374607064,Strength,32,Female,3,9,0.23016828449098264,20.0,117.55817375181444,15.179485320806998,High,56.40442386132379,4.603365689819653,1.3175676421003373,4.49672347577937
34,Intermediate,1.0856711863057111,Strength,24,Female,2,9,0.46980003987557156,35.1536623853776,104.06238518786503,24.314681327185586,High,45.316797528375105,16.515191990422778,1.445779217360913,15.21195089893582
14,Beginner,0.8551502794715188,Strength,43,Male,1,8,0.4189983877309565,31.940616452376247,97.0103113550766,35.27881639592627,High,30.69142197457073,13.383066796678511,0.9053766200242446,15.649940680611751
35,Intermediate,0.8947243672464342,Strength,19,Male,4,5,0.2,20.0,107.70290958591977,15.0,High,52.701849643788954,4.0,1.3333332444444503,4.470645570618185
9,Beginner,0.8121409833380322,Strength,32,Female,1,9,0.5001379361794573,20.0,101.18369275866755,31.024893951555416,High,39.18272159985123,10.002758723589146,0.6446436009285282,12.316514758264587
30,Advanced,1.2799937617940123,Strength,42,Male,2,9,0.4886072172879782,100.3352447439993,93.17749103702971,27.17528997943741,High,44.32204826515941,49.02452473027373,3.692149784888024,38.30056668479022
0,Intermediate,0.833217982292962,Strength,32,Male,4,9,0.21808047568406935,20.0,112.09560932988242,15.0,High,58.46138230939083,4.361609513681387,1.3333332444444503,5.234649721587636
30,Advanced,1.2799937617940123,Strength,42,Male,1,9,0.5810225968174851,113.59394515790656,88.17749103702971,31.620750434862977,High,36.42213047807284,66.00064899838986,3.592386012454634,51.56321804464639
34,Intermediate,1.0856711863057111,Strength,24,Female,4,9,0.2,20.0,116.06238518786503,15.0,High,52.41048316215136,4.0,1.3333332444444503,3.6843533899593264
19,Intermediate,0.8216554870697557,Endurance,29,Male,4,7,0.2620055821073134,20.0,126.04559104152717,15.0,High,59.0427673769684,5.2401116421462675,1.3333332444444503,6.377496830620654
49,Beginner,1.1383189852792346,Endurance,18,Female,4,7,0.20214596875707808,20.0,144.0541320891849,15.0,High,58.96461373693537,4.042919375141562,1.3333332444444503,3.5516545676300475
4,Intermediate,0.8685521998038728,Strength,30,Male,1,9,0.47214812762573266,40.028764508391696,92.97705142498316,35.89241828978946,High,44.412249662213696,18.89950621380852,1.115242864661924,21.759756590703024
26,Intermediate,0.9581492079931055,Strength,30,Female,4,4,0.3406319624443286,21.3834026730044,107.74592996378966,15.0,High,41.330698731349514,7.283870416242791,1.4255600831629547,7.602013082582562
11,Beginner,0.8656665859680498,Hypertrophy,37,Female,2,9,0.34996802359865087,20.0,119.96248279515736,23.00718307773623,High,55.2020557626892,6.999360471973017,0.8692936924581637,8.085506013426441
44,Beginner,1.0076257789914758,Strength,31,Female,4,7,0.2,20.0,124.55672301694133,15.0,High,50.0567485221581,4.0,1.3333332444444503,3.9697237939662173
39,Intermediate,0.8988570935172121,Strength,18,Male,2,7,0.4728176574953332,45.00846393725989,92.0594535110225,26.31839830405157,High,35.04994132215351,21.280796486278405,1.7101520277614712,23.675368381016753
29,Beginner,0.9068899380096165,Hypertrophy,24,Male,2,5,0.40789575152852825,23.278153914129156,100.32556653643316,29.186659505433944,High,37.732486299379694,9.495060085000464,0.7975614034293252,10.46990292552662
26,Intermediate,0.9581492079931055,Strength,30,Female,2,8,0.5959503667709528,38.583957188201374,104.74592996378966,23.01353107483394,High,37.682609922209245,22.99412343778335,1.6765769401557535,23.998453735083682
18,Beginner,0.8990066322300064,Hypertrophy,24,Male,3,6,0.38643912066180064,20.0,113.12693282271981,19.37920246513344,High,40.16152982977425,7.728782413236013,1.032034161568275,8.597015349096218
5,Intermediate,0.7552748767923754,Strength,42,Male,4,6,0.23753460818339714,20.0,117.46691650205761,15.0,High,51.62282197423931,4.750692163667943,1.3333332444444503,6.290009133939153
11,Beginner,0.8656665859680498,Hypertrophy,37,Female,4,6,0.2,20.0,131.96248279515737,15.0,High,59.77343095560822,4.0,1.3333332444444503,4.620711304012754
39,Intermediate,0.8988570935172121,Strength,18,Male,4,4,0.2649560500594188,24.665823640006856,107.0594535110225,15.934670139269372,High,36.07878997429549,6.535359203118452,1.5479342764232171,7.270735225341004
43,Intermediate,0.9951094359398727,Hypertrophy,21,Male,4,4,0.21122452064209563,20.0,106.90419751209178,15.703471291603133,High,41.37711326703019,4.224490412841913,1.273603673672496,4.245247824028617
3,Beginner,1.0293767882646523,Strength,22,Male,4,5,0.22178911116174305,20.0,116.28014867156938,15.0,High,38.53267391817736,4.435782223234861,1.3333332444444503,4.309187815984257
34,Intermediate,1.0856711863057111,Strength,24,Female,4,7,0.2,20.0,110.06238518786503,15.0,High,52.41048316215136,4.0,1.3333332444444503,3.6843533899593264
20,Intermediate,1.2198364576547065,Hypertrophy,26,Female,3,8,0.3010881258053045,21.266291723103176,123.79882480975886,18.140061357966562,High,57.0394883411491,6.403027917737995,1.1723384023409196,5.249082881951039
7,Beginner,1.157516589416337,Strength,23,Female,4,2,0.3353753192944648,20.0,115.51234611250892,16.345020211182643,High,33.772871357745075,6.707506385889296,1.2236141967388061,5.794733874645886
8,Intermediate,0.9755399554084354,Endurance,24,Male,2,8,0.553206306932223,26.527921581735484,107.53192666523107,27.69314903752311,High,34.01357556627565,14.675413528819501,0.9579235856445082,15.04335973539446
43,Intermediate,0.9951094359398727,Hypertrophy,21,Male,3,7,0.28410650183991903,20.0,111.90419751209178,19.42643209753491,High,61.57310048245661,5.68213003679838,1.0295250754261147,5.710049690546819
33,Intermediate,1.1584151877504985,Hypertrophy,36,Female,1,8,0.6567471435840692,57.656976809905665,111.07936245061157,28.77958774109642,High,30.174630844338896,37.86605482759846,2.0033982183898678,32.68778115154768
19,Intermediate,0.8216554870697557,Endurance,29,Male,4,8,0.2730064079150596,20.0,130.0455910415272,15.0,High,57.32309645229029,5.460128158301192,1.3333332444444503,6.645268727535338
23,Intermediate,1.20864585370021,Strength,19,Male,4,5,0.23604479256281702,28.285077973128104,102.40666640189394,15.0,High,48.580375842462246,6.676545362790128,1.8856717391637576,5.523983570842243
18,Beginner,0.8990066322300064,Hypertrophy,24,Male,1,7,0.6915681192794556,35.19595262791131,99.12693282271981,35.47711454470665,High,31.381026029501175,24.34039876513344,0.9920748090007196,27.07474096160518
30,Advanced,1.2799937617940123,Strength,42,Male,2,8,0.5965071830473606,129.76949324225217,93.17749103702971,27.370812203353637,High,32.026591151186764,77.40843485941934,4.741163233920723,60.47558722109566
40,Intermediate,1.057182432191474,Endurance,35,Male,3,8,0.3671021717851098,20.0,135.0,17.51768643559202,High,63.889855641563955,7.3420434357021955,1.141703211313411,6.944909664808695
12,Advanced,0.9620004503267581,Hypertrophy,31,Female,4,5,0.34269731053360764,20.0,106.79701765766903,15.0,High,41.19398036573272,6.853946210672152,1.3333332444444503,7.124673469404965
49,Beginner,1.1383189852792346,Endurance,18,Female,4,4,0.31171918437129265,20.0,136.0541320891849,15.0,High,36.721383983396585,6.2343836874258525,1.3333332444444503,5.476828807408255
0,Intermediate,0.833217982292962,Strength,32,Male,4,5,0.271877538052859,20.0,107.09560932988242,15.0,High,48.21445121844654,5.437550761057181,1.3333332444444503,6.5259564131549315
4,Intermediate,0.8685521998038728,Strength,30,Male,4,8,0.2,20.0,114.97705142498316,15.0,High,43.9121380301278,4.0,1.3333332444444503,4.6053598108938365
27,Intermediate,0.849802801870305,Hypertrophy,22,Male,4,9,0.22812226246589495,20.0,114.46905469457332,15.0,High,59.19708807408188,4.562445249317899,1.3333332444444503,5.368821884859264
47,Beginner,1.0237145374607064,Strength,32,Female,4,7,0.2,20.0,117.55817375181444,15.0,High,56.43487947343853,4.0,1.3333332444444503,3.907335440001108
10,Intermediate,0.965530055413721,Endurance,23,Male,0,9,0.7983209267881124,50.996170185927205,101.60900750988625,43.023077910918744,High,30.961489558643652,40.711309845473714,1.1853212619096163,42.16468193043185
46,Beginner,0.9303397327885133,Strength,41,Female,3,8,0.2691395617389038,20.0,107.60632072590371,15.611387732129272,High,49.045741797561604,5.382791234778076,1.2811160072414747,5.785827756508326
37,Beginner,0.9734386164236759,Hypertrophy,31,Male,3,5,0.2924101338630753,23.593202247215046,105.27751822790157,22.312471727770973,High,33.6869962861984,6.8988914273667605,1.0573997124868202,7.087128272745492
45,Beginner,1.18560546903454,Endurance,27,Female,3,9,0.33755046807571343,20.0,134.47666083122172,15.0237799349644,High,57.63869642890839,6.751009361514269,1.3312228184487565,5.694140119707456
39,Intermediate,0.8988570935172121,Strength,18,Male,3,4,0.37584444570686326,35.24730977131592,100.0594535110225,23.95484020786902,High,31.483901750017356,13.247505603658336,1.4714065297054606,14.738150214369362
18,Beginner,0.8990066322300064,Hypertrophy,24,Male,1,8,0.6957918514342997,37.41516159484268,107.12693282271981,34.82089163180952,High,30.96193764368377,26.033164557789092,1.0745032297266053,28.957668015802387
47,Beginner,1.0237145374607064,Strength,32,Female,3,6,0.2987163293755868,20.0,110.55817375181444,18.571893526258506,High,43.420916961000906,5.974326587511736,1.076896057735107,5.835924501381372
24,Intermediate,1.0168633682422321,Strength,27,Female,4,7,0.20364778562369015,20.0,114.72571598727212,15.0,High,61.23500940633786,4.072955712473803,1.3333332444444503,4.005407052972442
13,Beginner,1.0978969610765617,Endurance,20,Male,3,6,0.3063905331934528,25.53330604344535,117.14999772290562,19.822888848152942,High,43.12116553468171,7.823163252842831,1.2880718320605757,7.125583187322529
37,Beginner,0.9734386164236759,Hypertrophy,31,Male,4,7,0.2,20.0,120.27751822790157,15.0,High,41.011981865548364,4.0,1.3333332444444503,4.109140343697555
25,Intermediate,0.7294894398659109,Endurance,38,Male,1,6,0.8178071389779442,38.470342264135326,99.06375317010524,41.785596398764405,High,30.973688395241624,31.4613205425348,0.920660338944272,43.12780376987225
3,Beginner,1.0293767882646523,Strength,22,Male,3,7,0.27609269694688376,21.679424914046542,113.28014867156938,17.71343824172329,High,51.010747412766285,5.985530892776573,1.2238969868133531,5.8147076428248115
6,Intermediate,0.8393118775460912,Strength,30,Female,4,5,0.29690152317207646,20.0,114.96955986618076,15.0,High,45.843248817182655,5.938030463441529,1.3333332444444503,7.074871150318362
10,Intermediate,0.965530055413721,Endurance,23,Male,4,9,0.2241158829400693,20.0,140.60900750988625,15.0,High,47.92866872062275,4.482317658801386,1.3333332444444503,4.642334012633861
46,Beginner,0.9303397327885133,Strength,41,Female,1,9,0.5584137974485227,34.82246358557195,98.60632072590371,30.821450370631226,High,30.594774160643627,19.445344127332135,1.1298125830230423,20.90131437011098
23,Intermediate,1.20864585370021,Strength,19,Male,4,3,0.31737069916026384,37.72840985943515,101.40666640189394,16.04245562215538,High,30.864469017706192,11.973891815293927,2.3517850631012744,9.90685722519897
7,Beginner,1.157516589416337,Strength,23,Female,4,6,0.2,20.0,125.51234611250892,15.0,High,60.505663456942415,4.0,1.3333332444444503,3.4556710296013278
15,Advanced,1.1536748423298229,Strength,27,Male,3,6,0.4720429714136251,45.94765533664914,92.30419132231759,19.306248633913402,High,44.80756440368209,21.68926775460097,2.379936870594348,18.800140350343103
20,Intermediate,1.2198364576547065,Hypertrophy,26,Female,4,8,0.2,20.0,125.79882480975886,15.0,High,58.63085168888187,4.0,1.3333332444444503,3.279125407159173
48,Advanced,0.9665210570610695,Hypertrophy,26,Male,3,6,0.5047819494122061,31.190386271409665,104.87939713429135,20.380529789867314,High,41.4744566906892,15.744343985001882,1.530401077037539,16.289689272975462
9,Beginner,0.8121409833380322,Strength,32,Female,1,7,0.5654153635863838,20.0,104.18369275866755,33.64545078835744,High,31.244920468068955,11.308307271727676,0.5944339854850972,13.92405207922972
31,Advanced,0.905313829563895,Strength,34,Female,2,6,0.5651662515580619,44.29298727647868,99.64909681133815,26.692978312078736,High,39.67834213524143,25.03290158935638,1.659349702355474,27.651045549994073
2,Intermediate,0.7590330519613642,Strength,31,Male,3,9,0.2,20.0,119.43570817536282,16.50530096465409,High,64.63905839146422,4.0,1.2117318448841325,5.269855798516408
37,Beginner,0.9734386164236759,Hypertrophy,31,Male,3,9,0.2,20.0,113.27751822790157,16.296705141723898,High,54.64384025428236,4.0,1.2272418626236798,4.109140343697555
21,Intermediate,0.7976572398541362,Endurance,27,Male,2,5,0.5000282997712833,37.157282902273394,100.05925809477094,32.74196152393322,High,34.97830465108223,18.579692993744338,1.1348520381181406,23.29279892744782
33,Intermediate,1.1584151877504985,Hypertrophy,36,Female,3,4,0.5228617851131343,46.26927023247653,111.07936245061157,21.044730489028147,High,30.513787199365222,24.192433229634684,2.1986153758530684,20.884060051520354
32,Advanced,0.7947734188111895,Strength,27,Male,3,9,0.2,20.0,110.56666168173585,16.45772278752197,High,68.77015222971103,4.0,1.2152348804859476,5.03287461866618
31,Advanced,0.905313829563895,Strength,34,Female,1,9,0.8078248419597116,65.73334460263757,98.64909681133815,32.024036950678706,High,32.50538964123268,53.10102871510896,2.0526251156670408,58.65476515025011
12,Advanced,0.9620004503267581,Hypertrophy,31,Female,3,5,0.5447655090840272,25.539483802403627,99.79701765766903,18.315299306014175,High,42.389274023923356,13.91302989535968,1.3944343459122672,14.462587234805012
21,Intermediate,0.7976572398541362,Endurance,27,Male,4,5,0.2,20.0,118.05925809477094,15.0,High,48.688003466905734,4.0,1.3333332444444503,5.014678969192947
48,Advanced,0.9665210570610695,Hypertrophy,26,Male,3,7,0.4272754218553187,26.11689150645223,100.87939713429135,20.47894988729193,High,50.4607360942356,11.159105835968967,1.2753041720832918,11.545629770623933
1,Intermediate,0.9333251883671226,Strength,18,Male,4,5,0.3508425492503277,20.43876078222915,111.32876454424816,15.0,High,41.35330544108544,7.170786936354896,1.3625839613096793,7.683044819411278
43,Intermediate,0.9951094359398727,Hypertrophy,21,Male,3,3,0.485182182777178,35.385648068205285,97.90419751209178,24.596362386668062,High,34.376556451404085,17.168485968716872,1.4386536542790438,17.252844858873775
2,Intermediate,0.7590330519613642,Strength,31,Male,2,7,0.38992718122963255,28.210718971455375,105.43570817536282,29.259751160803972,High,39.29395905813612,11.000126129000913,0.9641475709164116,14.492269616331829
15,Advanced,1.1536748423298229,Strength,27,Male,2,8,0.6484270190806629,70.15129419256843,90.30419132231759,25.5750871562273,High,39.79779170293815,45.48799457793777,2.742954149915109,39.42874844815661
42,Advanced,0.9641477125393119,Hypertrophy,21,Female,3,4,0.6520062862641905,31.00942808018975,92.6929558149821,23.26301812844348,High,35.41438400162303,20.21834204174103,1.3329924163744853,20.970148877232102
9,Beginner,0.8121409833380322,Strength,32,Female,1,8,0.5485829050668982,20.0,99.18369275866755,29.52249892270472,High,33.29176443227324,10.971658101337965,0.6774494047713995,13.509531986319328
1,Intermediate,0.9333251883671226,Strength,18,Male,4,7,0.22838745123520782,20.0,114.32876454424816,15.0,High,61.82284867585024,4.567749024704156,1.3333332444444503,4.894054277739218
11,Beginner,0.8656665859680498,Hypertrophy,37,Female,2,6,0.5350510126730172,21.053773281033894,117.96248279515736,24.05710751979145,High,31.510355765157666,11.264842714605297,0.8751580957334605,13.012896517325602
46,Beginner,0.9303397327885133,Strength,41,Female,2,9,0.42772448818813713,25.498271444747225,103.60632072590371,23.1719533373915,High,36.35259059464529,10.906235103386699,1.1003936514583,11.722839513537588
4,Intermediate,0.8685521998038728,Strength,30,Male,3,6,0.3098563967324974,25.438674887033436,101.97705142498316,19.82288836438464,High,32.44866285384267,7.88233613814565,1.2832980308480437,9.075248516643025
24,Intermediate,1.0168633682422321,Strength,27,Female,1,8,0.6557892142205655,39.656329409718744,92.72571598727212,33.5498329508411,High,31.688533778102446,26.006193102471357,1.1820126879860327,25.574888760657508
26,Intermediate,0.9581492079931055,Strength,30,Female,4,9,0.21817281505142253,20.0,122.74592996378966,15.0,High,62.42264958628638,4.36345630102845,1.3333332444444503,4.55404201202224
36,Advanced,1.110462061680402,Endurance,24,Female,3,8,0.6075908294529163,37.84011072903079,116.30555371460706,16.589884422933334,High,42.27767796385014,22.991304264442014,2.28091453101429,20.70424947737618
31,Advanced,0.905313829563895,Strength,34,Female,3,4,0.4924636194261349,37.432836002646646,101.64909681133815,20.239411748029955,High,31.164232658647546,18.434309903248298,1.8495020813432568,20.36231960557678
44,Beginner,1.0076257789914758,Strength,31,Female,2,9,0.5716837656546814,24.485700855836328,109.55672301694133,23.154964755430953,High,34.14966622457585,13.998077669958567,1.0574708299921909,13.892125499055428
18,Beginner,0.8990066322300064,Hypertrophy,24,Male,4,4,0.2916148146756979,20.0,118.12693282271981,15.455066582697398,High,44.07963026915452,5.8322962935139575,1.2940739270781867,6.487482513409624
40,Intermediate,1.057182432191474,Endurance,35,Male,1,8,0.8666976904665615,39.66796653653355,120.0,38.35682477953585,High,32.11758497285229,34.380134982718474,1.034182723162072,32.52050111251805
9,Beginner,0.8121409833380322,Strength,32,Female,3,6,0.24219136268520539,20.0,114.18369275866755,19.351909423160077,High,47.69730121817204,4.843827253704108,1.033489694953543,5.964261610753344
21,Intermediate,0.7976572398541362,Endurance,27,Male,4,9,0.2,20.0,129.05925809477094,15.0,High,48.688003466905734,4.0,1.3333332444444503,5.014678969192947
28,Beginner,0.9584665966346795,Strength,24,Male,3,8,0.3049953858362534,20.0,109.88781974009713,18.147447230321937,High,56.861160980036814,6.099907716725069,1.102083320264427,6.364229461843823
30,Advanced,1.2799937617940123,Strength,42,Male,4,5,0.41903416662848564,81.81663324926602,107.17749103702971,15.0,High,31.709824172360122,34.28396472995463,5.454441852988278,26.78445705660779
48,Advanced,0.9665210570610695,Hypertrophy,26,Male,4,3,0.38859824347358285,25.004782413042662,106.87939713429135,17.36240185173341,High,39.01813457767364,9.716814524147514,1.4401683123339266,10.053381040980794
4,Intermediate,0.8685521998038728,Strength,30,Male,2,7,0.38957129002147767,34.68778225633786,101.97705142498316,29.14725122117375,High,37.89610861565415,13.513364081585664,1.1900875593047926,15.558475962827728
42,Advanced,0.9641477125393119,Hypertrophy,21,Female,4,9,0.2728406823829996,20.0,111.6929558149821,15.0,High,56.72329945687969,5.456813647659992,1.3333332444444503,5.659721966840771
15,Advanced,1.1536748423298229,Strength,27,Male,1,7,0.7969930916765049,92.40932018438252,81.30419132231759,34.90880715715702,High,31.448343433724308,73.64958979347507,2.647163425584804,63.83906734559108
8,Intermediate,0.9755399554084354,Endurance,24,Male,3,6,0.543620234218086,23.75787561050569,110.53192666523107,19.20762830436655,High,34.993453608075484,12.915261903907256,1.236897861471364,13.23907708057213
29,Beginner,0.9068899380096165,Hypertrophy,24,Male,2,7,0.38760635609214894,23.234964350672815,103.32556653643316,25.268834787974384,High,40.8297732987607,9.006019865895274,0.9195106789102843,9.930653718583939
43,Intermediate,0.9951094359398727,Hypertrophy,21,Male,4,6,0.21954902774093632,20.0,109.90419751209178,15.0,High,39.06674401974932,4.390980554818727,1.3333332444444503,4.412556030197277
45,Beginner,1.18560546903454,Endurance,27,Female,4,3,0.4104817884153095,20.0,125.47666083122172,15.0,High,34.08453699703651,8.20963576830619,1.3333332444444503,6.924418837720615
8,Intermediate,0.9755399554084354,Endurance,24,Male,3,4,0.5804593240538016,28.79070517151381,102.53192666523107,23.324434386759634,High,30.58820551077784,16.711833262889197,1.2343580753023142,17.13083717319931
34,Intermediate,1.0856711863057111,Strength,24,Female,4,3,0.2743647255173963,20.0,105.06238518786503,15.0,High,34.715576376390736,5.487294510347926,1.3333332444444503,5.054283032726396
45,Beginner,1.18560546903454,Endurance,27,Female,3,4,0.5539362382713738,20.0,119.47666083122172,20.905724178915293,High,30.483102920245877,11.078724765427477,0.9566757349403611,9.344352493664342
26,Intermediate,0.9581492079931055,Strength,30,Female,3,7,0.40702878103233187,23.43767241872917,102.74592996378966,17.14600332444354,High,47.5533116188276,9.53980723483044,1.3669466060565583,9.956484020195592
7,Beginner,1.157516589416337,Strength,23,Female,1,9,0.5798711607919658,34.74323353331699,108.51234611250892,32.07168086391459,High,33.5120998210229,20.146599158630874,1.0832993941739082,17.4050047643678
35,Intermediate,0.8947243672464342,Strength,19,Male,4,6,0.2,20.0,107.70290958591977,15.0,High,52.701849643788954,4.0,1.3333332444444503,4.470645570618185
6,Intermediate,0.8393118775460912,Strength,30,Female,3,6,0.32612672764978257,20.0,113.96955986618076,18.714301027617186,High,52.05698226779638,6.522534552995651,1.0687013584843013,7.7712790158369325
36,Advanced,1.110462061680402,Endurance,24,Female,3,7,0.5687111423836714,37.166068424018846,117.30555371460706,16.696569575061925,High,45.97132459063747,21.136757231333455,2.225970192916757,19.03418309056438
43,Intermediate,0.9951094359398727,Hypertrophy,21,Male,4,2,0.23143373941009784,20.0,109.90419751209178,16.163844824177332,High,35.768281777215485,4.628674788201957,1.2373292975910892,4.651418195438998
20,Intermediate,1.2198364576547065,Hypertrophy,26,Female,2,6,0.4831290817273702,37.278831352182266,105.79882480975886,26.428638471218104,High,37.15910220357549,18.010487559049317,1.4105467439131882,14.764661837550705
7,Beginner,1.157516589416337,Strength,23,Female,2,8,0.36074936306241556,21.23034979159026,112.51234611250892,26.88352754922728,High,56.1426692230087,7.658835164908473,0.7897158943519893,6.61660369996653
15,Advanced,1.1536748423298229,Strength,27,Male,1,6,0.7853062496085357,84.44634098017866,72.30419132231759,33.88141442223367,High,32.45356216416835,66.3162393283077,2.4924088892922485,57.48255870070359
31,Advanced,0.905313829563895,Strength,34,Female,4,6,0.24530783262919997,20.0,115.64909681133815,15.0,High,57.72139988189192,4.9061566525839995,1.3333332444444503,5.4192823229763905
39,Intermediate,0.8988570935172121,Strength,18,Male,3,5,0.3676815888864846,34.07918361017937,97.0594535110225,23.989448963833553,High,32.97198307274047,12.530288377744995,1.4205904537851881,13.94022979613417
16,Beginner,1.0207447175199866,Strength,25,Male,4,7,0.2,20.0,118.15987783353704,15.0,High,56.450500263377194,4.0,1.3333332444444503,3.9187036804018516
40,Intermediate,1.057182432191474,Endurance,35,Male,4,8,0.28826631968703875,20.0,142.0,15.0,High,59.412116443678684,5.765326393740775,1.3333332444444503,5.453477814904478
25,Intermediate,0.7294894398659109,Endurance,38,Male,1,7,0.774313573135613,35.91985069837009,107.06375317010524,37.01869147576253,High,34.64472559404479,27.81322794075269,0.9703165697137497,38.126925893456665
29,Beginner,0.9068899380096165,Hypertrophy,24,Male,3,4,0.44287885712427993,26.602348757142153,106.32556653643316,23.59369553260976,High,33.50213592424715,11.781617814384626,1.1275193236623187,12.991217929955427
31,Advanced,0.905313829563895,Strength,34,Female,2,9,0.4975978758236169,38.218523561821144,102.64909681133815,23.55091358284377,High,46.890089886092255,19.017456141477055,1.6228042196570296,21.006456008942298
3,Beginner,1.0293767882646523,Strength,22,Male,3,8,0.27719807627737836,23.111182346327407,115.28014867156938,17.55057043273403,High,50.814611448921056,6.4063752868976644,1.3168336105126546,6.2235414052382785
45,Beginner,1.18560546903454,Endurance,27,Female,2,8,0.5877946244990051,20.0,124.47666083122172,23.789827183295312,High,38.30679565478859,11.755892489980102,0.8406954369701398,9.915509738702026
28,Beginner,0.9584665966346795,Strength,24,Male,4,7,0.2150473007352744,20.0,115.88781974009713,15.0,High,60.019531714245744,4.300946014705488,1.3333332444444503,4.487314990936304
6,Intermediate,0.8393118775460912,Strength,30,Female,4,6,0.2147960529918219,20.0,115.96955986618076,15.0,High,60.81981569967439,4.295921059836438,1.3333332444444503,5.11837858653673
15,Advanced,1.1536748423298229,Strength,27,Male,2,9,0.6163150639076299,58.93393936294165,93.30419132231759,26.142567347914667,High,42.7791767428363,36.32187460479977,2.254328594598192,31.48360507527708
10,Intermediate,0.965530055413721,Endurance,23,Male,2,9,0.45130991882698135,24.346887940828683,120.60900750988625,25.1450511816211,High,50.25795099863023,10.987992020265004,0.9682576025284287,11.380257484889238
36,Advanced,1.110462061680402,Endurance,24,Female,2,6,0.6693074646966264,43.50606876132385,102.30555371460706,27.499276818514684,High,43.26664960908438,29.118936581558764,1.5820804112910969,26.222336956885986
24,Intermediate,1.0168633682422321,Strength,27,Female,2,7,0.4797950577597053,27.410349897621188,99.72571598727212,24.27124413815393,High,45.491832520351835,13.151350412342891,1.1293343106873674,12.933239498868984
2,Intermediate,0.7590330519613642,Strength,31,Male,4,5,0.2,20.0,116.43570817536282,15.0,High,51.21141638257476,4.0,1.3333332444444503,5.269855798516408
42,Advanced,0.9641477125393119,Hypertrophy,21,Female,4,6,0.2688204826304856,20.0,104.6929558149821,15.0,High,57.36096455613657,5.376409652609712,1.3333332444444503,5.576328197804336
49,Beginner,1.1383189852792346,Endurance,18,Female,3,4,0.38516876111891923,20.0,128.0541320891849,21.12946077276569,High,44.460534065483785,7.7033752223783845,0.9465456439490814,6.76731966582201
4,Intermediate,0.8685521998038728,Strength,30,Male,4,9,0.2,20.0,120.97705142498316,15.0,High,43.9121380301278,4.0,1.3333332444444503,4.6053598108938365
16,Beginner,1.0207447175199866,Strength,25,Male,2,7,0.5242879929656329,27.413725423474713,102.15987783353704,28.06572045615763,High,35.572295381613614,14.372687081984502,0.9767689551932087,14.080575441359203
11,Beginner,0.8656665859680498,Hypertrophy,37,Female,3,8,0.24444378524059865,20.0,124.96248279515736,15.739403573290467,High,58.569802477210345,4.888875704811973,1.2706960995169856,5.6475208082845
13,Beginner,1.0978969610765617,Endurance,20,Male,4,8,0.2,20.0,124.14999772290562,15.0,High,46.80987553590711,4.0,1.3333332444444503,3.6433258297316953
26,Intermediate,0.9581492079931055,Strength,30,Female,1,6,0.7545585422326954,50.40858428234684,85.74592996378966,31.59793649045571,High,31.676169097700623,38.03622787210159,1.5953124882778493,39.69756261053307
28,Beginner,0.9584665966346795,Strength,24,Male,1,8,0.6546932585098962,24.542718307847597,95.88781974009713,37.122237793201,High,33.810411876270926,16.06795222165523,0.6611324937746652,16.764210160126613
39,Intermediate,0.8988570935172121,Strength,18,Male,3,6,0.24779733186978045,23.482880847362665,99.0594535110225,21.011013556586157,High,54.82677333559596,5.818995218592438,1.117646212852757,6.473764057486356
43,Intermediate,0.9951094359398727,Hypertrophy,21,Male,1,9,0.6059530528158629,42.41550128190066,98.90419751209178,33.66085521788912,High,36.65749066407847,25.70180248848285,1.2600838495415,25.828090591983123
6,Intermediate,0.8393118775460912,Strength,30,Female,3,7,0.39670504964413256,20.0,111.96955986618076,17.07343632699741,High,41.681451972352484,7.934100992882652,1.171410280012857,9.453090980898178
38,Intermediate,0.9337588884799567,Strength,31,Male,4,8,0.20779434529266674,20.0,114.50529364365697,15.0,High,58.8966709923878,4.155886905853335,1.3333332444444503,4.450701895771722
25,Intermediate,0.7294894398659109,Endurance,38,Male,4,5,0.24066435646417048,20.0,121.06375317010524,15.0,High,53.215235051955325,4.81328712928341,1.3333332444444503,6.598149703193026
30,Advanced,1.2799937617940123,Strength,42,Male,1,7,0.6141859936814257,128.32873249521225,86.17749103702971,37.73859897974155,High,32.79325592092403,78.8177100854498,3.400463519158113,61.57658799711075
26,Intermediate,0.9581492079931055,Strength,30,Female,3,6,0.4811660941432243,29.638089393367146,104.74592996378966,18.41921265920728,High,38.00053122751782,14.260843711274195,1.6090854876723713,14.883724485270696
34,Intermediate,1.0856711863057111,Strength,24,Female,3,8,0.3487521077248592,26.50340694853256,111.06238518786503,16.119310028371697,High,47.41218752002131,9.243119035190409,1.6442022181893352,8.51372923777534
34,Intermediate,1.0856711863057111,Strength,24,Female,3,9,0.2958878134630618,21.56574207103438,107.06238518786503,15.357441843817409,High,55.38351595631868,6.381040267106725,1.404253448334747,5.877501834895407
5,Intermediate,0.7552748767923754,Strength,42,Male,4,8,0.2313073575434782,20.0,118.46691650205761,15.0,High,52.891086902547336,4.6261471508695635,1.3333332444444503,6.125109106511668
13,Beginner,1.0978969610765617,Endurance,20,Male,3,9,0.2,20.0,124.14999772290562,17.25936138881168,High,62.87167630639201,4.0,1.158791359115614,3.6433258297316953
28,Beginner,0.9584665966346795,Strength,24,Male,2,6,0.4444085897733228,20.0,99.88781974009713,29.41424997156226,High,43.366781693355236,8.888171795466457,0.6799425223962368,9.273314848278787
25,Intermediate,0.7294894398659109,Endurance,38,Male,2,9,0.5762671145834127,25.578878382554123,114.06375317010524,24.883093757119507,High,41.822516065496416,14.740266439794496,1.0279621016688665,20.20625032797405
29,Beginner,0.9068899380096165,Hypertrophy,24,Male,3,9,0.23599763385975941,20.0,108.32556653643316,16.15087036244314,High,64.56516646446788,4.719952677195188,1.2383232799753165,5.204542772865527
16,Beginner,1.0207447175199866,Strength,25,Male,3,9,0.21145674861563066,20.0,114.15987783353704,17.533239395578516,High,63.89210611080854,4.229134972312613,1.1406904570271872,4.143181695229405
19,Intermediate,0.8216554870697557,Endurance,29,Male,3,9,0.26566212522406846,20.0,118.04559104152717,18.563822719069886,High,68.7547539065424,5.313242504481369,1.0773642490180935,6.466501011182663
35,Intermediate,0.8947243672464342,Strength,19,Male,4,8,0.2,20.0,116.70290958591977,15.0,High,52.701849643788954,4.0,1.3333332444444503,4.470645570618185
38,Intermediate,0.9337588884799567,Strength,31,Male,3,4,0.5041084691248378,35.57503137586981,93.50529364365697,21.036196442897868,High,36.02350936459673,17.9336746059578,1.691134125948246,19.20587383031794
11,Beginner,0.8656665859680498,Hypertrophy,37,Female,3,9,0.21626824362460292,20.0,128.96248279515737,15.0,High,63.34520821441624,4.325364872492059,1.3333332444444503,4.996565590075934
13,Beginner,1.0978969610765617,Endurance,20,Male,3,7,0.28942363899638773,21.221512802052594,114.14999772290562,19.482474462457482,High,46.270927233800855,6.14200746017849,1.089261620934476,5.594333606518265
48,Advanced,0.9665210570610695,Hypertrophy,26,Male,4,6,0.2532523477364821,20.0,113.87939713429135,15.0,High,60.25766753471127,5.065046954729642,1.3333332444444503,5.240487703023634
18,Beginner,0.8990066322300064,Hypertrophy,24,Male,4,3,0.3311956255990409,20.0,117.12693282271981,15.456578152288825,High,36.48957150090743,6.623912511980818,1.2939473736682792,7.368027005010036
7,Beginner,1.157516589416337,Strength,23,Female,4,7,0.2,20.0,131.5123461125089,15.0,High,60.505663456942415,4.0,1.3333332444444503,3.4556710296013278
47,Beginner,1.0237145374607064,Strength,32,Female,4,3,0.2841853980812529,20.0,114.55817375181444,15.0,High,38.097144403506825,5.683707961625059,1.3333332444444503,5.552038387268513
33,Intermediate,1.1584151877504985,Hypertrophy,36,Female,1,9,0.5658638314123504,48.327492930581464,110.07936245061157,30.29121184773318,High,39.83734637264346,27.346780312252108,1.5954294459423737,23.607042616830302
40,Intermediate,1.057182432191474,Endurance,35,Male,1,7,0.8810697326102817,38.49447779205346,117.0,35.963215176353394,High,30.99192265677703,33.91631925521697,1.0703847398766417,32.081773344584676
42,Advanced,0.9641477125393119,Hypertrophy,21,Female,2,9,0.46218052187054093,21.125241363577338,101.6929558149821,21.008259525184332,High,49.96762384185913,9.763675078059311,1.0055683257665606,10.126731437875783
25,Intermediate,0.7294894398659109,Endurance,38,Male,3,9,0.29742429791843705,20.0,119.06375317010524,16.748431737063864,High,62.604015792213254,5.948485958368741,1.1941415841101655,8.154302830153805
11,Beginner,0.8656665859680498,Hypertrophy,37,Female,4,8,0.2,20.0,132.96248279515737,15.0,High,59.77343095560822,4.0,1.3333332444444503,4.620711304012754
37,Beginner,0.9734386164236759,Hypertrophy,31,Male,1,8,0.5090562166976188,42.41719265120511,96.27751822790157,36.31278636870232,High,32.43645367395342,21.592735613956513,1.1681062161524987,22.181895260525927
48,Advanced,0.9665210570610695,Hypertrophy,26,Male,2,9,0.509239985832135,32.75556751764578,97.87939713429135,26.494089569546603,High,48.009429098869134,16.68044473860948,1.2363348510364185,17.258214250516094
2,Intermediate,0.7590330519613642,Strength,31,Male,4,4,0.2,20.0,115.43570817536282,15.0,High,51.21141638257476,4.0,1.3333332444444503,5.269855798516408
36,Advanced,1.110462061680402,Endurance,24,Female,1,7,0.8875151415167715,58.007514550153836,97.30555371460706,31.590796708706616,High,31.664292894606533,51.482547485015964,1.8362155677432168,46.3613327282677
28,Beginner,0.9584665966346795,Strength,24,Male,4,4,0.36309600764179156,20.0,108.88781974009713,15.0,High,32.495091226106986,7.261920152835831,1.3333332444444503,7.576594324454472
23,Intermediate,1.20864585370021,Strength,19,Male,3,7,0.3172913191131344,38.52585795259884,106.40666640189394,19.674857997592202,High,49.40541857118374,12.223920289745326,1.9581262542879525,10.113723667357776
33,Intermediate,1.1584151877504985,Hypertrophy,36,Female,3,7,0.4404560101769915,36.897878624968804,123.07936245061157,17.706067310004723,High,41.46518081091987,16.251892403148656,2.083911457865541,14.029407198381637
20,Intermediate,1.2198364576547065,Hypertrophy,26,Female,3,5,0.4019734453206959,30.03079460942284,116.79882480975886,18.99016992390109,High,42.644749479708715,12.071581974867883,1.5813862197325452,9.896057789598496
15,Advanced,1.1536748423298229,Strength,27,Male,3,3,0.5937412264293893,60.88670269961713,89.30419132231759,22.936224141209728,High,30.57830243198702,36.15094553411228,2.6546086954047827,31.335444678382316
44,Beginner,1.0076257789914758,Strength,31,Female,4,5,0.2062690952888705,20.0,118.55672301694133,15.0,High,48.49125350940504,4.1253819057774095,1.3333332444444503,4.09415667764057
1,Intermediate,0.9333251883671226,Strength,18,Male,1,8,0.7030037456052353,45.05058550417252,86.32876454424816,32.82149270455488,High,37.87555236728494,31.670730351142197,1.3725940053094086,33.93318514564659
4,Intermediate,0.8685521998038728,Strength,30,Male,4,2,0.24163667713536424,20.0,103.97705142498316,17.80468059691116,High,32.23557702986559,4.832733542707285,1.1233000652743879,5.56411920858568
23,Intermediate,1.20864585370021,Strength,19,Male,3,9,0.28684023720095886,35.38205044409606,108.40666640189394,16.61705794004551,High,54.2610816498568,10.148995742040805,2.1292606935893286,8.396990163810196
17,Intermediate,1.073947968777169,Endurance,29,Female,4,4,0.24279976501722866,20.0,126.16924012894799,15.0,High,44.85446383476665,4.855995300344573,1.3333332444444503,4.5216257396976305
15,Advanced,1.1536748423298229,Strength,27,Male,4,9,0.24062071366246937,23.127940327116754,107.30419132231759,15.0,High,55.990684182224925,5.565061507053839,1.5418625856836112,4.823765309859762
15,Advanced,1.1536748423298229,Strength,27,Male,1,8,0.7212618690286625,73.91835439875041,79.30419132231759,34.34984922883467,High,37.96220261332966,53.31449044916578,2.151926541347779,46.21271287218631
28,Beginner,0.9584665966346795,Strength,24,Male,4,6,0.26083450603143943,20.0,119.88781974009713,15.0,High,51.50701422168662,5.216690120628789,1.3333332444444503,5.442740202115704
2,Intermediate,0.7590330519613642,Strength,31,Male,4,9,0.2,20.0,122.43570817536282,15.0,High,51.21141638257476,4.0,1.3333332444444503,5.269855798516408
44,Beginner,1.0076257789914758,Strength,31,Female,3,5,0.5102410611043169,20.630384044314525,104.55672301694133,20.42087675793215,High,40.46854038090373,10.526469045760612,1.0102594163123568,10.44679365935119
36,Advanced,1.110462061680402,Endurance,24,Female,2,7,0.8095957065144539,52.857136214449255,104.30555371460706,25.7507181753127,High,31.37522093305153,42.79291053786777,2.052646990345946,38.536095449326915
41,Advanced,0.7129989497915796,Endurance,22,Male,3,8,0.7175461045741482,34.908547727371506,125.58088040765011,18.873422227940203,High,37.652988941348795,25.04849243811616,1.8496139945451398,35.131127913035904
6,Intermediate,0.8393118775460912,Strength,30,Female,3,5,0.471884647011436,20.395478982157872,108.96955986618076,18.99345743472036,High,30.629500494302693,9.624313400124729,1.073815969443174,11.466895906879738
16,Beginner,1.0207447175199866,Strength,25,Male,4,8,0.2,20.0,116.15987783353704,15.0,High,56.450500263377194,4.0,1.3333332444444503,3.9187036804018516
23,Intermediate,1.20864585370021,Strength,19,Male,2,6,0.5027412035377096,62.58590251992733,92.40666640189394,30.989484253163234,High,32.3810660660756,31.464511957362035,2.0195850950295764,26.032841488012032
15,Advanced,1.1536748423298229,Strength,27,Male,4,8,0.24784823480795592,22.977990475208724,107.30419132231759,15.0,High,54.66877695391561,5.695054378714507,1.5318659295561863,4.936442430148724
5,Intermediate,0.7552748767923754,Strength,42,Male,4,5,0.24301268769412454,20.0,114.46691650205761,15.0,High,50.50713601270095,4.860253753882491,1.3333332444444503,6.435070817465775
43,Intermediate,0.9951094359398727,Hypertrophy,21,Male,4,7,0.20893479835614484,20.0,114.90419751209178,15.0,High,42.01259881487856,4.178695967122897,1.3333332444444503,4.199228363207905
49,Beginner,1.1383189852792346,Endurance,18,Female,4,6,0.20551822145895118,20.0,148.0541320891849,15.0,High,58.28005053219334,4.110364429179024,1.3333332444444503,3.6109042117632106
26,Intermediate,0.9581492079931055,Strength,30,Female,2,9,0.45177785025130374,27.378512895885233,99.74592996378966,22.282137064484115,High,52.75845423980287,12.369005699180628,1.2287201890883317,12.90925535056569
9,Beginner,0.8121409833380322,Strength,32,Female,3,9,0.2079975695133655,20.0,124.18369275866755,15.059369050777791,High,55.081658961761036,4.15995139026731,1.3280768008597434,5.122197196565619
49,Beginner,1.1383189852792346,Endurance,18,Female,3,5,0.4088543466067955,20.0,133.0541320891849,19.30785294962393,High,41.04518759625954,8.177086932135909,1.0358479016975137,7.183469532189612
0,Intermediate,0.833217982292962,Strength,32,Male,2,9,0.49925049648097347,35.47146672258688,102.09560932988242,26.191747853863077,High,45.18262647691281,17.70914737215983,1.3542992841180637,21.253893332369195
5,Intermediate,0.7552748767923754,Strength,42,Male,2,9,0.5114280252389657,23.27539006550459,103.46691650205761,25.353462758051442,High,49.53007943178527,11.903686777867653,0.9180359057690126,15.760713593054376
11,Beginner,0.8656665859680498,Hypertrophy,37,Female,1,6,0.5880866360218766,26.311731530291702,106.96248279515736,36.91924892501167,High,34.01870651275251,15.473577683559991,0.7126832637102495,17.874733828986283
40,Intermediate,1.057182432191474,Endurance,35,Male,3,9,0.27782250063643477,20.0,138.0,17.99373111624622,High,72.67188435519283,5.556450012728695,1.111498152289505,5.255899632489064
36,Advanced,1.110462061680402,Endurance,24,Female,4,9,0.27238202819769936,20.0,124.30555371460706,15.0,High,54.00640471344996,5.447640563953987,1.3333332444444503,4.9057377520602765
46,Beginner,0.9303397327885133,Strength,41,Female,2,6,0.46000424815305657,28.213306131209244,101.60632072590371,26.842329268244455,High,31.549210954875612,12.97824067479893,1.051075143225799,13.94998651289749
41,Advanced,0.7129989497915796,Endurance,22,Male,2,7,0.8441673197459506,42.0871933935811,117.58088040765011,28.238724201581046,High,31.789941570495095,35.52863324268884,1.490406988741287,49.82978365296432
49,Beginner,1.1383189852792346,Endurance,18,Female,1,9,0.6182974982676834,26.53497065905696,126.05413208918489,27.479483645603352,High,37.78514460538599,16.4065059751013,0.9656283951927201,14.412912175197134
20,Intermediate,1.2198364576547065,Hypertrophy,26,Female,4,7,0.20533827966369259,20.0,123.79882480975886,15.0,High,57.526651273214256,4.106765593273852,1.3333332444444503,3.3666498495378505
34,Intermediate,1.0856711863057111,Strength,24,Female,1,9,0.5555731449714554,46.08365661013721,93.06238518786503,30.462092439057315,High,31.345396477055804,25.602842034678527,1.512819750958105,23.582479460765242
6,Intermediate,0.8393118775460912,Strength,30,Female,4,4,0.28088928940454316,20.0,112.96955986618076,15.0,High,48.7639834458387,5.617785788090863,1.3333332444444503,6.693315375448127
11,Beginner,0.8656665859680498,Hypertrophy,37,Female,3,7,0.36400203721165425,20.0,121.96248279515736,16.764953461674146,High,38.306157853294515,7.2800407442330854,1.1929647674093833,8.40974164013781
30,Advanced,1.2799937617940123,Strength,42,Male,4,8,0.2606205356197066,47.364554248542554,114.17749103702971,15.0,High,57.52656079344733,12.34417549764381,3.157636739393721,9.64392657384198
41,Advanced,0.7129989497915796,Endurance,22,Male,3,7,0.7598606860343724,38.688509698038665,125.58088040765011,20.866092596484176,High,33.97630856997599,29.39787752079913,1.8541328552536287,41.231247673148594
45,Beginner,1.18560546903454,Endurance,27,Female,4,5,0.30952947783868273,20.0,134.47666083122172,15.0,High,50.295532175572276,6.190589556773655,1.3333332444444503,5.22145392966248
24,Intermediate,1.0168633682422321,Strength,27,Female,2,9,0.4048411649848545,22.28343812087419,102.72571598727212,22.77555907191802,High,54.00713353178772,9.021253048722624,0.9783925422913919,8.871638470641768
0,Intermediate,0.833217982292962,Strength,32,Male,4,8,0.21387578399401153,20.0,110.09560932988242,15.0,High,59.262265928487565,4.2775156798802305,1.3333332444444503,5.133723271772803
33,Intermediate,1.1584151877504985,Hypertrophy,36,Female,3,5,0.4667817567610191,39.83514966843423,120.07936245061157,19.857586518708544,High,37.966595752006995,18.594321143069855,2.006041752599811,16.0515031986714
21,Intermediate,0.7976572398541362,Endurance,27,Male,2,9,0.3840201472375937,26.37007789104128,111.05925809477094,25.21291470048171,High,50.06354433748916,10.126641194384487,1.0458956117692275,12.695463656510707
43,Intermediate,0.9951094359398727,Hypertrophy,21,Male,4,9,0.21568482003104,20.0,123.90419751209178,15.0,High,40.13920951855266,4.3136964006208,1.3333332444444503,4.334892133400805
42,Advanced,0.9641477125393119,Hypertrophy,21,Female,2,8,0.42635130457637493,20.026414010014886,92.6929558149821,26.608837423673613,High,53.846240080073514,8.538287739156438,0.7526226320423514,8.85577881099779
27,Intermediate,0.849802801870305,Hypertrophy,22,Male,2,7,0.6165085623006465,31.673503869574755,95.46905469457332,28.111955157499203,High,38.41500098012532,19.526986333655497,1.126691564689477,22.97822896376693
13,Beginner,1.0978969610765617,Endurance,20,Male,2,7,0.4251278394119258,32.478742706646166,111.14999772290562,25.880722125128393,High,35.07153370638228,13.807617713692327,1.2549395374162304,12.576412565839037
1,Intermediate,0.9333251883671226,Strength,18,Male,1,9,0.7220408137159962,44.93412525649852,92.32876454424816,33.08714971633083,High,36.19324647870222,32.44427236381868,1.3580536336215974,34.761986503968934
47,Beginner,1.0237145374607064,Strength,32,Female,3,7,0.2257220259093725,20.0,114.55817375181444,17.57106058470154,High,57.246578135338986,4.51444051818745,1.1382351546370564,4.4098583571226975
18,Beginner,0.8990066322300064,Hypertrophy,24,Male,4,9,0.2,20.0,134.12693282271982,15.0,High,61.64778542336129,4.0,1.3333332444444503,4.449350435521798
22,Beginner,1.0206059258197335,Endurance,23,Female,4,8,0.2,20.0,137.41615151804842,15.0,High,58.31452573956941,4.0,1.3333332444444503,3.919236582474953
7,Beginner,1.157516589416337,Strength,23,Female,3,9,0.3555319382193761,20.0,122.51234611250892,15.0,High,51.1336837222193,7.110638764387522,1.3333332444444503,6.143007095013535
6,Intermediate,0.8393118775460912,Strength,30,Female,2,6,0.5668125733372301,26.7344005250541,104.96955986618076,29.505414588900617,High,36.540779300150746,15.15339435823411,0.9060845269066834,18.054523841619428
5,Intermediate,0.7552748767923754,Strength,42,Male,4,7,0.24393064563554678,20.0,119.46691650205761,15.0,High,50.32018129864069,4.878612912710936,1.3333332444444503,6.459378702031631
31,Advanced,0.905313829563895,Strength,34,Female,2,8,0.4579069792096352,33.79608480471558,104.64909681133815,23.80747193161844,High,51.12640208501368,15.475463102039967,1.419557838069885,17.09401259835184
49,Beginner,1.1383189852792346,Endurance,18,Female,3,6,0.32589528088451697,20.0,134.0541320891849,20.477485355522372,High,53.007482231102045,6.51790561769034,0.9766823746219416,5.725899309491146
3,Beginner,1.0293767882646523,Strength,22,Male,4,8,0.2,20.0,124.28014867156938,15.0,High,44.57137615110719,4.0,1.3333332444444503,3.885842540612119
12,Advanced,0.9620004503267581,Hypertrophy,31,Female,4,3,0.38887405477771,20.0,109.79701765766903,15.299725611813601,High,33.27016408472073,7.777481095554199,1.3072129004290252,8.084687494922655
37,Beginner,0.9734386164236759,Hypertrophy,31,Male,4,4,0.20825582186521388,20.0,108.27751822790157,15.0,High,38.577009016048166,4.1651164373042775,1.3333332444444503,4.278761997181209
8,Intermediate,0.9755399554084354,Endurance,24,Male,4,6,0.2497297383335376,20.0,121.53192666523107,15.0,High,51.55063778298427,4.994594766670752,1.3333332444444503,5.119820689208928
22,Beginner,1.0206059258197335,Endurance,23,Female,2,7,0.5483981395725717,20.0,113.41615151804841,26.2948778855727,High,35.99098037370145,10.967962791451434,0.7606043780248581,10.746510251870141
23,Intermediate,1.20864585370021,Strength,19,Male,4,9,0.2,21.709454935772,115.40666640189394,15.0,High,56.432316426676685,4.3418909871544,1.4472968992316735,3.59235700143671
30,Advanced,1.2799937617940123,Strength,42,Male,2,7,0.5380423601383097,103.59359526302312,92.17749103702971,27.65082762200346,High,38.68879644193991,55.73774249052978,3.746491531200889,43.545289523223516
25,Intermediate,0.7294894398659109,Endurance,38,Male,3,7,0.3068954391179369,20.0,121.06375317010524,18.02092612789148,High,61.41318286697813,6.137908782358737,1.1098208132169545,8.413967403722191
21,Intermediate,0.7976572398541362,Endurance,27,Male,3,4,0.43407085125736283,31.24493583621917,113.05925809477094,23.324634799299037,High,33.22709182629397,13.562515895909337,1.3395680046227412,17.002915808140397
28,Beginner,0.9584665966346795,Strength,24,Male,4,9,0.20387845773273522,20.0,117.88781974009713,15.0,High,62.09598453148559,4.077569154654705,1.3333332444444503,4.254258744866961
36,Advanced,1.110462061680402,Endurance,24,Female,4,6,0.27256340787446853,20.0,120.30555371460706,15.0,High,53.97577749658941,5.451268157489371,1.3333332444444503,4.909004491549922
42,Advanced,0.9641477125393119,Hypertrophy,21,Female,3,9,0.3082551262568102,20.0,109.6929558149821,15.367880099685628,High,69.46525266186381,6.165102525136204,1.301415586850755,6.394348138368572
48,Advanced,0.9665210570610695,Hypertrophy,26,Male,1,7,0.8387739078512013,57.084202959283516,87.87939713429135,34.426683901156004,High,31.627174320850294,47.880739992729346,1.6581382472108637,49.53921086738738
41,Advanced,0.7129989497915796,Endurance,22,Male,3,5,0.7794707272707644,39.779443370419585,118.58088040765011,22.185806514144666,High,32.27240766377352,31.00691165436714,1.7930130938465059,43.48795769681459
18,Beginner,0.8990066322300064,Hypertrophy,24,Male,4,5,0.23766007499293987,20.0,122.12693282271981,15.0,High,54.426049037853616,4.753201499858798,1.3333332444444503,5.287164790879902
22,Beginner,1.0206059258197335,Endurance,23,Female,3,9,0.3016316686987492,20.0,130.41615151804842,15.076665340152767,High,52.795191871854165,6.032633373974984,1.326553201402038,5.910829351985515
7,Beginner,1.157516589416337,Strength,23,Female,2,7,0.5044266169399941,28.76558844950277,107.51234611250892,24.686395063973567,High,38.67541496385568,14.510128465870853,1.1652404982468147,12.535557643825866
26,Intermediate,0.9581492079931055,Strength,30,Female,4,3,0.3296874414042127,20.158819539666357,108.74592996378966,15.428707316666474,High,43.21574615184396,6.64610963576185,1.3065785628917685,6.936396381609587
16,Beginner,1.0207447175199866,Strength,25,Male,2,8,0.5297012583252242,26.651744517456425,99.15987783353704,26.783141593053074,High,34.907080335135234,14.117462607459064,0.9950940008201005,13.830538169446339
33,Intermediate,1.1584151877504985,Hypertrophy,36,Female,4,6,0.22054354864656842,20.0,125.07936245061157,15.0,High,52.40868518638548,4.410870972931368,1.3333332444444503,3.8076738046079424
37,Beginner,0.9734386164236759,Hypertrophy,31,Male,1,9,0.38625582932014246,31.40444687223424,97.27751822790157,33.78096991325206,High,48.73490832255452,12.13015067097519,0.9296490308961036,12.461122874308531
19,Intermediate,0.8216554870697557,Endurance,29,Male,2,8,0.6075567857899616,25.041333384015726,108.04559104152717,26.51236423231288,High,39.93617407524887,15.214032022687457,0.9445152540934264,18.51629271125786
40,Intermediate,1.057182432191474,Endurance,35,Male,3,6,0.4520879206840737,20.0,125.0,23.487464394008086,High,55.530200218583246,9.041758413681475,0.8515180188451591,8.552686448120442
42,Advanced,0.9641477125393119,Hypertrophy,21,Female,3,6,0.4263992012719044,21.323848079187105,97.6929558149821,19.944941436436466,High,57.76228595409114,9.092471789008814,1.06913560403321,9.430569859976949
22,Beginner,1.0206059258197335,Endurance,23,Female,3,8,0.3055519369467936,20.0,126.41615151804841,16.909168331647837,High,52.18167701362281,6.111038738935872,1.1827902132701011,5.987651645639769
47,Beginner,1.0237145374607064,Strength,32,Female,4,6,0.2,20.0,114.55817375181444,15.0,High,56.43487947343853,4.0,1.3333332444444503,3.907335440001108
8,Intermediate,0.9755399554084354,Endurance,24,Male,2,9,0.48924122290424044,23.817655655745813,108.53192666523107,26.07247824716059,High,41.64332803062422,11.65257897972918,0.9135171009231761,11.944735805428616
9,Beginner,0.8121409833380322,Strength,32,Female,2,9,0.37674521697004326,20.0,109.18369275866755,21.868014585046964,High,43.97898642164298,7.534904339400866,0.9145777275591349,9.277816556695191
1,Intermediate,0.9333251883671226,Strength,18,Male,3,7,0.4286396345386402,26.307015410644674,104.32876454424816,19.55661391441222,High,51.080792160354996,11.276229471421107,1.3451722358790095,12.081766923468793
31,Advanced,0.905313829563895,Strength,34,Female,3,9,0.24387607974224718,20.0,113.64909681133815,15.470420414810519,High,65.9113964503191,4.877521594844944,1.29278960564404,5.387652378559319
46,Beginner,0.9303397327885133,Strength,41,Female,3,7,0.25865227871771207,20.0,110.60632072590371,17.029142268342895,High,51.031223691978354,5.173045574354242,1.1744572046193253,5.560377388668187
11,Beginner,0.8656665859680498,Hypertrophy,37,Female,4,9,0.2,20.0,136.96248279515737,15.0,High,59.77343095560822,4.0,1.3333332444444503,4.620711304012754
12,Advanced,0.9620004503267581,Hypertrophy,31,Female,2,8,0.7506725799095425,36.81230271149341,98.79701765766903,23.454458288903055,High,32.11407199001432,27.633986248847805,1.5695225482733814,28.72551412418506
38,Intermediate,0.9337588884799567,Strength,31,Male,1,7,0.6851434761070747,56.45202670023964,83.50529364365697,36.64317144276646,High,31.332083490754293,38.67773780669158,1.5405878622658271,41.42150276946899
46,Beginner,0.9303397327885133,Strength,41,Female,4,6,0.35553075527521955,20.0,118.60632072590371,15.0,High,36.769442609430115,7.110615105504391,1.3333332444444503,7.6430224485514255
35,Intermediate,0.8947243672464342,Strength,19,Male,1,8,0.5445627048005307,64.13075423777707,92.70290958591977,34.22926427063302,High,31.343841118217036,34.92321698862198,1.8735650248618694,39.03233133548015
39,Intermediate,0.8988570935172121,Strength,18,Male,4,8,0.2,20.0,110.0594535110225,15.0,High,51.74957506245311,4.0,1.3333332444444503,4.450090652628033
48,Advanced,0.9665210570610695,Hypertrophy,26,Male,2,6,0.6310622393202237,42.21346297289826,97.87939713429135,29.719117021708882,High,35.57205441597099,26.639322473138524,1.4204143925826687,27.56204297514063
8,Intermediate,0.9755399554084354,Endurance,24,Male,4,5,0.32077736240671234,20.0,112.53192666523107,15.0,High,37.76688861338313,6.415547248134247,1.3333332444444503,6.57639970168983
23,Intermediate,1.20864585370021,Strength,19,Male,2,8,0.4398906051887204,53.08842998405441,94.40666640189394,26.319351011726198,High,40.83450180510418,23.353101594204706,2.0170872732885536,19.32169146240723
7,Beginner,1.157516589416337,Strength,23,Female,3,8,0.32826617460103513,20.0,122.51234611250892,16.65260144239336,High,54.88124416700537,6.565323492020703,1.201013479375752,5.671899547834241
2,Intermediate,0.7590330519613642,Strength,31,Male,1,7,0.5666295789207,42.028596897569436,98.43570817536282,37.265279214462836,High,30.328810329861515,23.814646162697606,1.1278218399457502,31.374937792527128
33,Intermediate,1.1584151877504985,Hypertrophy,36,Female,2,9,0.4677011718977017,36.758556646088714,118.07936245061157,22.229363886751315,High,41.62825413415289,17.192020020643742,1.6536035479806617,14.840970112847376
18,Beginner,0.8990066322300064,Hypertrophy,24,Male,2,7,0.45171040064554624,22.472046789763436,111.12693282271981,29.85066861784397,High,42.044411114513125,10.150857258729502,0.752815500538394,11.291180291261929
9,Beginner,0.8121409833380322,Strength,32,Female,4,9,0.2,20.0,125.18369275866755,15.0,High,56.42537713753589,4.0,1.3333332444444503,4.925247163752533
42,Advanced,0.9641477125393119,Hypertrophy,21,Female,2,5,0.6117753545474588,28.5079326131165,92.6929558149821,26.26132303401533,High,33.773551210857676,17.44045058180441,1.085548183944999,18.088963201403743
37,Beginner,0.9734386164236759,Hypertrophy,31,Male,3,6,0.2685124490339039,22.0674525297297,111.27751822790157,21.1827529609596,High,39.10653233952195,5.92538572269714,1.0417650401076566,6.0870603812760775
13,Beginner,1.0978969610765617,Endurance,20,Male,3,4,0.33931404366952517,24.839482648130492,112.14999772290562,24.990729254857417,High,37.00919176425416,8.428385299996162,0.9939478516560144,7.676838466601734
21,Intermediate,0.7976572398541362,Endurance,27,Male,3,3,0.41632410307942236,29.418947435523197,111.05925809477094,25.433800384695918,High,35.957065476989335,12.247816904634867,1.1566870005214882,15.35471746254958
2,Intermediate,0.7590330519613642,Strength,31,Male,3,6,0.29277982732282476,21.00875065674231,109.43570817536282,22.11579406618766,High,48.235148109402026,6.150938389549295,0.9499432687754515,8.103639584620883
37,Beginner,0.9734386164236759,Hypertrophy,31,Male,3,7,0.2,20.0,113.27751822790157,19.00384451683568,High,54.64384025428236,4.0,1.052418574034493,4.109140343697555
33,Intermediate,1.1584151877504985,Hypertrophy,36,Female,4,8,0.2,20.0,132.07936245061157,15.0,High,56.84179827007148,4.0,1.3333332444444503,3.4529904211434643
16,Beginner,1.0207447175199866,Strength,25,Male,3,7,0.2876012991543936,20.0,105.15987783353704,19.743133285551036,High,50.88982848621731,5.752025983087872,1.013010381772916,5.6351213474233806
12,Advanced,0.9620004503267581,Hypertrophy,31,Female,4,8,0.2619821725896682,20.0,114.79701765766903,15.0,High,55.04450046267527,5.2396434517933645,1.3333332444444503,5.446606603361816
17,Intermediate,1.073947968777169,Endurance,29,Female,3,8,0.38998134765908327,20.0,130.169240128948,16.654903716451745,High,47.26013116891861,7.799626953181665,1.2008474584813422,7.262567570657067
4,Intermediate,0.8685521998038728,Strength,30,Male,3,9,0.2,20.0,110.97705142498316,16.90719221607806,High,56.39829426889309,4.0,1.1829284579879766,4.6053598108938365
3,Beginner,1.0293767882646523,Strength,22,Male,2,8,0.425234602992463,35.691627758312606,108.28014867156938,27.997873554930838,High,36.297859205711866,15.177315159960834,1.274797759675896,14.74416422521326
40,Intermediate,1.057182432191474,Endurance,35,Male,4,9,0.28375490143230103,20.0,143.0,15.0,High,60.047323910842906,5.675098028646021,1.3333332444444503,5.368129934539273
36,Advanced,1.110462061680402,Endurance,24,Female,2,5,0.8043763925589874,53.75806834356641,99.30555371460706,29.65117765832374,High,31.817632205978075,43.24172108513745,1.813016236657268,38.9402606690061
4,Intermediate,0.8685521998038728,Strength,30,Male,3,8,0.2,20.0,110.97705142498316,17.528750753912416,High,56.39829426889309,4.0,1.140982557159896,4.6053598108938365
10,Intermediate,0.965530055413721,Endurance,23,Male,3,7,0.2931015208023652,20.0,123.60900750988625,19.23591646544098,High,57.943255988983736,5.862030416047304,1.0397216579833928,6.071301780692574
32,Advanced,0.7947734188111895,Strength,27,Male,3,6,0.4103413757292727,37.57947718952782,106.56666168173585,20.9514279891408,High,35.92550651061931,15.420414369137669,1.7936474504438527,19.402253021937057
46,Beginner,0.9303397327885133,Strength,41,Female,4,9,0.22117315701659312,20.0,117.60632072590371,15.0,High,60.66471946381859,4.4234631403318625,1.3333332444444503,4.7546699659955785
10,Intermediate,0.965530055413721,Endurance,23,Male,4,7,0.22518235000731054,20.0,136.60900750988625,15.0,High,47.68088458668114,4.503647000146211,1.3333332444444503,4.664424800107999
47,Beginner,1.0237145374607064,Strength,32,Female,1,8,0.4672035683897197,29.038181529866357,100.55817375181444,35.27038472616496,High,32.50956439134601,13.566742030302013,0.8233020686338763,13.252452985087912
19,Intermediate,0.8216554870697557,Endurance,29,Male,4,9,0.2480118295961561,20.0,131.0455910415272,15.0,High,61.23029854427708,4.960236591923122,1.3333332444444503,6.036873888274938
13,Beginner,1.0978969610765617,Endurance,20,Male,4,4,0.2,20.0,115.14999772290562,16.440296709841405,High,46.80987553590711,4.0,1.2165229823075348,3.6433258297316953
29,Beginner,0.9068899380096165,Hypertrophy,24,Male,2,9,0.3171600090289356,20.0,104.32556653643316,24.2527778288052,High,51.583792835565056,6.343200180578712,0.8246477709286597,6.99444653675815
35,Intermediate,0.8947243672464342,Strength,19,Male,3,9,0.3397051501738453,35.07589812882109,108.70290958591977,15.880373577218297,High,49.13703329604425,11.915463241333667,2.20875760570159,13.31745324043304
40,Intermediate,1.057182432191474,Endurance,35,Male,2,9,0.6588056125271672,27.646362934922962,128.0,26.359694226410554,High,45.27056737558915,18.213579067490294,1.0488119341844004,17.22840002300708
18,Beginner,0.8990066322300064,Hypertrophy,24,Male,4,8,0.2,20.0,128.12693282271982,15.0,High,61.64778542336129,4.0,1.3333332444444503,4.449350435521798
5,Intermediate,0.7552748767923754,Strength,42,Male,1,9,0.7401519916585401,34.585612466759216,91.46691650205761,34.59554495148157,High,37.44506878427741,25.598609950002267,0.9997128681034175,33.89305912790235
35,Intermediate,0.8947243672464342,Strength,19,Male,3,8,0.36221147805055354,38.52913449491912,111.70290958591977,18.381147370704788,High,45.76723273565976,13.955694753413223,2.096122272552104,15.597741233561566
18,Beginner,0.8990066322300064,Hypertrophy,24,Male,3,5,0.4490893380157954,20.0,117.12693282271981,21.5786514199031,High,30.460407552415358,8.98178676031591,0.9268419366889181,9.990779208443879
25,Intermediate,0.7294894398659109,Endurance,38,Male,4,9,0.23275559229558693,20.0,131.06375317010526,15.0,High,54.752686123201876,4.655111845911739,1.3333332444444503,6.381319879623651
48,Advanced,0.9665210570610695,Hypertrophy,26,Male,4,5,0.24581007430615284,20.0,108.87939713429135,15.0,High,61.42556709263951,4.9162014861230565,1.3333332444444503,5.086486594079277
35,Intermediate,0.8947243672464342,Strength,19,Male,4,9,0.2,20.0,120.70290958591977,15.0,High,52.701849643788954,4.0,1.3333332444444503,4.470645570618185
3,Beginner,1.0293767882646523,Strength,22,Male,2,7,0.4228519463037859,36.01293622069584,103.28014867156938,28.148344471033532,High,36.65479236867286,15.228140173035346,1.2793979759043201,14.793538724696285
48,Advanced,0.9665210570610695,Hypertrophy,26,Male,1,9,0.8110884601754466,52.71581586212696,88.87939713429135,32.85972101540194,High,33.88395921850284,42.757189914504934,1.6042684669522804,44.23819363679905
45,Beginner,1.18560546903454,Endurance,27,Female,4,7,0.2635727525450636,20.0,134.47666083122172,15.0,High,57.67529642168792,5.271455050901272,1.3333332444444503,4.446209757267865
28,Beginner,0.9584665966346795,Strength,24,Male,4,8,0.2052589057092976,20.0,122.88781974009713,15.0,High,61.839338870933794,4.105178114185952,1.3333332444444503,4.283064058294547
31,Advanced,0.905313829563895,Strength,34,Female,3,7,0.3397471495673764,23.205709573333888,105.64909681133815,16.66484773806291,High,52.510693541666996,7.884073681228567,1.3924944617307864,8.708654076755215
19,Intermediate,0.8216554870697557,Endurance,29,Male,1,8,0.8664623223521994,38.60065555891003,106.04559104152717,37.18815259605276,High,30.456377071558105,33.44601365989052,1.03798257848992,40.70559191854962
42,Advanced,0.9641477125393119,Hypertrophy,21,Female,3,5,0.6059476692785346,28.467174957038992,99.6929558149821,19.858809417909665,High,39.97680036588267,17.249618316162046,1.4334783583696369,17.891034953239867
25,Intermediate,0.7294894398659109,Endurance,38,Male,2,8,0.6525655334106368,28.26281566165479,110.06375317010524,25.11473687698541,High,34.119751282956756,18.443339377934258,1.125347825650779,25.282496342685953
27,Intermediate,0.849802801870305,Hypertrophy,22,Male,3,9,0.23012885648000536,20.0,109.46905469457332,16.06742383979128,High,67.43150439652574,4.602577129600107,1.2447545390391135,5.416046762170806
40,Intermediate,1.057182432191474,Endurance,35,Male,4,7,0.2713194841990458,20.0,143.0,15.0,High,61.79823004231745,5.426389683980916,1.3333332444444503,5.132874313715223
31,Advanced,0.905313829563895,Strength,34,Female,4,8,0.23833949292572468,20.0,120.64909681133815,15.0,High,58.92238741112299,4.766789858514493,1.3333332444444503,5.2653394187862075
4,Intermediate,0.8685521998038728,Strength,30,Male,4,4,0.2,20.0,103.97705142498316,15.0,High,43.9121380301278,4.0,1.3333332444444503,4.6053598108938365
22,Beginner,1.0206059258197335,Endurance,23,Female,1,9,0.5118250440774512,20.0,112.41615151804841,30.97052657057671,High,39.13963222597426,10.236500881549023,0.6457752440420431,10.029817182876009
27,Intermediate,0.849802801870305,Hypertrophy,22,Male,4,8,0.22657627447269657,20.0,118.46905469457332,15.0,High,59.47361002000301,4.531525489453932,1.3333332444444503,5.332437298445415
10,Intermediate,0.965530055413721,Endurance,23,Male,3,9,0.248047036970762,20.0,127.60900750988625,16.457156574341194,High,64.40806343135752,4.96094073941524,1.2152766909871815,5.138043682385258
25,Intermediate,0.7294894398659109,Endurance,38,Male,3,5,0.407175271359489,20.0,113.06375317010524,21.76228519169835,High,48.80472064949995,8.14350542718978,0.9190210910666817,11.163279163311111
32,Advanced,0.7947734188111895,Strength,27,Male,0,8,0.6998024766652672,74.35116461995952,85.56666168173585,47.01841286463204,High,31.970451919796194,52.03112914399466,1.5813201362772382,65.46653731233822
45,Beginner,1.18560546903454,Endurance,27,Female,4,6,0.23519250511808742,20.0,138.47666083122172,15.0,High,62.23261711674175,4.7038501023617485,1.3333332444444503,3.9674632563300505
19,Intermediate,0.8216554870697557,Endurance,29,Male,4,4,0.31522795153314603,20.0,122.04559104152717,15.0,High,50.72294095269808,6.3045590306629204,1.3333332444444503,7.672986375543197
49,Beginner,1.1383189852792346,Endurance,18,Female,3,9,0.25243359245168545,20.0,141.0541320891849,15.979957243902081,High,63.600301156382436,5.048671849033709,1.2515677259439624,4.435195651770314
46,Beginner,0.9303397327885133,Strength,41,Female,3,9,0.2,20.0,113.60632072590371,15.44918394079595,High,62.135437931737535,4.0,1.2945666762773307,4.299500020826549
29,Beginner,0.9068899380096165,Hypertrophy,24,Male,3,5,0.3652878169557696,20.0,102.32556653643316,20.75241174019443,High,45.15236117122476,7.305756339115392,0.9637433608508993,8.055826817665173
38,Intermediate,0.9337588884799567,Strength,31,Male,4,9,0.2139669592376492,20.0,114.50529364365697,15.0,High,57.675680202382196,4.279339184752984,1.3333332444444503,4.582911771589598
41,Advanced,0.7129989497915796,Endurance,22,Male,2,6,0.8528266919441492,45.01979470832153,113.58088040765011,31.541365405784184,High,31.090250561632406,38.39408259310256,1.4273254407921152,53.848646980025336
1,Intermediate,0.9333251883671226,Strength,18,Male,4,8,0.22981957532373817,20.0,116.32876454424816,15.0,High,61.58345540907011,4.596391506474763,1.3333332444444503,4.9247428859960145
42,Advanced,0.9641477125393119,Hypertrophy,21,Female,4,3,0.36684282022753784,20.0,103.6929558149821,15.0,High,41.813124279262254,7.3368564045507565,1.3333332444444503,7.609672977965633
8,Intermediate,0.9755399554084354,Endurance,24,Male,4,8,0.2174021425899824,20.0,123.53192666523107,15.0,High,57.82242345911743,4.348042851799648,1.3333332444444503,4.457058237989842
40,Intermediate,1.057182432191474,Endurance,35,Male,2,6,0.8244040542904644,37.56768991750813,118.0,29.972609242235187,High,31.513688883880697,30.970955878320705,1.253400675279543,29.295725732401884
13,Beginner,1.0978969610765617,Endurance,20,Male,4,3,0.22329379270030572,20.0,116.14999772290562,15.031921174568915,High,40.61487687105691,4.465875854006114,1.3305018325491405,4.067660212818892
32,Advanced,0.7947734188111895,Strength,27,Male,3,7,0.36362785742441056,34.261225426650206,106.56666168173585,19.105079064732625,High,43.219786837996566,12.458335994627552,1.7933044672183995,15.675310754544071
4,Intermediate,0.8685521998038728,Strength,30,Male,4,3,0.2,20.0,109.97705142498316,16.546672819013146,High,43.9121380301278,4.0,1.2087021366807127,4.6053598108938365
7,Beginner,1.157516589416337,Strength,23,Female,2,6,0.5042932862239492,29.816321405971152,106.51234611250892,23.96466720606887,High,38.691624359949074,15.036170704926674,1.2441783524639158,12.99001487528882
22,Beginner,1.0206059258197335,Endurance,23,Female,2,9,0.588740909609891,20.0,120.41615151804841,24.821039634106853,High,31.282173080681275,11.77481819219782,0.8057679891357089,11.537074552713323
34,Intermediate,1.0856711863057111,Strength,24,Female,2,7,0.5878961423812783,43.424633001726306,94.06238518786503,28.35024067245666,High,31.570793832547988,25.529174226037647,1.531720029177564,23.514624900641017
21,Intermediate,0.7976572398541362,Endurance,27,Male,1,9,0.5959752621939974,46.13042111745453,102.05925809477094,32.51161828995479,High,31.837966828711284,27.492589820594482,1.418890295990504,34.46662799549581
27,Intermediate,0.849802801870305,Hypertrophy,22,Male,3,7,0.33410961297818165,20.0,108.46905469457332,19.082191564154314,High,52.71584959922736,6.682192259563633,1.048097587987335,7.8632176566603
35,Intermediate,0.8947243672464342,Strength,19,Male,3,5,0.4453584240904765,47.73990108510844,102.70290958591977,20.621363264480568,High,33.31790617761391,21.261367113499123,2.315069966895372,23.763009177813
24,Intermediate,1.0168633682422321,Strength,27,Female,4,8,0.20350891474434096,20.0,111.72571598727212,15.0,High,61.261443910966605,4.070178294886819,1.3333332444444503,4.002675697962152
16,Beginner,1.0207447175199866,Strength,25,Male,4,3,0.30503579160219696,20.0,104.15987783353704,15.859612722171878,High,33.579219369797976,6.100715832043939,1.2610647617501445,5.976724396029106
24,Intermediate,1.0168633682422321,Strength,27,Female,4,9,0.20341120354696973,20.0,115.72571598727212,15.0,High,61.28004354187048,4.068224070939395,1.3333332444444503,4.000753884189876
11,Beginner,0.8656665859680498,Hypertrophy,37,Female,4,7,0.2,20.0,132.96248279515737,15.0,High,59.77343095560822,4.0,1.3333332444444503,4.620711304012754
27,Intermediate,0.849802801870305,Hypertrophy,22,Male,1,9,0.8049659948675157,43.14418631308973,96.46905469457332,38.66135601771636,High,30.536948527157303,34.729602858265736,1.1159511626381646,40.86778946132096
20,Intermediate,1.2198364576547065,Hypertrophy,26,Female,4,2,0.3304007934847709,23.2501109392,117.79882480975886,17.20852576874984,High,31.658002861087,7.681855102920632,1.3510808479794731,6.297441560525598
42,Advanced,0.9641477125393119,Hypertrophy,21,Female,1,9,0.7469688658009624,33.89885494601338,88.6929558149821,30.549045232406023,High,39.02539621707708,25.32138923097496,1.1096534630941741,26.262949793590597
1,Intermediate,0.9333251883671226,Strength,18,Male,1,6,0.7910819176927734,52.94727869043785,89.32876454424816,35.52259065792376,High,30.09208346879892,41.88563476304529,1.4905240923947987,44.877809371582345
8,Intermediate,0.9755399554084354,Endurance,24,Male,4,7,0.21992872001669583,20.0,117.53192666523107,15.0,High,57.3322492983105,4.398574400333917,1.3333332444444503,4.508856728103578
28,Beginner,0.9584665966346795,Strength,24,Male,3,9,0.2482550065166497,20.0,116.88781974009713,15.373451944134136,High,64.88657448814205,4.965100130332994,1.3009439110834995,5.180248291925767
34,Intermediate,1.0856711863057111,Strength,24,Female,4,8,0.2,20.0,118.06238518786503,15.0,High,52.41048316215136,4.0,1.3333332444444503,3.6843533899593264
8,Intermediate,0.9755399554084354,Endurance,24,Male,4,4,0.3290411657820293,20.0,113.53192666523107,15.0,High,36.1636514270846,6.580823315640586,1.3333332444444503,6.745819618496031
28,Beginner,0.9584665966346795,Strength,24,Male,2,4,0.4770968900927703,20.0,94.88781974009713,31.42397635590204,High,39.20114743095565,9.541937801855406,0.6364566704425659,9.955409901553846
19,Intermediate,0.8216554870697557,Endurance,29,Male,3,5,0.5323437042068313,21.63909779390608,115.04559104152717,23.830106115357818,High,37.38960707998471,11.519437475301833,0.9080570930359059,14.019773051854301
33,Intermediate,1.1584151877504985,Hypertrophy,36,Female,4,5,0.24335142427062184,20.0,122.07936245061157,15.0,High,47.4869507003154,4.867028485412437,1.3333332444444503,4.201450684890382
22,Beginner,1.0206059258197335,Endurance,23,Female,1,8,0.511120340488268,20.0,105.41615151804841,32.274033768629316,High,39.22342749958513,10.22240680976536,0.6196932036350224,10.01600768244337
31,Advanced,0.905313829563895,Strength,34,Female,2,5,0.6341015158646002,50.8922659687377,95.64909681133815,28.665362046604233,High,32.32070282671575,32.270862996560986,1.7753923397375746,35.64601168867011
24,Intermediate,1.0168633682422321,Strength,27,Female,3,8,0.31359366642279296,20.0,107.72571598727212,15.0,High,57.18036434571393,6.271873328455859,1.3333332444444503,6.167856328074038
7,Beginner,1.157516589416337,Strength,23,Female,2,4,0.491371033011273,29.45199988217031,109.51234611250892,29.53890762731366,High,40.26261960363111,14.471859606349915,0.9970578213894136,12.502496496530268
44,Beginner,1.0076257789914758,Strength,31,Female,3,6,0.5006239559603467,20.0,114.55672301694133,18.092629212293065,High,41.5905988551703,10.012479119206933,1.1054224712121163,9.936694149026419
29,Beginner,0.9068899380096165,Hypertrophy,24,Male,4,4,0.2701024813437576,20.0,114.32556653643316,15.0,High,34.89454515169304,5.402049626875152,1.3333332444444503,5.956669540365248
13,Beginner,1.0978969610765617,Endurance,20,Male,4,7,0.2,20.0,120.14999772290562,15.0,High,46.80987553590711,4.0,1.3333332444444503,3.6433258297316953
36,Advanced,1.110462061680402,Endurance,24,Female,1,8,0.8523577954326143,57.12797494395684,98.30555371460706,33.550683697366075,High,34.37129133578695,48.69347478076068,1.7027364853880829,43.84970239989393
10,Intermediate,0.965530055413721,Endurance,23,Male,4,6,0.23409876637634375,20.0,131.60900750988625,15.0,High,45.60923457916719,4.6819753275268745,1.3333332444444503,4.849119353826161
24,Intermediate,1.0168633682422321,Strength,27,Female,4,6,0.23892223437770718,20.0,113.72571598727212,15.0,High,54.520408164992375,4.778444687554144,1.3333332444444503,4.699195720481621
31,Advanced,0.905313829563895,Strength,34,Female,4,5,0.23336942428434163,20.0,108.64909681133815,15.0,High,59.77897459138725,4.667388485686833,1.3333332444444503,5.155541843863522
46,Beginner,0.9303397327885133,Strength,41,Female,4,7,0.3063917055772488,20.0,117.60632072590371,15.0,High,45.50874140691496,6.127834111544976,1.3333332444444503,6.586655722552315
45,Beginner,1.18560546903454,Endurance,27,Female,4,9,0.22092796597912454,20.0,144.47666083122172,15.0,High,64.52322714720995,4.41855931958249,1.3333332444444503,3.7268346917680035
8,Intermediate,0.9755399554084354,Endurance,24,Male,4,9,0.22483440078940076,20.0,120.53192666523107,15.0,High,56.380512007173834,4.496688015788015,1.3333332444444503,4.6094302764616994
47,Beginner,1.0237145374607064,Strength,32,Female,3,8,0.27734059526818877,20.0,112.55817375181444,15.514031469782863,High,47.46963916380151,5.546811905363775,1.2891554815909139,5.418313684211988
2,Intermediate,0.7590330519613642,Strength,31,Male,1,9,0.4884826466441675,37.77534620952863,97.43570817536282,35.984653466899964,High,39.937538753726116,18.452601094330266,1.049762649361433,24.310636718666643
41,Advanced,0.7129989497915796,Endurance,22,Male,1,9,0.9453783893693546,49.93448581823164,109.58088040765011,35.59417625853115,High,30.916824892884424,47.20698377682671,1.4028835518669964,66.2089580660223
26,Intermediate,0.9581492079931055,Strength,30,Female,2,7,0.6210190655764838,38.735177777251025,97.74592996378966,23.55767392483555,High,35.06122403285826,24.05528390816741,1.6442699842340838,25.105963248238947
6,Intermediate,0.8393118775460912,Strength,30,Female,2,8,0.5283981572403696,24.18814811540961,105.96955986618076,24.149558065482125,High,40.841581759054826,12.780972891239559,1.0015979194412141,15.227900385142949
40,Intermediate,1.057182432191474,Endurance,35,Male,4,5,0.4731932915846682,20.096125568593198,134.0,15.0,High,33.37440794567279,9.509351805901428,1.3397416152567723,8.994987545528543
26,Intermediate,0.9581492079931055,Strength,30,Female,4,8,0.2241130815426424,20.0,118.74592996378966,15.0,High,61.39951810476427,4.482261630852848,1.3333332444444503,4.6780364847398745
1,Intermediate,0.9333251883671226,Strength,18,Male,4,4,0.41123057781143657,23.496027812008347,106.32876454424816,15.278897087723523,High,31.258867712235617,9.662285093405776,1.537809053840553,10.352527566284392
39,Intermediate,0.8988570935172121,Strength,18,Male,3,9,0.2368162831574272,20.054482217141818,106.0594535110225,17.44072429037853,High,56.82860845929565,4.749227939310245,1.1498651508607391,5.283623714981104
12,Advanced,0.9620004503267581,Hypertrophy,31,Female,2,7,0.7458467854691401,35.79826779441394,96.79701765766903,25.322972123806863,High,32.55048533817688,26.700022959827077,1.4136676455561588,27.75465977806792
26,Intermediate,0.9581492079931055,Strength,30,Female,2,6,0.649193703815101,41.144955120168234,97.74592996378966,26.272560480075764,High,32.115055997204784,26.71104580776812,1.5660808388010128,27.8777227045807
13,Beginner,1.0978969610765617,Endurance,20,Male,2,8,0.43054471462480487,32.4693521701502,112.14999772290562,26.183440949315216,High,34.24423102923305,13.979507964149608,1.2400719597141958,12.732975613181553
26,Intermediate,0.9581492079931055,Strength,30,Female,3,8,0.4107738146647119,25.061007975192787,109.74592996378966,16.575639411185076,High,47.07075455886666,10.29440584531271,1.511917932189327,10.744041758207064
26,Intermediate,0.9581492079931055,Strength,30,Female,4,5,0.23856636661683364,20.0,109.74592996378966,15.0,High,58.91013299170989,4.771327332336673,1.3333332444444503,4.97972790960455
7,Beginner,1.157516589416337,Strength,23,Female,4,8,0.2,20.0,132.5123461125089,15.0,High,60.505663456942415,4.0,1.3333332444444503,3.4556710296013278
31,Advanced,0.905313829563895,Strength,34,Female,4,9,0.24579851893294782,20.0,123.64909681133815,15.0,High,57.63683050717104,4.915970378658956,1.3333332444444503,5.430122448151059
3,Beginner,1.0293767882646523,Strength,22,Male,4,6,0.2,20.0,113.28014867156938,15.0,High,44.57137615110719,4.0,1.3333332444444503,3.885842540612119
10,Intermediate,0.965530055413721,Endurance,23,Male,2,6,0.62212550888516,35.73742998158014,111.60900750988625,29.525760179301717,High,31.43116014733232,22.233166813538322,1.2103813264815322,23.026879030847557
35,Intermediate,0.8947243672464342,Strength,19,Male,2,8,0.3002517902019072,30.011001313931033,97.70290958591977,26.436495008284577,High,50.85869691393595,9.01085687025958,1.1352110092247585,10.071086838625108
44,Beginner,1.0076257789914758,Strength,31,Female,4,4,0.21284669497218434,20.0,115.55672301694133,15.0,High,46.84871993388346,4.256933899443687,1.3333332444444503,4.224712947490749
37,Beginner,0.9734386164236759,Hypertrophy,31,Male,2,9,0.3587732024167784,28.629658560079548,107.27751822790157,24.211176948012408,High,45.99513157454042,10.271554285698672,1.1824975480976079,10.551814526960984
3,Beginner,1.0293767882646523,Strength,22,Male,3,6,0.29353586421337435,25.77331625054845,107.28014867156938,18.91694038400199,High,47.91567196676898,7.565392659249345,1.362446271168598,7.349481157936437
26,Intermediate,0.9581492079931055,Strength,30,Female,4,6,0.22355210188276708,20.0,108.74592996378966,15.0,High,61.49613935085826,4.471042037655342,1.3333332444444503,4.666326845579011
17,Intermediate,1.073947968777169,Endurance,29,Female,3,9,0.40858588889030506,21.082360562237934,135.169240128948,17.11097336382918,High,44.74411067181823,8.613955030227897,1.2320958534543685,8.020823410292959
36,Advanced,1.110462061680402,Endurance,24,Female,4,4,0.2860040249804854,20.0,119.30555371460706,15.0,High,51.7062360453196,5.720080499609708,1.3333332444444503,5.151076786790034
38,Intermediate,0.9337588884799567,Strength,31,Male,2,8,0.488314698417773,37.314387494900245,98.50529364365697,28.971329411605417,High,44.485478557328015,18.22116387621613,1.2879763188214768,19.51375733849297
24,Intermediate,1.0168633682422321,Strength,27,Female,1,9,0.5350087463583685,32.08593799154277,96.72571598727212,29.43186321146351,High,44.26984904178784,17.166257460587644,1.0901768831566407,16.881560606024095
13,Beginner,1.0978969610765617,Endurance,20,Male,3,8,0.26216250523712165,20.0,118.14999772290562,19.93751313896167,High,51.33172822614473,5.243250104742433,1.0031340848514418,4.775717134587881
2,Intermediate,0.7590330519613642,Strength,31,Male,2,9,0.3449449562084304,24.686861798102523,107.43570817536282,27.20283808051183,High,46.29704303187196,8.515608461870048,0.9075104890720116,11.219007157670317
37,Beginner,0.9734386164236759,Hypertrophy,31,Male,4,9,0.2,20.0,124.27751822790157,15.0,High,41.011981865548364,4.0,1.3333332444444503,4.109140343697555
9,Beginner,0.8121409833380322,Strength,32,Female,4,8,0.2,20.0,129.18369275866755,15.0,High,56.42537713753589,4.0,1.3333332444444503,4.925247163752533
17,Intermediate,1.073947968777169,Endurance,29,Female,4,8,0.21028707915810316,20.0,139.169240128948,15.0,High,52.23885934168179,4.205741583162063,1.3333332444444503,3.916146581853744
17,Intermediate,1.073947968777169,Endurance,29,Female,2,9,0.4694242127643103,25.341664239967837,124.16924012894799,23.511198930155857,High,44.120035610779226,11.895990785984376,1.07785499316282,11.076867832490695
24,Intermediate,1.0168633682422321,Strength,27,Female,3,7,0.31779636850968024,20.0,103.72571598727212,16.475493480984444,High,56.60650654374736,6.355927370193605,1.2139241115393193,6.25051636058461
3,Beginner,1.0293767882646523,Strength,22,Male,4,4,0.20078607812972665,20.0,117.28014867156938,15.034736728009259,High,44.35352000626489,4.015721562594533,1.330252669638567,3.901115419795802
38,Intermediate,0.9337588884799567,Strength,31,Male,3,5,0.4346750646748351,31.51884673202892,95.50529364365697,23.646432464589523,High,44.83531440586398,13.700456741720885,1.3329218031644525,14.672355185467968
30,Advanced,1.2799937617940123,Strength,42,Male,0,9,0.7454638800681483,153.7106556740595,79.17749103702971,42.61445629783245,High,30.907084028594472,114.58574178660353,3.6070072323055933,89.52047711976783
28,Beginner,0.9584665966346795,Strength,24,Male,3,7,0.3523779196366153,20.0,113.88781974009713,19.555129550545207,High,50.1593300904732,7.047558392732306,1.022749500357715,7.352943821447192
14,Beginner,0.8551502794715188,Strength,43,Male,1,9,0.41536726990795003,30.223887493279143,101.0103113550766,33.55656130132218,High,31.29206298017997,12.554013634088394,0.9006848562699248,14.680459394093102
32,Advanced,0.7947734188111895,Strength,27,Male,3,8,0.2818111343464108,25.23355609355384,105.56666168173585,19.62017769682042,High,55.99540587194567,7.1110970663181945,1.2861022564306768,8.947314983986093
29,Beginner,0.9068899380096165,Hypertrophy,24,Male,4,8,0.2,20.0,122.32556653643316,15.0,High,51.792034990268974,4.0,1.3333332444444503,4.410673690023778
39,Intermediate,0.8988570935172121,Strength,18,Male,4,6,0.2,20.0,106.0594535110225,15.0,High,51.74957506245311,4.0,1.3333332444444503,4.450090652628033
38,Intermediate,0.9337588884799567,Strength,31,Male,3,6,0.39226340511733737,30.41977867740817,97.50529364365697,21.358709008041263,High,50.21778525627977,11.932565966915902,1.4242329553589865,12.77905178208138
6,Intermediate,0.8393118775460912,Strength,30,Female,2,7,0.5376349415946893,23.97168238573398,104.96955986618076,29.687177686841423,High,39.807449552977346,12.88801405938053,0.8074759356084994,15.355434670633635
5,Intermediate,0.7552748767923754,Strength,42,Male,3,9,0.26390880065633304,20.0,113.46691650205761,16.42741828569891,High,64.484307857374,5.278176013126661,1.2174766865183286,6.988408044412659
48,Advanced,0.9665210570610695,Hypertrophy,26,Male,4,2,0.4455748566452347,30.04128445713577,97.87939713429135,16.926924684034944,High,30.076920315880862,13.38564101542699,1.7747631801485346,13.849286643420307
20,Intermediate,1.2198364576547065,Hypertrophy,26,Female,4,9,0.20131401410344332,20.0,129.79882480975886,15.0,High,58.35905346724064,4.026280282068867,1.3333332444444503,3.300669492319006
38,Intermediate,0.9337588884799567,Strength,31,Male,4,6,0.21950715344790978,20.0,109.50529364365697,15.0,High,56.57978692833916,4.390143068958196,1.3333332444444503,4.701575986632704
29,Beginner,0.9068899380096165,Hypertrophy,24,Male,4,3,0.2749137528597251,20.0,109.32556653643316,16.00284257521723,High,33.73483710722265,5.498275057194501,1.2497778851611696,6.062774283820442
30,Advanced,1.2799937617940123,Strength,42,Male,3,4,0.5569882011209626,109.82044760332154,90.17749103702971,22.34230828129631,High,30.275949545607627,61.168693556872995,4.915357952512852,47.78823740742526
41,Advanced,0.7129989497915796,Endurance,22,Male,4,7,0.30384200684537477,20.0,129.5808804076501,15.0,High,56.11112065843915,6.076840136907496,1.3333332444444503,8.522918043239477
40,Intermediate,1.057182432191474,Endurance,35,Male,4,6,0.29211838590230355,20.0,138.0,15.0,High,58.869745711065356,5.842367718046071,1.3333332444444503,5.526351946260844
23,Intermediate,1.20864585370021,Strength,19,Male,1,9,0.524571539503295,66.34071801545467,86.40666640189394,34.04775456916718,High,42.18668261404231,34.800452581121036,1.9484608282236147,28.792903795332148
36,Advanced,1.110462061680402,Endurance,24,Female,3,6,0.6847607813165154,44.92529058264851,112.30555371460706,17.715740830885053,High,34.94638098394726,30.763077080245885,2.5358966624997437,27.702926951657297
2,Intermediate,0.7590330519613642,Strength,31,Male,4,8,0.2,20.0,127.43570817536282,15.0,High,51.21141638257476,4.0,1.3333332444444503,5.269855798516408
42,Advanced,0.9641477125393119,Hypertrophy,21,Female,2,7,0.5466694208250669,25.63150638003192,94.6929558149821,25.818238278102132,High,40.82145654650944,14.011960747646055,0.9927674038473804,14.532987043816371
7,Beginner,1.157516589416337,Strength,23,Female,4,3,0.29896811120698097,20.0,123.51234611250892,15.401107781572595,High,40.96226400174615,5.979362224139619,1.2986078004935575,5.16567720336296
26,Intermediate,0.9581492079931055,Strength,30,Female,1,7,0.7295371739591405,47.34865316833559,88.74592996378966,32.83396835379269,High,33.9418060750623,34.54260262319905,1.4420630249770972,36.05134386554097
42,Advanced,0.9641477125393119,Hypertrophy,21,Female,4,7,0.25964797264043066,20.0,107.6929558149821,15.0,High,58.81586477336723,5.192959452808613,1.3333332444444503,5.3860565131407325
49,Beginner,1.1383189852792346,Endurance,18,Female,3,8,0.3528765673072173,20.0,140.0541320891849,17.105762045522276,High,49.116911682779914,7.057531346144346,1.169196600395756,6.199953824418803
45,Beginner,1.18560546903454,Endurance,27,Female,3,5,0.4943515873978374,20.0,129.47666083122172,19.36101494593332,High,37.960750627922074,9.887031747956748,1.0330036427763438,8.339218793237466
14,Beginner,0.8551502794715188,Strength,43,Male,0,9,0.4127084553074781,29.05536470817161,87.0103113550766,41.261776093086915,High,34.00538760304595,11.991394687104918,0.7041714331067822,14.02254194663144
18,Beginner,0.8990066322300064,Hypertrophy,24,Male,1,9,0.6565700630426842,34.88839004119324,107.12693282271981,31.4146664560341,High,34.853613389993185,22.906672448804,1.110576455727909,25.479953259110314
15,Advanced,1.1536748423298229,Strength,27,Male,3,8,0.4074230339804811,38.54786599481746,95.30419132231759,18.524942172460793,High,52.363087843288056,15.705288517081543,2.08086284724062,13.613259410342737
35,Intermediate,0.8947243672464342,Strength,19,Male,2,9,0.21019768923067395,22.466034201717495,102.70290958591977,23.98801758323576,High,65.59757945979689,4.722308475378306,0.9365523093857399,5.2779418671356835
20,Intermediate,1.2198364576547065,Hypertrophy,26,Female,3,7,0.4303630548834372,32.324534022556556,121.79882480975886,18.00484782047287,High,38.59400138279096,13.911285209631039,1.795323823313702,11.40421219428469
2,Intermediate,0.7590330519613642,Strength,31,Male,3,5,0.32715929674939226,22.02295328410271,105.43570817536282,21.9639714027624,High,42.15669605477555,7.205013908771761,1.0026853467241148,9.49234608138306
22,Beginner,1.0206059258197335,Endurance,23,Female,3,7,0.31312619935089037,20.0,126.41615151804841,17.94578144561085,High,50.9963187087735,6.262523987017808,1.1144679849215249,6.136078277136773
48,Advanced,0.9665210570610695,Hypertrophy,26,Male,4,9,0.2607929028804743,20.0,118.87939713429135,15.0,High,59.074344844185966,5.215858057609486,1.3333332444444503,5.396522530969951
22,Beginner,1.0206059258197335,Endurance,23,Female,3,6,0.4016786901192669,20.0,120.41615151804841,18.60159545030792,High,37.138014791204945,8.033573802385337,1.0751765340909185,7.871369083580256
44,Beginner,1.0076257789914758,Strength,31,Female,3,7,0.44216992061480564,20.0,115.55672301694133,17.295428240833587,High,48.410618469457795,8.843398412296112,1.1563748850350049,8.776462274203736
14,Beginner,0.8551502794715188,Strength,43,Male,3,8,0.20239678068301034,20.0,112.0103113550766,17.903774589629958,High,51.60199774705797,4.047935613660207,1.117082813056716,4.733590080297629
32,Advanced,0.7947734188111895,Strength,27,Male,2,8,0.5649747575128061,51.36595276182652,100.56666168173585,27.044507292370316,High,33.02247832454799,29.020466706027193,1.899311764389433,36.51409257665279
49,Beginner,1.1383189852792346,Endurance,18,Female,4,9,0.20637027670380306,20.0,149.0541320891849,15.0,High,58.10708435183886,4.127405534076061,1.3333332444444503,3.6258746112268176
44,Beginner,1.0076257789914758,Strength,31,Female,4,6,0.2031021772454627,20.0,116.55672301694133,15.0,High,49.28208443066319,4.062043544909254,1.3333332444444503,4.031297728088286
20,Intermediate,1.2198364576547065,Hypertrophy,26,Female,2,9,0.36161943874675023,26.661367196610396,112.79882480975886,23.71952146001517,High,52.96393644895847,9.641268641859268,1.1240263054011477,7.903732240191935
43,Intermediate,0.9951094359398727,Hypertrophy,21,Male,3,8,0.20116205952619914,20.0,112.90419751209178,17.57408768323218,High,72.79177281021589,4.023241190523983,1.138039096108718,4.043009745671161
35,Intermediate,0.8947243672464342,Strength,19,Male,1,9,0.520486495187047,60.005033091725345,92.70290958591977,34.97349813388046,High,34.379267631863286,31.2318093674949,1.715728611026961,34.90658755279565
30,Advanced,1.2799937617940123,Strength,42,Male,4,7,0.32670244747699767,60.808968449236055,104.17749103702971,15.0,High,46.75716359591047,19.86643882091695,4.053930959687007,15.520718845030734
19,Intermediate,0.8216554870697557,Endurance,29,Male,3,6,0.4303045647033713,20.0,119.04559104152717,20.216206707030196,High,49.390708186366304,8.606091294067426,0.9893052292416341,10.474074542707042
48,Advanced,0.9665210570610695,Hypertrophy,26,Male,3,8,0.350303808404513,23.166808157540988,107.87939713429135,18.13567746390093,High,59.384996365127385,8.115421126163346,1.277416127753617,8.396519320873166
39,Intermediate,0.8988570935172121,Strength,18,Male,2,9,0.37414597800476707,35.339199453435455,102.0594535110225,26.161662132113396,High,48.60428150205085,13.222019341411139,1.3508009515670527,14.709796170020192
14,Beginner,0.8551502794715188,Strength,43,Male,2,7,0.3782915048580979,27.315880743596622,99.0103113550766,27.592309512692268,High,30.9545985339736,10.333365633019506,0.98998163749395,12.083669733155867
15,Advanced,1.1536748423298229,Strength,27,Male,4,6,0.257075255973426,21.71942350655583,99.30419132231759,15.0,High,52.98116293952909,5.583526357543086,1.4479614705729575,4.8397705427091875
14,Beginner,0.8551502794715188,Strength,43,Male,3,5,0.27862404076914066,20.733215396240986,102.0103113550766,23.171689162285823,High,33.37420235953076,5.776772251837623,0.8947649157671851,6.755263531158666
9,Beginner,0.8121409833380322,Strength,32,Female,4,7,0.2,20.0,129.18369275866755,15.0,High,56.42537713753589,4.0,1.3333332444444503,4.925247163752533
28,Beginner,0.9584665966346795,Strength,24,Male,3,4,0.42405909322338303,20.0,106.88781974009713,24.32743889623352,High,40.020676354308875,8.481181864467661,0.8221169216863007,8.84868919329807
43,Intermediate,0.9951094359398727,Hypertrophy,21,Male,3,5,0.3969324596454163,28.606265868916452,107.90419751209178,21.949180186173606,High,46.31279592946431,11.354755472619729,1.3032953542219754,11.41054807841028
24,Intermediate,1.0168633682422321,Strength,27,Female,3,6,0.4689354545670422,28.501569766635427,107.72571598727212,17.174568083866784,High,35.9692255937784,13.365396574391452,1.6595216815896037,13.143735774216466
18,Beginner,0.8990066322300064,Hypertrophy,24,Male,3,9,0.2832930097366236,20.0,120.12693282271981,16.37965857412152,High,56.13327065974223,5.665860194732471,1.2210265976222308,6.302349381259636
22,Beginner,1.0206059258197335,Endurance,23,Female,3,5,0.4455109841996071,20.0,121.41615151804841,18.993072639054855,High,30.27834040487449,8.910219683992143,1.0530154507943692,8.730314735847605
6,Intermediate,0.8393118775460912,Strength,30,Female,3,8,0.21718256219100857,20.0,110.96955986618076,17.02614470250828,High,68.07257256930355,4.3436512438201715,1.1746639755968735,5.17524675246227
21,Intermediate,0.7976572398541362,Endurance,27,Male,4,6,0.2,20.0,124.05925809477094,15.0,High,48.688003466905734,4.0,1.3333332444444503,5.014678969192947
0,Intermediate,0.833217982292962,Strength,32,Male,4,7,0.20645719247055153,20.0,110.09560932988242,15.0,High,60.675313273185324,4.12914384941103,1.3333332444444503,4.955652640135379
16,Beginner,1.0207447175199866,Strength,25,Male,1,9,0.5560762174688593,27.237616434865476,96.15987783353704,32.75614861989397,High,37.25834400333481,15.14619071996763,0.8315268049185827,14.83835832960138
2,Intermediate,0.7590330519613642,Strength,31,Male,3,7,0.3068947909003474,21.89628855846456,114.43570817536282,19.014876936934137,High,45.73955609504509,6.719856898643649,1.1515345315961047,8.853169210629432
25,Intermediate,0.7294894398659109,Endurance,38,Male,4,8,0.24199257701297427,20.0,125.06375317010524,15.0,High,52.95703110730846,4.8398515402594855,1.3333332444444503,6.634564725960094
33,Intermediate,1.1584151877504985,Hypertrophy,36,Female,3,6,0.4733615677525901,40.42409518815979,122.07936245061157,18.283070657483517,High,37.09216553016675,19.13521307324725,2.211012238286209,16.518426862115486
45,Beginner,1.18560546903454,Endurance,27,Female,4,2,0.3758970830889679,20.0,127.47666083122172,15.351803538952613,High,39.638174037080745,7.517941661779358,1.30277844205568,6.341009313066038
4,Intermediate,0.8685521998038728,Strength,30,Male,2,8,0.3679931566741316,29.97555466556997,101.97705142498316,25.633325096563265,High,41.336008023042794,11.030798984441088,1.169397781335481,12.700199581248382
22,Beginner,1.0206059258197335,Endurance,23,Female,4,7,0.2,20.0,135.41615151804842,15.0,High,58.31452573956941,4.0,1.3333332444444503,3.919236582474953
32,Advanced,0.7947734188111895,Strength,27,Male,2,9,0.5398126557719604,51.70571212541167,98.56666168173585,25.848235369863254,High,36.005434982942106,27.91139778099893,2.0003574474309564,35.11864136587126
36,Advanced,1.110462061680402,Endurance,24,Female,3,9,0.5006522312229731,32.32156513962808,118.30555371460706,15.0,High,52.43705481073451,16.181863703773463,2.1547708656571474,14.572176474998052
35,Intermediate,0.8947243672464342,Strength,19,Male,2,7,0.34501056094688093,36.09788297840803,97.70290958591977,28.242724473042692,High,43.533164175365656,12.454150855375419,1.2781302928027602,13.919523589348698
33,Intermediate,1.1584151877504985,Hypertrophy,36,Female,2,8,0.5373795653484889,45.60012227692966,118.07936245061157,24.398629744426913,High,32.93199738040786,24.504573889014406,1.8689623509854358,21.15351472824225
0,Intermediate,0.833217982292962,Strength,32,Male,4,6,0.21310482980087808,20.0,109.09560932988242,15.0,High,59.40911250604151,4.262096596017562,1.3333332444444503,5.1152178317980255
14,Beginner,0.8551502794715188,Strength,43,Male,3,9,0.2,20.0,117.0103113550766,15.421334360481763,High,52.17512641296209,4.0,1.2969045502538892,4.677534953197976
11,Beginner,0.8656665859680498,Hypertrophy,37,Female,2,7,0.5168814903957893,20.193039816353178,118.96248279515736,24.153511246028344,High,33.83616038417421,10.437408515898147,0.8360291294560523,12.057062878502386
6,Intermediate,0.8393118775460912,Strength,30,Female,1,9,0.5616927908390323,24.701464862240442,95.96955986618076,29.615317962393704,High,45.444505760314726,13.874634736284127,0.8340772859345867,16.530944666129226
38,Intermediate,0.9337588884799567,Strength,31,Male,1,9,0.6612134827296279,53.32496453414298,92.50529364365697,36.737191050753204,High,33.7304465265464,35.259185516054565,1.4515253223619655,37.76044136298473
41,Advanced,0.7129989497915796,Endurance,22,Male,3,9,0.6604955079363672,32.29877668205329,122.58088040765011,16.19471542228314,High,42.61006996625292,21.33319691033608,1.9944021148534437,29.92033437950744
25,Intermediate,0.7294894398659109,Endurance,38,Male,3,6,0.4486741492348914,20.0,119.06375317010524,22.26512608505166,High,43.58695131279634,8.973482984697828,0.8982657014981774,12.301028902239297
27,Intermediate,0.849802801870305,Hypertrophy,22,Male,3,5,0.4060231073041637,21.080062076820433,100.46905469457332,20.862890619381552,High,42.53844568904146,8.558992306595295,1.0104094131053785,10.071727483165047
2,Intermediate,0.7590330519613642,Strength,31,Male,2,6,0.4033923020978654,28.47670355361127,101.43570817536282,29.20956646759882,High,37.19763385162864,11.487283002649715,0.9749101415212501,15.134081235178146
13,Beginner,1.0978969610765617,Endurance,20,Male,2,9,0.4025625682631878,29.891073366311307,111.14999772290562,24.154813560093285,High,38.5178581089758,12.033027262485652,1.237478900612014,10.960059758819911
22,Beginner,1.0206059258197335,Endurance,23,Female,4,2,0.3270848516763428,20.0,117.41615151804841,15.0,High,31.82656417234528,6.541697033526857,1.3333332444444503,6.409614581316585
9,Beginner,0.8121409833380322,Strength,32,Female,2,6,0.46819622823084095,20.0,110.18369275866755,26.628424113592022,High,30.380463831764963,9.36392456461682,0.7510770882875587,11.529910725867916
10,Intermediate,0.965530055413721,Endurance,23,Male,2,5,0.6316023486825777,39.90909376018478,110.60900750988625,28.90795828581614,High,30.38665079817707,25.206677352725915,1.3805572840891058,26.106542313053918
49,Beginner,1.1383189852792346,Endurance,18,Female,2,8,0.5107138068420384,21.568967865820092,129.0541320891849,26.010696420048255,High,46.924497128672655,11.015569688406575,0.8292345075374791,9.677041456585172
36,Advanced,1.110462061680402,Endurance,24,Female,1,9,0.8238401231129637,52.4340745876427,105.30555371460706,30.183617131565427,High,36.56705703239552,43.197294463597885,1.7371699562024403,38.90025337558714
29,Beginner,0.9068899380096165,Hypertrophy,24,Male,4,7,0.2,20.0,116.32556653643316,15.0,High,51.792034990268974,4.0,1.3333332444444503,4.410673690023778
6,Intermediate,0.8393118775460912,Strength,30,Female,4,7,0.21992949004204101,20.0,121.96955986618076,15.0,High,59.883443699722605,4.398589800840821,1.3333332444444503,5.2407033402144725
17,Intermediate,1.073947968777169,Endurance,29,Female,4,6,0.21096806500015117,20.0,133.169240128948,15.0,High,52.084191443308804,4.2193613000030235,1.3333332444444503,3.9288284850325033
9,Beginner,0.8121409833380322,Strength,32,Female,4,5,0.27752016081559344,20.0,122.18369275866755,15.0,High,39.53581827865063,5.550403216311869,1.3333332444444503,6.834276924705742
36,Advanced,1.110462061680402,Endurance,24,Female,4,8,0.27324140292702365,20.0,126.30555371460706,15.0,High,53.86129332793909,5.464828058540473,1.3333332444444503,4.9212155245135785
23,Intermediate,1.20864585370021,Strength,19,Male,2,9,0.4641330274723769,58.141726773001245,98.40666640189394,27.781954559308296,High,37.573884335794425,26.985495669624818,2.0927874083191007,22.3270309164419
38,Intermediate,0.9337588884799567,Strength,31,Male,4,4,0.2772113705621502,20.0,102.50529364365697,15.0,High,45.165446380078755,5.5442274112430034,1.3333332444444503,5.9375300648952765
28,Beginner,0.9584665966346795,Strength,24,Male,2,3,0.5329736050275286,20.402163980791276,95.88781974009713,32.90826081154684,High,32.08049704754966,10.87381488720512,0.6199708783656441,11.345000003531347
0,Intermediate,0.833217982292962,Strength,32,Male,2,8,0.5431077233559143,39.20969340396909,100.09560932988242,26.928101170185265,High,40.36713204228277,21.29508731811306,1.456088258881533,25.557611829138157
10,Intermediate,0.965530055413721,Endurance,23,Male,1,8,0.7408565609615404,49.03808137203708,109.60900750988625,35.90910390177403,High,33.033059180841384,36.33018432143957,1.3656169237906688,37.62715255789719
40,Intermediate,1.057182432191474,Endurance,35,Male,2,7,0.8335747825974846,37.73590075765493,119.0,28.0087176064337,High,30.751842373389493,31.455695270182467,1.3472912234187988,29.75424539616253
37,Beginner,0.9734386164236759,Hypertrophy,31,Male,1,7,0.43681817470794576,35.72089492795524,92.27751822790157,36.06225897783714,High,42.02411440057078,15.603536121363726,0.9905340084040299,16.02927994515944
